{
"type": "FeatureCollection",
"name": "local_authority_boundaries",
"crs": { "type": "name", "properties": { "name": "urn:ogc:def:crs:OGC:1.3:CRS84" } },
"features": [
{ "type": "Feature", "properties": { "local_authority": "Carlow" }, "geometry": { "type": "Polygon", "coordinates": [ [ [ -6.709885, 52.91709 ], [ -6.692743, 52.909216 ], [ -6.693236, 52.905455 ], [ -6.685262, 52.903932 ], [ -6.676873, 52.905285 ], [ -6.672206, 52.910191 ], [ -6.656367, 52.907259 ], [ -6.646001, 52.896214 ], [ -6.642886, 52.901923 ], [ -6.635724, 52.903599 ], [ -6.610306, 52.897414 ], [ -6.607758, 52.900576 ], [ -6.59154, 52.897498 ], [ -6.587909, 52.894877 ], [ -6.586823, 52.879601 ], [ -6.564943, 52.881002 ], [ -6.549157, 52.874745 ], [ -6.543131, 52.877288 ], [ -6.543103, 52.882417 ], [ -6.537708, 52.889678 ], [ -6.526677, 52.889879 ], [ -6.504994, 52.877592 ], [ -6.509102, 52.867154 ], [ -6.529041, 52.864925 ], [ -6.52381, 52.859997 ], [ -6.525433, 52.849742 ], [ -6.522678, 52.837378 ], [ -6.52864, 52.831593 ], [ -6.528589, 52.826551 ], [ -6.51857, 52.819503 ], [ -6.548383, 52.820599 ], [ -6.564967, 52.814968 ], [ -6.560475, 52.811349 ], [ -6.572302, 52.801938 ], [ -6.584015, 52.80668 ], [ -6.587309, 52.803474 ], [ -6.595021, 52.804826 ], [ -6.606614, 52.81001 ], [ -6.614525, 52.807367 ], [ -6.627433, 52.81813 ], [ -6.624838, 52.822665 ], [ -6.638462, 52.82964 ], [ -6.646434, 52.828307 ], [ -6.654111, 52.834446 ], [ -6.664675, 52.836252 ], [ -6.663871, 52.831771 ], [ -6.672373, 52.832077 ], [ -6.673894, 52.828453 ], [ -6.667949, 52.821394 ], [ -6.672882, 52.816113 ], [ -6.685415, 52.815186 ], [ -6.700416, 52.80771 ], [ -6.702456, 52.803669 ], [ -6.697243, 52.802704 ], [ -6.696364, 52.796211 ], [ -6.704831, 52.794594 ], [ -6.702218, 52.787178 ], [ -6.712273, 52.778395 ], [ -6.70082, 52.777039 ], [ -6.69735, 52.772749 ], [ -6.677373, 52.779533 ], [ -6.667677, 52.770506 ], [ -6.65661, 52.768871 ], [ -6.645765, 52.751759 ], [ -6.654303, 52.746148 ], [ -6.634307, 52.732562 ], [ -6.618695, 52.713292 ], [ -6.62008, 52.708596 ], [ -6.633104, 52.704629 ], [ -6.633644, 52.69852 ], [ -6.640742, 52.696739 ], [ -6.646055, 52.68841 ], [ -6.664243, 52.68645 ], [ -6.675034, 52.677885 ], [ -6.679726, 52.668477 ], [ -6.670774, 52.663797 ], [ -6.656871, 52.667093 ], [ -6.652692, 52.663691 ], [ -6.654439, 52.658621 ], [ -6.650778, 52.656221 ], [ -6.664116, 52.652789 ], [ -6.665086, 52.646596 ], [ -6.679329, 52.636683 ], [ -6.691458, 52.635912 ], [ -6.729879, 52.642775 ], [ -6.75135, 52.637171 ], [ -6.770872, 52.625778 ], [ -6.780324, 52.618145 ], [ -6.775669, 52.616134 ], [ -6.782514, 52.597457 ], [ -6.778415, 52.578288 ], [ -6.7901, 52.562514 ], [ -6.800998, 52.565516 ], [ -6.806334, 52.561434 ], [ -6.806821, 52.547772 ], [ -6.836799, 52.530301 ], [ -6.832832, 52.516709 ], [ -6.853816, 52.497946 ], [ -6.865452, 52.476085 ], [ -6.883655, 52.466224 ], [ -6.903134, 52.4671 ], [ -6.917164, 52.463602 ], [ -6.932558, 52.465945 ], [ -6.933891, 52.468961 ], [ -6.923087, 52.470078 ], [ -6.918727, 52.476044 ], [ -6.92775, 52.480417 ], [ -6.925439, 52.486024 ], [ -6.933722, 52.48922 ], [ -6.939958, 52.498613 ], [ -6.933124, 52.516456 ], [ -6.934765, 52.527424 ], [ -6.952557, 52.529846 ], [ -6.959483, 52.535742 ], [ -6.945962, 52.541169 ], [ -6.945571, 52.546238 ], [ -6.935603, 52.548723 ], [ -6.931114, 52.55416 ], [ -6.914942, 52.561502 ], [ -6.922368, 52.569632 ], [ -6.919003, 52.57657 ], [ -6.927376, 52.58824 ], [ -6.938948, 52.590715 ], [ -6.950578, 52.600292 ], [ -6.970079, 52.604013 ], [ -6.972966, 52.611131 ], [ -6.983959, 52.617018 ], [ -6.984701, 52.621077 ], [ -6.980433, 52.626358 ], [ -6.988244, 52.629097 ], [ -6.991536, 52.63406 ], [ -6.985393, 52.642719 ], [ -6.987835, 52.660221 ], [ -6.979925, 52.66896 ], [ -6.993047, 52.673655 ], [ -6.991919, 52.676025 ], [ -6.997695, 52.679131 ], [ -6.995698, 52.681084 ], [ -7.005642, 52.684842 ], [ -6.999756, 52.688575 ], [ -7.006519, 52.691167 ], [ -7.003968, 52.693304 ], [ -7.016005, 52.703085 ], [ -7.036296, 52.709961 ], [ -7.042351, 52.715436 ], [ -7.04869, 52.711238 ], [ -7.052522, 52.702962 ], [ -7.056689, 52.710403 ], [ -7.065778, 52.708213 ], [ -7.080171, 52.726527 ], [ -7.107935, 52.725542 ], [ -7.104822, 52.731427 ], [ -7.090038, 52.733975 ], [ -7.092, 52.737749 ], [ -7.098998, 52.739428 ], [ -7.102337, 52.746434 ], [ -7.083305, 52.757076 ], [ -7.0818, 52.770131 ], [ -7.090679, 52.776163 ], [ -7.067628, 52.785178 ], [ -7.061571, 52.792987 ], [ -7.041663, 52.798104 ], [ -7.03994, 52.808115 ], [ -6.96537, 52.809451 ], [ -6.951907, 52.814819 ], [ -6.93756, 52.82874 ], [ -6.946084, 52.839589 ], [ -6.932797, 52.843541 ], [ -6.936758, 52.860923 ], [ -6.934092, 52.866355 ], [ -6.939859, 52.877103 ], [ -6.930916, 52.884665 ], [ -6.92178, 52.885887 ], [ -6.921096, 52.877037 ], [ -6.912692, 52.874752 ], [ -6.903546, 52.866089 ], [ -6.879693, 52.857579 ], [ -6.868533, 52.861719 ], [ -6.877108, 52.876167 ], [ -6.871098, 52.876155 ], [ -6.855812, 52.861062 ], [ -6.848243, 52.860071 ], [ -6.845703, 52.863995 ], [ -6.833845, 52.863459 ], [ -6.825235, 52.869019 ], [ -6.828076, 52.870259 ], [ -6.826224, 52.872235 ], [ -6.818266, 52.870481 ], [ -6.811399, 52.87288 ], [ -6.788451, 52.865928 ], [ -6.786504, 52.871802 ], [ -6.767785, 52.879454 ], [ -6.765474, 52.889407 ], [ -6.749748, 52.889648 ], [ -6.745258, 52.898581 ], [ -6.748835, 52.90714 ], [ -6.745834, 52.912566 ], [ -6.739446, 52.912134 ], [ -6.737237, 52.915776 ], [ -6.721097, 52.914224 ], [ -6.709885, 52.91709 ] ] ] } },
{ "type": "Feature", "properties": { "local_authority": "Cavan" }, "geometry": { "type": "Polygon", "coordinates": [ [ [ -7.946577, 54.30429 ], [ -7.918827, 54.303149 ], [ -7.911715, 54.295926 ], [ -7.905979, 54.296613 ], [ -7.901659, 54.301427 ], [ -7.888257, 54.300518 ], [ -7.881022, 54.29194 ], [ -7.874217, 54.294668 ], [ -7.861956, 54.293514 ], [ -7.864593, 54.288835 ], [ -7.870691, 54.288258 ], [ -7.873221, 54.279643 ], [ -7.870806, 54.277635 ], [ -7.872695, 54.266171 ], [ -7.860523, 54.260425 ], [ -7.860002, 54.229627 ], [ -7.855362, 54.222811 ], [ -7.861758, 54.218725 ], [ -7.85989, 54.217408 ], [ -7.811479, 54.200882 ], [ -7.80365, 54.207025 ], [ -7.772385, 54.207172 ], [ -7.768162, 54.209478 ], [ -7.768619, 54.207435 ], [ -7.748463, 54.209457 ], [ -7.744561, 54.204347 ], [ -7.739388, 54.203549 ], [ -7.710445, 54.203158 ], [ -7.702038, 54.207788 ], [ -7.692182, 54.203878 ], [ -7.68539, 54.207784 ], [ -7.688496, 54.199171 ], [ -7.683719, 54.196878 ], [ -7.68529, 54.193462 ], [ -7.679502, 54.192548 ], [ -7.676567, 54.181998 ], [ -7.671965, 54.181507 ], [ -7.664417, 54.187983 ], [ -7.656408, 54.185787 ], [ -7.645538, 54.175934 ], [ -7.628063, 54.168784 ], [ -7.625299, 54.165437 ], [ -7.625342, 54.153257 ], [ -7.612016, 54.147579 ], [ -7.610387, 54.143796 ], [ -7.592047, 54.139888 ], [ -7.574598, 54.14154 ], [ -7.575049, 54.133693 ], [ -7.569243, 54.132908 ], [ -7.565739, 54.126563 ], [ -7.558547, 54.127848 ], [ -7.547365, 54.122137 ], [ -7.544633, 54.126442 ], [ -7.546715, 54.12921 ], [ -7.537632, 54.127218 ], [ -7.537289, 54.130864 ], [ -7.528372, 54.135739 ], [ -7.519691, 54.129743 ], [ -7.509121, 54.129873 ], [ -7.492147, 54.12317 ], [ -7.479095, 54.122295 ], [ -7.471812, 54.126718 ], [ -7.471714, 54.133286 ], [ -7.466998, 54.134501 ], [ -7.468565, 54.140812 ], [ -7.453773, 54.144752 ], [ -7.442372, 54.153927 ], [ -7.431333, 54.152075 ], [ -7.409146, 54.156208 ], [ -7.412254, 54.148361 ], [ -7.424625, 54.139981 ], [ -7.419821, 54.136665 ], [ -7.403061, 54.140893 ], [ -7.391343, 54.136736 ], [ -7.383665, 54.141312 ], [ -7.372943, 54.139739 ], [ -7.392663, 54.12681 ], [ -7.391886, 54.120201 ], [ -7.368628, 54.131136 ], [ -7.363379, 54.131434 ], [ -7.346334, 54.122486 ], [ -7.347344, 54.117394 ], [ -7.343647, 54.115956 ], [ -7.33602, 54.116739 ], [ -7.327053, 54.124574 ], [ -7.319945, 54.114213 ], [ -7.321073, 54.108685 ], [ -7.317423, 54.106663 ], [ -7.307421, 54.109249 ], [ -7.301017, 54.106138 ], [ -7.287948, 54.106795 ], [ -7.263231, 54.09324 ], [ -7.258256, 54.096291 ], [ -7.245899, 54.092718 ], [ -7.238037, 54.094793 ], [ -7.247005, 54.102186 ], [ -7.232375, 54.096542 ], [ -7.223375, 54.102397 ], [ -7.20556, 54.093349 ], [ -7.201891, 54.092408 ], [ -7.195931, 54.096407 ], [ -7.180707, 54.0865 ], [ -7.166593, 54.089279 ], [ -7.162982, 54.087465 ], [ -7.163785, 54.083765 ], [ -7.149964, 54.082119 ], [ -7.13407, 54.088573 ], [ -7.132552, 54.092435 ], [ -7.118164, 54.095605 ], [ -7.101279, 54.093894 ], [ -7.091443, 54.087383 ], [ -7.092844, 54.082684 ], [ -7.087044, 54.081796 ], [ -7.078281, 54.088854 ], [ -7.053375, 54.093812 ], [ -7.04881, 54.100597 ], [ -7.031755, 54.096741 ], [ -7.017693, 54.09859 ], [ -7.014153, 54.092737 ], [ -7.029262, 54.087862 ], [ -7.028809, 54.082975 ], [ -7.023627, 54.078124 ], [ -7.012355, 54.077723 ], [ -7.002268, 54.064799 ], [ -6.986526, 54.061952 ], [ -6.98237, 54.051922 ], [ -6.967547, 54.04577 ], [ -6.966319, 54.040174 ], [ -6.95612, 54.043292 ], [ -6.94901, 54.036409 ], [ -6.939673, 54.033392 ], [ -6.938949, 54.027564 ], [ -6.933963, 54.024754 ], [ -6.934893, 54.018959 ], [ -6.925093, 54.011919 ], [ -6.914838, 54.016233 ], [ -6.901253, 54.008739 ], [ -6.896349, 54.012471 ], [ -6.888992, 54.011646 ], [ -6.890702, 54.003213 ], [ -6.875577, 53.99777 ], [ -6.881405, 53.99494 ], [ -6.880247, 53.992714 ], [ -6.864109, 53.987938 ], [ -6.867032, 53.983545 ], [ -6.852551, 53.965898 ], [ -6.854365, 53.963631 ], [ -6.844269, 53.959659 ], [ -6.838816, 53.952728 ], [ -6.839188, 53.947345 ], [ -6.833052, 53.945266 ], [ -6.836083, 53.942017 ], [ -6.829171, 53.936487 ], [ -6.83317, 53.934701 ], [ -6.830267, 53.932053 ], [ -6.81139, 53.931669 ], [ -6.807246, 53.928045 ], [ -6.793545, 53.926534 ], [ -6.777326, 53.927856 ], [ -6.764221, 53.920229 ], [ -6.762567, 53.913838 ], [ -6.76921, 53.910681 ], [ -6.779274, 53.916317 ], [ -6.789821, 53.900176 ], [ -6.783448, 53.897646 ], [ -6.787506, 53.893274 ], [ -6.785344, 53.889935 ], [ -6.793711, 53.886715 ], [ -6.799191, 53.886971 ], [ -6.796556, 53.889147 ], [ -6.800369, 53.890687 ], [ -6.81531, 53.891107 ], [ -6.809191, 53.896101 ], [ -6.823562, 53.897382 ], [ -6.825534, 53.893937 ], [ -6.835443, 53.895218 ], [ -6.846241, 53.888708 ], [ -6.840079, 53.88245 ], [ -6.845081, 53.878732 ], [ -6.88135, 53.875221 ], [ -6.880633, 53.878249 ], [ -6.884853, 53.88069 ], [ -6.896265, 53.880877 ], [ -6.924103, 53.892875 ], [ -6.935719, 53.891348 ], [ -6.932574, 53.881049 ], [ -6.92424, 53.875295 ], [ -6.930552, 53.87217 ], [ -6.95649, 53.863679 ], [ -6.972513, 53.872364 ], [ -6.97355, 53.867875 ], [ -6.966107, 53.861012 ], [ -6.972425, 53.857057 ], [ -6.964481, 53.849168 ], [ -6.965982, 53.846968 ], [ -6.962729, 53.843624 ], [ -6.955235, 53.845215 ], [ -6.953193, 53.835757 ], [ -6.917558, 53.817102 ], [ -6.918393, 53.813265 ], [ -6.91281, 53.808941 ], [ -6.921316, 53.801098 ], [ -6.931291, 53.803748 ], [ -6.940097, 53.79847 ], [ -6.941927, 53.789335 ], [ -6.929656, 53.785767 ], [ -6.933331, 53.78271 ], [ -6.951421, 53.781629 ], [ -6.963163, 53.791079 ], [ -6.972904, 53.785111 ], [ -6.971179, 53.777695 ], [ -6.981464, 53.772658 ], [ -6.990721, 53.775457 ], [ -6.995432, 53.781123 ], [ -7.002189, 53.765575 ], [ -7.020917, 53.769078 ], [ -7.038239, 53.776776 ], [ -7.050118, 53.771732 ], [ -7.104978, 53.776566 ], [ -7.105457, 53.786272 ], [ -7.110716, 53.791463 ], [ -7.123354, 53.793763 ], [ -7.1278, 53.790523 ], [ -7.153955, 53.806278 ], [ -7.152085, 53.801178 ], [ -7.157299, 53.797781 ], [ -7.156715, 53.794106 ], [ -7.176175, 53.795217 ], [ -7.174936, 53.791003 ], [ -7.184945, 53.788798 ], [ -7.193887, 53.794746 ], [ -7.21276, 53.785494 ], [ -7.210347, 53.780641 ], [ -7.21955, 53.774244 ], [ -7.214429, 53.773455 ], [ -7.214155, 53.770869 ], [ -7.229016, 53.771556 ], [ -7.240719, 53.778135 ], [ -7.256832, 53.77412 ], [ -7.262504, 53.779029 ], [ -7.278314, 53.781764 ], [ -7.279819, 53.792565 ], [ -7.283999, 53.797123 ], [ -7.307954, 53.81277 ], [ -7.378302, 53.784427 ], [ -7.38279, 53.785296 ], [ -7.397834, 53.778816 ], [ -7.409969, 53.77905 ], [ -7.411261, 53.789824 ], [ -7.44928, 53.801081 ], [ -7.462149, 53.801299 ], [ -7.469715, 53.810718 ], [ -7.475502, 53.812228 ], [ -7.467027, 53.818169 ], [ -7.46583, 53.823379 ], [ -7.471469, 53.838498 ], [ -7.47641, 53.843164 ], [ -7.473448, 53.84796 ], [ -7.476752, 53.853625 ], [ -7.487493, 53.852277 ], [ -7.494457, 53.860349 ], [ -7.500638, 53.857229 ], [ -7.505167, 53.860257 ], [ -7.514648, 53.860111 ], [ -7.515011, 53.857193 ], [ -7.527961, 53.863665 ], [ -7.541308, 53.857626 ], [ -7.543235, 53.853491 ], [ -7.570822, 53.854518 ], [ -7.578171, 53.850004 ], [ -7.583507, 53.851122 ], [ -7.585067, 53.856912 ], [ -7.576397, 53.864974 ], [ -7.572066, 53.880065 ], [ -7.556012, 53.878599 ], [ -7.556835, 53.887959 ], [ -7.549856, 53.89292 ], [ -7.561347, 53.905721 ], [ -7.574919, 53.907492 ], [ -7.576638, 53.901741 ], [ -7.580197, 53.903139 ], [ -7.58547, 53.908685 ], [ -7.583099, 53.914255 ], [ -7.593538, 53.9212 ], [ -7.595766, 53.92832 ], [ -7.603129, 53.931221 ], [ -7.606236, 53.937408 ], [ -7.61343, 53.940384 ], [ -7.604774, 53.949931 ], [ -7.586379, 53.959083 ], [ -7.586079, 53.96232 ], [ -7.593725, 53.968671 ], [ -7.585507, 53.972647 ], [ -7.585055, 53.980889 ], [ -7.60044, 53.987691 ], [ -7.594, 53.995125 ], [ -7.593114, 54.00293 ], [ -7.601841, 54.012206 ], [ -7.593009, 54.016519 ], [ -7.601033, 54.023292 ], [ -7.611315, 54.026697 ], [ -7.61408, 54.025296 ], [ -7.611743, 54.019382 ], [ -7.618986, 54.018507 ], [ -7.640435, 54.022507 ], [ -7.642654, 54.027617 ], [ -7.646782, 54.027923 ], [ -7.646389, 54.03319 ], [ -7.635206, 54.039358 ], [ -7.637953, 54.042911 ], [ -7.643991, 54.04474 ], [ -7.649086, 54.040232 ], [ -7.654914, 54.042771 ], [ -7.657654, 54.056385 ], [ -7.66623, 54.058912 ], [ -7.672539, 54.055786 ], [ -7.676132, 54.059645 ], [ -7.684933, 54.06022 ], [ -7.687472, 54.068093 ], [ -7.698567, 54.072308 ], [ -7.708725, 54.084147 ], [ -7.736592, 54.082927 ], [ -7.737081, 54.093528 ], [ -7.750511, 54.095081 ], [ -7.751032, 54.102124 ], [ -7.757136, 54.10235 ], [ -7.75646, 54.10633 ], [ -7.762597, 54.109527 ], [ -7.785776, 54.107613 ], [ -7.794996, 54.116413 ], [ -7.7991, 54.116567 ], [ -7.816263, 54.105713 ], [ -7.811621, 54.101672 ], [ -7.813566, 54.100272 ], [ -7.822281, 54.09646 ], [ -7.831368, 54.098589 ], [ -7.82967, 54.100751 ], [ -7.858886, 54.11329 ], [ -7.851941, 54.119044 ], [ -7.875252, 54.123697 ], [ -7.882105, 54.127806 ], [ -7.881634, 54.131848 ], [ -7.893579, 54.135496 ], [ -7.888379, 54.141795 ], [ -7.901076, 54.147944 ], [ -7.90513, 54.153882 ], [ -7.912313, 54.154582 ], [ -7.916598, 54.161221 ], [ -7.923402, 54.16203 ], [ -7.92641, 54.166814 ], [ -7.94388, 54.170815 ], [ -7.952979, 54.1789 ], [ -7.985736, 54.179172 ], [ -7.999898, 54.185553 ], [ -8.005303, 54.192279 ], [ -8.023806, 54.186356 ], [ -8.029366, 54.190354 ], [ -8.030111, 54.187397 ], [ -8.042268, 54.183112 ], [ -8.047997, 54.187112 ], [ -8.045191, 54.193678 ], [ -8.050705, 54.197575 ], [ -8.045419, 54.203242 ], [ -8.035442, 54.206377 ], [ -8.032568, 54.212839 ], [ -8.039052, 54.22226 ], [ -8.043852, 54.222137 ], [ -8.049107, 54.230952 ], [ -8.058233, 54.236214 ], [ -8.054012, 54.242367 ], [ -8.041175, 54.254005 ], [ -8.003772, 54.249339 ], [ -7.974032, 54.273974 ], [ -7.97247, 54.284414 ], [ -7.946577, 54.30429 ] ] ] } },
{ "type": "Feature", "properties": { "local_authority": "Clare" }, "geometry": { "type": "MultiPolygon", "coordinates": [ [ [ [ -9.937525, 52.560834 ], [ -9.937831, 52.560194 ], [ -9.93804, 52.560445 ], [ -9.937525, 52.560834 ] ] ], [ [ [ -9.917404, 52.570034 ], [ -9.917324, 52.569278 ], [ -9.917703, 52.569363 ], [ -9.917404, 52.570034 ] ] ], [ [ [ -9.736943, 52.651961 ], [ -9.734013, 52.652967 ], [ -9.730223, 52.653221 ], [ -9.734475, 52.650938 ], [ -9.736943, 52.651961 ] ] ], [ [ [ -9.687469, 52.674279 ], [ -9.688341, 52.673968 ], [ -9.688398, 52.674389 ], [ -9.687469, 52.674279 ] ] ], [ [ [ -9.693504, 52.67524 ], [ -9.692365, 52.67396 ], [ -9.694218, 52.675116 ], [ -9.693504, 52.67524 ] ] ], [ [ [ -9.681678, 52.676903 ], [ -9.682501, 52.676479 ], [ -9.682533, 52.676857 ], [ -9.681678, 52.676903 ] ] ], [ [ [ -9.608605, 52.743495 ], [ -9.609958, 52.742137 ], [ -9.612814, 52.74246 ], [ -9.608605, 52.743495 ] ] ], [ [ [ -9.524623, 52.789669 ], [ -9.526669, 52.790783 ], [ -9.523157, 52.790539 ], [ -9.524623, 52.789669 ] ] ], [ [ [ -9.505806, 52.815379 ], [ -9.51368, 52.810473 ], [ -9.531549, 52.807327 ], [ -9.536612, 52.814408 ], [ -9.515902, 52.812458 ], [ -9.51074, 52.817017 ], [ -9.505806, 52.815379 ] ] ], [ [ [ -9.521683, 52.822247 ], [ -9.523211, 52.822375 ], [ -9.52075, 52.823 ], [ -9.521683, 52.822247 ] ] ], [ [ [ -9.505574, 52.824075 ], [ -9.50902, 52.823844 ], [ -9.511724, 52.824107 ], [ -9.508896, 52.824697 ], [ -9.505574, 52.824075 ] ] ], [ [ [ -9.438049, 52.876485 ], [ -9.438616, 52.875576 ], [ -9.439112, 52.875683 ], [ -9.438049, 52.876485 ] ] ], [ [ [ -9.416156, 52.891499 ], [ -9.416868, 52.891889 ], [ -9.416192, 52.891769 ], [ -9.416156, 52.891499 ] ] ], [ [ [ -9.104756, 53.158997 ], [ -9.060598, 53.15642 ], [ -9.052745, 53.158426 ], [ -9.041671, 53.150297 ], [ -9.024622, 53.151275 ], [ -9.023662, 53.149434 ], [ -9.031722, 53.146128 ], [ -9.009349, 53.140831 ], [ -9.025867, 53.140216 ], [ -9.024739, 53.134813 ], [ -9.027955, 53.130173 ], [ -9.019325, 53.110599 ], [ -9.011064, 53.10284 ], [ -8.998512, 53.099875 ], [ -8.993319, 53.09471 ], [ -8.974527, 53.092216 ], [ -8.970302, 53.086452 ], [ -8.952445, 53.086822 ], [ -8.932947, 53.077862 ], [ -8.920143, 53.066212 ], [ -8.905293, 53.066172 ], [ -8.891612, 53.060678 ], [ -8.890627, 53.055348 ], [ -8.901807, 53.046315 ], [ -8.898996, 53.040653 ], [ -8.9004, 53.034631 ], [ -8.887862, 53.028019 ], [ -8.883451, 53.016397 ], [ -8.893587, 53.010519 ], [ -8.898166, 53.011646 ], [ -8.896278, 53.000747 ], [ -8.886605, 52.996053 ], [ -8.89081, 52.990918 ], [ -8.884862, 52.985404 ], [ -8.885003, 52.977853 ], [ -8.860294, 52.978948 ], [ -8.858438, 52.968151 ], [ -8.846465, 52.977617 ], [ -8.846334, 52.983325 ], [ -8.849887, 52.983508 ], [ -8.84999, 52.986215 ], [ -8.840588, 52.98664 ], [ -8.836776, 52.990499 ], [ -8.833021, 52.988765 ], [ -8.83227, 52.981326 ], [ -8.827216, 52.981821 ], [ -8.826135, 52.978717 ], [ -8.811095, 52.974969 ], [ -8.802373, 52.979217 ], [ -8.799381, 52.974629 ], [ -8.794474, 52.976577 ], [ -8.786257, 52.971901 ], [ -8.779379, 52.975271 ], [ -8.77878, 52.987698 ], [ -8.741288, 53.002514 ], [ -8.73696, 53.005954 ], [ -8.738683, 53.010967 ], [ -8.719689, 53.025422 ], [ -8.696767, 53.025414 ], [ -8.674352, 53.03787 ], [ -8.634534, 53.041768 ], [ -8.628348, 53.038579 ], [ -8.626742, 53.034093 ], [ -8.60669, 53.038534 ], [ -8.554491, 53.042196 ], [ -8.560234, 53.036385 ], [ -8.556163, 53.026202 ], [ -8.551395, 53.022342 ], [ -8.528197, 53.023717 ], [ -8.523948, 53.011665 ], [ -8.516897, 53.012141 ], [ -8.508535, 53.006275 ], [ -8.510057, 52.998623 ], [ -8.502505, 52.98314 ], [ -8.485239, 52.988813 ], [ -8.461154, 52.982165 ], [ -8.450077, 52.972266 ], [ -8.424065, 52.983388 ], [ -8.418537, 52.993332 ], [ -8.408653, 52.994815 ], [ -8.403265, 52.986755 ], [ -8.371445, 52.979957 ], [ -8.363882, 52.971404 ], [ -8.351561, 52.975687 ], [ -8.345507, 52.985048 ], [ -8.33886, 52.987549 ], [ -8.316738, 52.985144 ], [ -8.30983, 52.976932 ], [ -8.282424, 52.970463 ], [ -8.290098, 52.960749 ], [ -8.307979, 52.948979 ], [ -8.313906, 52.935523 ], [ -8.338498, 52.915203 ], [ -8.367515, 52.916545 ], [ -8.407521, 52.912584 ], [ -8.41846, 52.875405 ], [ -8.424715, 52.867777 ], [ -8.455224, 52.846957 ], [ -8.448844, 52.811975 ], [ -8.436993, 52.806812 ], [ -8.437078, 52.797867 ], [ -8.442654, 52.786689 ], [ -8.455189, 52.780578 ], [ -8.454609, 52.77831 ], [ -8.461784, 52.777288 ], [ -8.482836, 52.754831 ], [ -8.507248, 52.748902 ], [ -8.508523, 52.74196 ], [ -8.503623, 52.730897 ], [ -8.508004, 52.725729 ], [ -8.502176, 52.717737 ], [ -8.509926, 52.711913 ], [ -8.512712, 52.705161 ], [ -8.532847, 52.703847 ], [ -8.54221, 52.696573 ], [ -8.54224, 52.685534 ], [ -8.551232, 52.678561 ], [ -8.565408, 52.675976 ], [ -8.58155, 52.677751 ], [ -8.592961, 52.669553 ], [ -8.618386, 52.68893 ], [ -8.626259, 52.688433 ], [ -8.628881, 52.684122 ], [ -8.653918, 52.689986 ], [ -8.677149, 52.687952 ], [ -8.689135, 52.675706 ], [ -8.703765, 52.675561 ], [ -8.706652, 52.670986 ], [ -8.749839, 52.67603 ], [ -8.78939, 52.668785 ], [ -8.802689, 52.671779 ], [ -8.809915, 52.677201 ], [ -8.832206, 52.680455 ], [ -8.96089, 52.668625 ], [ -9.01755, 52.649775 ], [ -9.050844, 52.652115 ], [ -9.073008, 52.649673 ], [ -9.123287, 52.633523 ], [ -9.14922, 52.61487 ], [ -9.164801, 52.611433 ], [ -9.228829, 52.607974 ], [ -9.29468, 52.579724 ], [ -9.33819, 52.583154 ], [ -9.356689, 52.600883 ], [ -9.364942, 52.602453 ], [ -9.407954, 52.591755 ], [ -9.437244, 52.596347 ], [ -9.635339, 52.599261 ], [ -9.657206, 52.592695 ], [ -9.679546, 52.572752 ], [ -9.69631, 52.583399 ], [ -9.7115, 52.57957 ], [ -9.719931, 52.585219 ], [ -9.725361, 52.585963 ], [ -9.727752, 52.583192 ], [ -9.737476, 52.587298 ], [ -9.745021, 52.585226 ], [ -9.742325, 52.580293 ], [ -9.80582, 52.565534 ], [ -9.846499, 52.571784 ], [ -9.861608, 52.570475 ], [ -9.861142, 52.566091 ], [ -9.867966, 52.561415 ], [ -9.891557, 52.554536 ], [ -9.890416, 52.557622 ], [ -9.929044, 52.556211 ], [ -9.93852, 52.55904 ], [ -9.920696, 52.564867 ], [ -9.922084, 52.566662 ], [ -9.915353, 52.569504 ], [ -9.912882, 52.576063 ], [ -9.896793, 52.581198 ], [ -9.88218, 52.579456 ], [ -9.8785, 52.582141 ], [ -9.88106, 52.583489 ], [ -9.871578, 52.584321 ], [ -9.870346, 52.587938 ], [ -9.879543, 52.588561 ], [ -9.874191, 52.592272 ], [ -9.867436, 52.590402 ], [ -9.860508, 52.593693 ], [ -9.859723, 52.591027 ], [ -9.857036, 52.595306 ], [ -9.836709, 52.596147 ], [ -9.833442, 52.598484 ], [ -9.835773, 52.599096 ], [ -9.829827, 52.600099 ], [ -9.828317, 52.597717 ], [ -9.806972, 52.604453 ], [ -9.805295, 52.606022 ], [ -9.809263, 52.606569 ], [ -9.802937, 52.60964 ], [ -9.807099, 52.610272 ], [ -9.803585, 52.6112 ], [ -9.806711, 52.611948 ], [ -9.8061, 52.61558 ], [ -9.793005, 52.619302 ], [ -9.798151, 52.62238 ], [ -9.779142, 52.631133 ], [ -9.780054, 52.62841 ], [ -9.773453, 52.633977 ], [ -9.745506, 52.639514 ], [ -9.742695, 52.643483 ], [ -9.735124, 52.642797 ], [ -9.738523, 52.645866 ], [ -9.724076, 52.651777 ], [ -9.721588, 52.655412 ], [ -9.723362, 52.657887 ], [ -9.707367, 52.658924 ], [ -9.697895, 52.663818 ], [ -9.699054, 52.666693 ], [ -9.692961, 52.667867 ], [ -9.696703, 52.671117 ], [ -9.674128, 52.677857 ], [ -9.677035, 52.680594 ], [ -9.664066, 52.682257 ], [ -9.649733, 52.679358 ], [ -9.646929, 52.682839 ], [ -9.651794, 52.684455 ], [ -9.652502, 52.691685 ], [ -9.660107, 52.692307 ], [ -9.649436, 52.696776 ], [ -9.656433, 52.697035 ], [ -9.646135, 52.704652 ], [ -9.6509, 52.705128 ], [ -9.632913, 52.712743 ], [ -9.616253, 52.715678 ], [ -9.622082, 52.718488 ], [ -9.619609, 52.721185 ], [ -9.628723, 52.722969 ], [ -9.634799, 52.728836 ], [ -9.623691, 52.725583 ], [ -9.62264, 52.729042 ], [ -9.628749, 52.732306 ], [ -9.608065, 52.733197 ], [ -9.607045, 52.744243 ], [ -9.591855, 52.744937 ], [ -9.592391, 52.747596 ], [ -9.569318, 52.752082 ], [ -9.54793, 52.752033 ], [ -9.550926, 52.748161 ], [ -9.541624, 52.746127 ], [ -9.536444, 52.740286 ], [ -9.539995, 52.737109 ], [ -9.533703, 52.735671 ], [ -9.525101, 52.738732 ], [ -9.530388, 52.745522 ], [ -9.511019, 52.745291 ], [ -9.498605, 52.749954 ], [ -9.494124, 52.755665 ], [ -9.493599, 52.764948 ], [ -9.505922, 52.76948 ], [ -9.481876, 52.776708 ], [ -9.488902, 52.789828 ], [ -9.492588, 52.789252 ], [ -9.486111, 52.790684 ], [ -9.485402, 52.793838 ], [ -9.492961, 52.80886 ], [ -9.473844, 52.809852 ], [ -9.45658, 52.817035 ], [ -9.457746, 52.823507 ], [ -9.452046, 52.82665 ], [ -9.457404, 52.828096 ], [ -9.454651, 52.833722 ], [ -9.435237, 52.832704 ], [ -9.432345, 52.836978 ], [ -9.434193, 52.844186 ], [ -9.440324, 52.844714 ], [ -9.44122, 52.846552 ], [ -9.450978, 52.848389 ], [ -9.452129, 52.849802 ], [ -9.442546, 52.851681 ], [ -9.44071, 52.856334 ], [ -9.430531, 52.859123 ], [ -9.434047, 52.861373 ], [ -9.427025, 52.866315 ], [ -9.42857, 52.868454 ], [ -9.442663, 52.866321 ], [ -9.436438, 52.871548 ], [ -9.436424, 52.875672 ], [ -9.43798, 52.876592 ], [ -9.433411, 52.878713 ], [ -9.433067, 52.883232 ], [ -9.414923, 52.891796 ], [ -9.389592, 52.897041 ], [ -9.383688, 52.903258 ], [ -9.370269, 52.908484 ], [ -9.369089, 52.914439 ], [ -9.351115, 52.918476 ], [ -9.351269, 52.924702 ], [ -9.346598, 52.931141 ], [ -9.360547, 52.943764 ], [ -9.38586, 52.940068 ], [ -9.400457, 52.932524 ], [ -9.423901, 52.93192 ], [ -9.42749, 52.937038 ], [ -9.436899, 52.937306 ], [ -9.460757, 52.934085 ], [ -9.467993, 52.930284 ], [ -9.47537, 52.932038 ], [ -9.469872, 52.9378 ], [ -9.476406, 52.941056 ], [ -9.466599, 52.944842 ], [ -9.471762, 52.948464 ], [ -9.454541, 52.952728 ], [ -9.432061, 52.966354 ], [ -9.428497, 52.970267 ], [ -9.432738, 52.973224 ], [ -9.426837, 52.976367 ], [ -9.427053, 52.98064 ], [ -9.4305, 52.980366 ], [ -9.428138, 52.983203 ], [ -9.430145, 52.985259 ], [ -9.417849, 52.989394 ], [ -9.411861, 52.998916 ], [ -9.39214, 53.008012 ], [ -9.405605, 53.014164 ], [ -9.403742, 53.016543 ], [ -9.408814, 53.018903 ], [ -9.395456, 53.025534 ], [ -9.383199, 53.042564 ], [ -9.364185, 53.051308 ], [ -9.366638, 53.056397 ], [ -9.358277, 53.072537 ], [ -9.310494, 53.092397 ], [ -9.309792, 53.098902 ], [ -9.300816, 53.103826 ], [ -9.288308, 53.11882 ], [ -9.291954, 53.132867 ], [ -9.282455, 53.144559 ], [ -9.262451, 53.154181 ], [ -9.239885, 53.148833 ], [ -9.220235, 53.139473 ], [ -9.170169, 53.135474 ], [ -9.167252, 53.134624 ], [ -9.166085, 53.132881 ], [ -9.171309, 53.135295 ], [ -9.186912, 53.135059 ], [ -9.179089, 53.128222 ], [ -9.152686, 53.120453 ], [ -9.151532, 53.11726 ], [ -9.148233, 53.122317 ], [ -9.146176, 53.119768 ], [ -9.139077, 53.120652 ], [ -9.133081, 53.124831 ], [ -9.133906, 53.127623 ], [ -9.129572, 53.12666 ], [ -9.129161, 53.130255 ], [ -9.132737, 53.130562 ], [ -9.125565, 53.131794 ], [ -9.120915, 53.136727 ], [ -9.108862, 53.140618 ], [ -9.104068, 53.138705 ], [ -9.100594, 53.140223 ], [ -9.103183, 53.141496 ], [ -9.093887, 53.143782 ], [ -9.10227, 53.138425 ], [ -9.088102, 53.138113 ], [ -9.071605, 53.121997 ], [ -9.072547, 53.127689 ], [ -9.075644, 53.127893 ], [ -9.073614, 53.129095 ], [ -9.076039, 53.133503 ], [ -9.072613, 53.136144 ], [ -9.076768, 53.1382 ], [ -9.073966, 53.139195 ], [ -9.081558, 53.139878 ], [ -9.080369, 53.141532 ], [ -9.08952, 53.147625 ], [ -9.105258, 53.143329 ], [ -9.109611, 53.149161 ], [ -9.117453, 53.149039 ], [ -9.122167, 53.144502 ], [ -9.126484, 53.149004 ], [ -9.137302, 53.149782 ], [ -9.122459, 53.150967 ], [ -9.114094, 53.157512 ], [ -9.104756, 53.158997 ] ] ], [ [ [ -9.411735, 53.016998 ], [ -9.412558, 53.015571 ], [ -9.413623, 53.016148 ], [ -9.411735, 53.016998 ] ] ], [ [ [ -9.178435, 53.131635 ], [ -9.177845, 53.13107 ], [ -9.178905, 53.131647 ], [ -9.178435, 53.131635 ] ] ], [ [ [ -9.175708, 53.132152 ], [ -9.174712, 53.131707 ], [ -9.175967, 53.131925 ], [ -9.175708, 53.132152 ] ] ], [ [ [ -9.163669, 53.132848 ], [ -9.161335, 53.131594 ], [ -9.164444, 53.13271 ], [ -9.163669, 53.132848 ] ] ], [ [ [ -9.176936, 53.132902 ], [ -9.175988, 53.133377 ], [ -9.175593, 53.132925 ], [ -9.176936, 53.132902 ] ] ], [ [ [ -9.17766, 53.132991 ], [ -9.17902, 53.134297 ], [ -9.175945, 53.13388 ], [ -9.17766, 53.132991 ] ] ], [ [ [ -9.092008, 53.141196 ], [ -9.09027, 53.141837 ], [ -9.089185, 53.140818 ], [ -9.092008, 53.141196 ] ] ], [ [ [ -9.108743, 53.144673 ], [ -9.11062, 53.143073 ], [ -9.117273, 53.139944 ], [ -9.117995, 53.146784 ], [ -9.110109, 53.148366 ], [ -9.111831, 53.145837 ], [ -9.108743, 53.144673 ] ] ], [ [ [ -9.027949, 53.145711 ], [ -9.028179, 53.146041 ], [ -9.026874, 53.146178 ], [ -9.027949, 53.145711 ] ] ], [ [ [ -9.1639, 53.149262 ], [ -9.163571, 53.149747 ], [ -9.162629, 53.149333 ], [ -9.1639, 53.149262 ] ] ], [ [ [ -9.064993, 53.157597 ], [ -9.064277, 53.157005 ], [ -9.065443, 53.157295 ], [ -9.064993, 53.157597 ] ] ], [ [ [ -9.054265, 53.165103 ], [ -9.061025, 53.163259 ], [ -9.055642, 53.162304 ], [ -9.071894, 53.157775 ], [ -9.086837, 53.163983 ], [ -9.081207, 53.16764 ], [ -9.067631, 53.16877 ], [ -9.054265, 53.165103 ] ] ] ] } },
{ "type": "Feature", "properties": { "local_authority": "Cork City" }, "geometry": { "type": "Polygon", "coordinates": [ [ [ -8.477536, 51.929298 ], [ -8.475779, 51.923062 ], [ -8.455897, 51.921329 ], [ -8.445777, 51.915608 ], [ -8.427317, 51.917134 ], [ -8.420735, 51.912576 ], [ -8.419586, 51.907231 ], [ -8.41334, 51.907649 ], [ -8.412913, 51.904409 ], [ -8.396514, 51.9059 ], [ -8.389489, 51.890809 ], [ -8.391545, 51.881689 ], [ -8.396593, 51.879954 ], [ -8.406232, 51.882831 ], [ -8.412507, 51.880338 ], [ -8.426165, 51.884163 ], [ -8.435191, 51.88311 ], [ -8.435631, 51.881103 ], [ -8.433626, 51.882722 ], [ -8.431974, 51.882301 ], [ -8.433976, 51.879558 ], [ -8.449224, 51.874771 ], [ -8.460646, 51.877839 ], [ -8.495571, 51.874779 ], [ -8.500752, 51.875989 ], [ -8.499829, 51.877797 ], [ -8.539626, 51.870393 ], [ -8.54181, 51.880506 ], [ -8.534408, 51.88124 ], [ -8.541019, 51.885131 ], [ -8.538412, 51.895641 ], [ -8.515557, 51.894265 ], [ -8.520475, 51.905746 ], [ -8.492444, 51.91436 ], [ -8.493164, 51.918079 ], [ -8.499331, 51.921756 ], [ -8.477536, 51.929298 ] ] ] } },
{ "type": "Feature", "properties": { "local_authority": "Cork County" }, "geometry": { "type": "MultiPolygon", "coordinates": [ [ [ [ -9.818919, 51.462531 ], [ -9.819984, 51.460019 ], [ -9.821039, 51.459668 ], [ -9.818919, 51.462531 ] ] ], [ [ [ -9.824346, 51.476872 ], [ -9.823703, 51.477825 ], [ -9.823332, 51.477489 ], [ -9.824346, 51.476872 ] ] ], [ [ [ -9.837976, 51.481196 ], [ -9.837534, 51.481131 ], [ -9.839733, 51.480944 ], [ -9.837976, 51.481196 ] ] ], [ [ [ -9.776929, 51.508592 ], [ -9.777836, 51.508453 ], [ -9.777606, 51.508784 ], [ -9.776929, 51.508592 ] ] ], [ [ [ -9.773991, 51.512914 ], [ -9.773026, 51.514445 ], [ -9.769759, 51.514308 ], [ -9.773991, 51.512914 ] ] ], [ [ [ -10.248274, 51.570148 ], [ -10.248017, 51.570847 ], [ -10.247644, 51.570593 ], [ -10.248274, 51.570148 ] ] ], [ [ [ -10.164622, 51.583037 ], [ -10.161601, 51.581552 ], [ -10.166059, 51.580382 ], [ -10.164622, 51.583037 ] ] ], [ [ [ -10.157637, 51.604944 ], [ -10.173497, 51.600495 ], [ -10.178502, 51.596105 ], [ -10.211353, 51.589938 ], [ -10.232191, 51.580088 ], [ -10.237881, 51.583358 ], [ -10.226009, 51.58974 ], [ -10.227062, 51.592429 ], [ -10.217728, 51.593472 ], [ -10.201503, 51.605118 ], [ -10.188379, 51.605206 ], [ -10.185869, 51.60915 ], [ -10.172827, 51.608991 ], [ -10.165337, 51.612132 ], [ -10.156866, 51.607653 ], [ -10.157637, 51.604944 ] ] ], [ [ [ -10.161677, 51.602231 ], [ -10.159038, 51.603588 ], [ -10.158715, 51.603417 ], [ -10.159977, 51.601001 ], [ -10.161677, 51.602231 ] ] ], [ [ [ -9.888134, 51.610677 ], [ -9.887824, 51.610008 ], [ -9.889011, 51.610084 ], [ -9.888134, 51.610677 ] ] ], [ [ [ -9.851241, 51.617716 ], [ -9.851782, 51.618414 ], [ -9.85037, 51.618236 ], [ -9.851241, 51.617716 ] ] ], [ [ [ -10.132988, 51.619219 ], [ -10.131751, 51.621117 ], [ -10.129779, 51.620146 ], [ -10.132988, 51.619219 ] ] ], [ [ [ -10.135588, 51.621195 ], [ -10.134165, 51.620382 ], [ -10.135308, 51.620093 ], [ -10.135588, 51.621195 ] ] ], [ [ [ -10.132863, 51.622784 ], [ -10.134108, 51.620553 ], [ -10.134488, 51.622286 ], [ -10.132863, 51.622784 ] ] ], [ [ [ -9.783289, 51.644111 ], [ -9.792153, 51.637944 ], [ -9.802771, 51.636185 ], [ -9.795991, 51.635187 ], [ -9.797428, 51.631636 ], [ -9.810724, 51.63266 ], [ -9.821268, 51.628931 ], [ -9.819475, 51.625617 ], [ -9.835118, 51.620438 ], [ -9.837859, 51.623293 ], [ -9.842508, 51.621722 ], [ -9.842054, 51.624143 ], [ -9.878666, 51.61591 ], [ -9.884254, 51.610188 ], [ -9.889051, 51.611521 ], [ -9.883639, 51.615746 ], [ -9.886117, 51.617591 ], [ -9.909633, 51.614345 ], [ -9.908558, 51.616036 ], [ -9.912513, 51.614785 ], [ -9.909976, 51.617769 ], [ -9.919146, 51.618748 ], [ -9.919232, 51.623825 ], [ -9.909606, 51.630898 ], [ -9.910646, 51.633977 ], [ -9.90164, 51.638785 ], [ -9.837179, 51.644664 ], [ -9.828214, 51.642701 ], [ -9.823571, 51.638219 ], [ -9.830163, 51.63213 ], [ -9.819896, 51.633905 ], [ -9.819561, 51.637968 ], [ -9.808302, 51.64285 ], [ -9.781498, 51.647083 ], [ -9.78485, 51.645811 ], [ -9.783289, 51.644111 ] ] ], [ [ [ -9.900694, 51.639593 ], [ -9.90024, 51.639162 ], [ -9.901378, 51.639192 ], [ -9.900694, 51.639593 ] ] ], [ [ [ -9.89982, 51.639336 ], [ -9.899578, 51.63959 ], [ -9.898586, 51.639637 ], [ -9.89982, 51.639336 ] ] ], [ [ [ -9.898331, 51.639836 ], [ -9.89815, 51.639824 ], [ -9.898602, 51.639798 ], [ -9.898331, 51.639836 ] ] ], [ [ [ -9.899373, 51.639862 ], [ -9.899212, 51.639974 ], [ -9.898728, 51.639788 ], [ -9.899373, 51.639862 ] ] ], [ [ [ -9.889397, 51.640499 ], [ -9.887143, 51.641378 ], [ -9.885485, 51.640984 ], [ -9.889397, 51.640499 ] ] ], [ [ [ -9.906608, 51.647344 ], [ -9.898587, 51.650793 ], [ -9.896315, 51.6494 ], [ -9.902399, 51.646142 ], [ -9.906608, 51.647344 ] ] ], [ [ [ -9.886021, 51.64814 ], [ -9.887165, 51.649261 ], [ -9.885847, 51.648953 ], [ -9.886021, 51.64814 ] ] ], [ [ [ -9.752233, 51.657357 ], [ -9.751854, 51.657564 ], [ -9.751451, 51.657548 ], [ -9.752233, 51.657357 ] ] ], [ [ [ -9.752789, 51.65758 ], [ -9.750378, 51.657924 ], [ -9.750977, 51.657716 ], [ -9.752789, 51.65758 ] ] ], [ [ [ -10.08774, 51.657313 ], [ -10.088068, 51.657515 ], [ -10.08758, 51.658237 ], [ -10.08774, 51.657313 ] ] ], [ [ [ -9.752703, 51.658039 ], [ -9.750882, 51.658281 ], [ -9.751374, 51.657928 ], [ -9.752703, 51.658039 ] ] ], [ [ [ -9.97564, 51.704092 ], [ -9.976273, 51.702952 ], [ -9.977366, 51.703724 ], [ -9.97564, 51.704092 ] ] ], [ [ [ -10.030663, 51.708095 ], [ -10.032962, 51.707284 ], [ -10.03512, 51.706845 ], [ -10.030663, 51.708095 ] ] ], [ [ [ -10.029168, 51.708552 ], [ -10.030347, 51.707393 ], [ -10.030541, 51.708053 ], [ -10.029168, 51.708552 ] ] ], [ [ [ -10.015095, 51.71013 ], [ -10.0251, 51.708987 ], [ -10.028788, 51.707802 ], [ -10.025997, 51.711329 ], [ -10.011588, 51.713963 ], [ -10.015095, 51.71013 ] ] ], [ [ [ -9.959749, 51.712908 ], [ -9.959674, 51.71153 ], [ -9.961163, 51.712127 ], [ -9.959749, 51.712908 ] ] ], [ [ [ -9.996543, 51.723821 ], [ -9.995616, 51.723772 ], [ -9.997081, 51.723314 ], [ -9.996543, 51.723821 ] ] ], [ [ [ -9.936304, 51.741571 ], [ -9.935182, 51.74177 ], [ -9.936815, 51.741256 ], [ -9.936304, 51.741571 ] ] ], [ [ [ -9.887531, 51.742553 ], [ -9.885205, 51.743191 ], [ -9.886369, 51.742724 ], [ -9.887531, 51.742553 ] ] ], [ [ [ -9.932693, 51.743413 ], [ -9.932656, 51.743116 ], [ -9.935213, 51.742455 ], [ -9.932693, 51.743413 ] ] ], [ [ [ -9.932555, 51.744289 ], [ -9.935616, 51.743306 ], [ -9.936785, 51.743323 ], [ -9.935445, 51.744024 ], [ -9.932555, 51.744289 ] ] ], [ [ [ -9.922948, 51.747593 ], [ -9.920386, 51.748228 ], [ -9.921693, 51.747671 ], [ -9.922948, 51.747593 ] ] ], [ [ [ -9.739626, 51.460066 ], [ -9.740159, 51.460324 ], [ -9.738545, 51.460748 ], [ -9.739626, 51.460066 ] ] ], [ [ [ -9.730246, 51.461238 ], [ -9.729065, 51.461697 ], [ -9.729869, 51.461132 ], [ -9.730246, 51.461238 ] ] ], [ [ [ -9.704672, 51.468944 ], [ -9.703426, 51.469638 ], [ -9.703582, 51.469246 ], [ -9.704672, 51.468944 ] ] ], [ [ [ -9.73135, 51.470638 ], [ -9.731742, 51.470396 ], [ -9.733465, 51.469958 ], [ -9.73135, 51.470638 ] ] ], [ [ [ -9.615144, 51.484141 ], [ -9.615964, 51.482906 ], [ -9.61726, 51.483485 ], [ -9.615144, 51.484141 ] ] ], [ [ [ -9.602958, 51.48319 ], [ -9.601808, 51.485627 ], [ -9.601332, 51.483658 ], [ -9.602958, 51.48319 ] ] ], [ [ [ -9.639554, 51.486471 ], [ -9.640482, 51.486237 ], [ -9.640058, 51.48673 ], [ -9.639554, 51.486471 ] ] ], [ [ [ -9.596122, 51.489084 ], [ -9.598213, 51.487588 ], [ -9.601282, 51.48834 ], [ -9.604943, 51.485747 ], [ -9.604465, 51.488338 ], [ -9.596122, 51.489084 ] ] ], [ [ [ -9.581693, 51.487498 ], [ -9.578831, 51.488528 ], [ -9.579018, 51.488006 ], [ -9.581693, 51.487498 ] ] ], [ [ [ -9.631996, 51.490927 ], [ -9.630837, 51.490706 ], [ -9.632477, 51.490479 ], [ -9.631996, 51.490927 ] ] ], [ [ [ -9.583997, 51.492259 ], [ -9.584376, 51.4918 ], [ -9.585416, 51.491628 ], [ -9.583997, 51.492259 ] ] ], [ [ [ -9.585998, 51.492374 ], [ -9.584509, 51.492466 ], [ -9.587656, 51.491652 ], [ -9.585998, 51.492374 ] ] ], [ [ [ -9.638239, 51.495391 ], [ -9.636448, 51.49647 ], [ -9.63602, 51.49594 ], [ -9.638239, 51.495391 ] ] ], [ [ [ -9.533978, 51.504192 ], [ -9.552678, 51.49788 ], [ -9.555075, 51.493825 ], [ -9.565138, 51.494072 ], [ -9.566848, 51.490581 ], [ -9.574446, 51.492 ], [ -9.58162, 51.488075 ], [ -9.581452, 51.490771 ], [ -9.585906, 51.490848 ], [ -9.533978, 51.504192 ] ] ], [ [ [ -9.682855, 51.501019 ], [ -9.682721, 51.500338 ], [ -9.684385, 51.500345 ], [ -9.682855, 51.501019 ] ] ], [ [ [ -9.588183, 51.501516 ], [ -9.587612, 51.50094 ], [ -9.588187, 51.501044 ], [ -9.588183, 51.501516 ] ] ], [ [ [ -9.573562, 51.500384 ], [ -9.571852, 51.502404 ], [ -9.571006, 51.50131 ], [ -9.573562, 51.500384 ] ] ], [ [ [ -9.670612, 51.504986 ], [ -9.670287, 51.506003 ], [ -9.670018, 51.505341 ], [ -9.670612, 51.504986 ] ] ], [ [ [ -9.639915, 51.51031 ], [ -9.638356, 51.510191 ], [ -9.641585, 51.510484 ], [ -9.639915, 51.51031 ] ] ], [ [ [ -9.647219, 51.51281 ], [ -9.646978, 51.512641 ], [ -9.648036, 51.512518 ], [ -9.647219, 51.51281 ] ] ], [ [ [ -9.699945, 51.528986 ], [ -9.702243, 51.528282 ], [ -9.701923, 51.528784 ], [ -9.699945, 51.528986 ] ] ], [ [ [ -9.696707, 51.530231 ], [ -9.696911, 51.529815 ], [ -9.697593, 51.529585 ], [ -9.696707, 51.530231 ] ] ], [ [ [ -9.660713, 51.541609 ], [ -9.660779, 51.541254 ], [ -9.662009, 51.54106 ], [ -9.660713, 51.541609 ] ] ], [ [ [ -9.65161, 51.558197 ], [ -9.650104, 51.557878 ], [ -9.651686, 51.557838 ], [ -9.65161, 51.558197 ] ] ], [ [ [ -9.654461, 51.559758 ], [ -9.660561, 51.558545 ], [ -9.6613, 51.559242 ], [ -9.654461, 51.559758 ] ] ], [ [ [ -9.670988, 51.560275 ], [ -9.670409, 51.560919 ], [ -9.669566, 51.560748 ], [ -9.670988, 51.560275 ] ] ], [ [ [ -9.665349, 51.561698 ], [ -9.674471, 51.561408 ], [ -9.664524, 51.56365 ], [ -9.665349, 51.561698 ] ] ], [ [ [ -9.656395, 51.564938 ], [ -9.656477, 51.564697 ], [ -9.657172, 51.564507 ], [ -9.656395, 51.564938 ] ] ], [ [ [ -9.644909, 51.566488 ], [ -9.644157, 51.566524 ], [ -9.645359, 51.566104 ], [ -9.644909, 51.566488 ] ] ], [ [ [ -9.661676, 51.58055 ], [ -9.661201, 51.580301 ], [ -9.663135, 51.579744 ], [ -9.661676, 51.58055 ] ] ], [ [ [ -9.63147, 51.594055 ], [ -9.630726, 51.593536 ], [ -9.631667, 51.593544 ], [ -9.63147, 51.594055 ] ] ], [ [ [ -9.747679, 51.653462 ], [ -9.747424, 51.652684 ], [ -9.749243, 51.652732 ], [ -9.747679, 51.653462 ] ] ], [ [ [ -9.7502, 51.667432 ], [ -9.751196, 51.665999 ], [ -9.752586, 51.665869 ], [ -9.7502, 51.667432 ] ] ], [ [ [ -9.72185, 51.681143 ], [ -9.72164, 51.681941 ], [ -9.721026, 51.681565 ], [ -9.72185, 51.681143 ] ] ], [ [ [ -9.590714, 51.690498 ], [ -9.59168, 51.68955 ], [ -9.592037, 51.690078 ], [ -9.590714, 51.690498 ] ] ], [ [ [ -9.594556, 51.694702 ], [ -9.592599, 51.696098 ], [ -9.590973, 51.695205 ], [ -9.594556, 51.694702 ] ] ], [ [ [ -9.58309, 51.70254 ], [ -9.582297, 51.703302 ], [ -9.582418, 51.702681 ], [ -9.58309, 51.70254 ] ] ], [ [ [ -9.464245, 51.45213 ], [ -9.460473, 51.448713 ], [ -9.464139, 51.445361 ], [ -9.494196, 51.426937 ], [ -9.49828, 51.425666 ], [ -9.501211, 51.430224 ], [ -9.499654, 51.434777 ], [ -9.503005, 51.435899 ], [ -9.503693, 51.429905 ], [ -9.513994, 51.419897 ], [ -9.512655, 51.42206 ], [ -9.520426, 51.42203 ], [ -9.519367, 51.427005 ], [ -9.522435, 51.42795 ], [ -9.519362, 51.429545 ], [ -9.527742, 51.427322 ], [ -9.509482, 51.441683 ], [ -9.50518, 51.442738 ], [ -9.504489, 51.43945 ], [ -9.494701, 51.446546 ], [ -9.477274, 51.452899 ], [ -9.464245, 51.45213 ] ] ], [ [ [ -9.454229, 51.454086 ], [ -9.453214, 51.454091 ], [ -9.455015, 51.453824 ], [ -9.454229, 51.454086 ] ] ], [ [ [ -9.455865, 51.454149 ], [ -9.45495, 51.454356 ], [ -9.454656, 51.454352 ], [ -9.455865, 51.454149 ] ] ], [ [ [ -9.45487, 51.4546 ], [ -9.454978, 51.454519 ], [ -9.455123, 51.454515 ], [ -9.45487, 51.4546 ] ] ], [ [ [ -9.455531, 51.454511 ], [ -9.456623, 51.454712 ], [ -9.45507, 51.455206 ], [ -9.455531, 51.454511 ] ] ], [ [ [ -9.456179, 51.455051 ], [ -9.456129, 51.455191 ], [ -9.45563, 51.455292 ], [ -9.456179, 51.455051 ] ] ], [ [ [ -9.4823, 51.455497 ], [ -9.482386, 51.454872 ], [ -9.483922, 51.455001 ], [ -9.4823, 51.455497 ] ] ], [ [ [ -9.521942, 51.472197 ], [ -9.518969, 51.476316 ], [ -9.513419, 51.474912 ], [ -9.515681, 51.472443 ], [ -9.521942, 51.472197 ] ] ], [ [ [ -9.503209, 51.476367 ], [ -9.506732, 51.475589 ], [ -9.511388, 51.479077 ], [ -9.501063, 51.481866 ], [ -9.503209, 51.476367 ] ] ], [ [ [ -9.487007, 51.47951 ], [ -9.486371, 51.479755 ], [ -9.486792, 51.479399 ], [ -9.487007, 51.47951 ] ] ], [ [ [ -9.481326, 51.48164 ], [ -9.489461, 51.479711 ], [ -9.493, 51.483199 ], [ -9.485075, 51.486638 ], [ -9.481326, 51.48164 ] ] ], [ [ [ -9.492087, 51.484996 ], [ -9.491237, 51.484614 ], [ -9.493616, 51.483947 ], [ -9.492087, 51.484996 ] ] ], [ [ [ -9.504353, 51.494881 ], [ -9.502246, 51.495012 ], [ -9.505122, 51.494389 ], [ -9.504353, 51.494881 ] ] ], [ [ [ -9.508972, 51.495043 ], [ -9.505093, 51.496239 ], [ -9.504895, 51.495852 ], [ -9.506713, 51.494273 ], [ -9.508972, 51.495043 ] ] ], [ [ [ -9.502109, 51.494989 ], [ -9.499521, 51.495742 ], [ -9.49949, 51.49549 ], [ -9.502109, 51.494989 ] ] ], [ [ [ -9.501178, 51.496845 ], [ -9.500909, 51.496856 ], [ -9.50106, 51.496807 ], [ -9.501178, 51.496845 ] ] ], [ [ [ -9.502226, 51.496895 ], [ -9.501029, 51.497256 ], [ -9.502179, 51.49661 ], [ -9.502226, 51.496895 ] ] ], [ [ [ -9.500412, 51.497065 ], [ -9.50015, 51.49747 ], [ -9.49852, 51.497707 ], [ -9.500412, 51.497065 ] ] ], [ [ [ -9.451063, 51.498238 ], [ -9.448287, 51.498243 ], [ -9.451015, 51.49786 ], [ -9.451063, 51.498238 ] ] ], [ [ [ -9.465434, 51.5004 ], [ -9.461145, 51.502276 ], [ -9.463325, 51.502797 ], [ -9.454594, 51.505083 ], [ -9.465434, 51.5004 ] ] ], [ [ [ -9.439935, 51.506222 ], [ -9.445995, 51.503255 ], [ -9.449641, 51.503963 ], [ -9.446513, 51.506185 ], [ -9.451861, 51.505605 ], [ -9.444264, 51.50751 ], [ -9.439935, 51.506222 ] ] ], [ [ [ -9.500418, 51.510314 ], [ -9.50405, 51.503217 ], [ -9.512572, 51.504209 ], [ -9.509644, 51.508597 ], [ -9.491767, 51.512687 ], [ -9.493139, 51.510728 ], [ -9.497148, 51.508989 ], [ -9.500418, 51.510314 ] ] ], [ [ [ -9.457365, 51.520179 ], [ -9.477364, 51.511429 ], [ -9.480775, 51.513862 ], [ -9.457365, 51.520179 ] ] ], [ [ [ -9.45455, 51.551869 ], [ -9.454813, 51.552054 ], [ -9.454058, 51.55226 ], [ -9.45455, 51.551869 ] ] ], [ [ [ -9.449995, 51.554808 ], [ -9.452058, 51.555641 ], [ -9.449598, 51.55605 ], [ -9.449995, 51.554808 ] ] ], [ [ [ -9.556658, 51.609054 ], [ -9.554478, 51.609524 ], [ -9.557716, 51.60808 ], [ -9.556658, 51.609054 ] ] ], [ [ [ -9.468846, 51.693334 ], [ -9.476145, 51.689483 ], [ -9.477858, 51.690009 ], [ -9.468846, 51.693334 ] ] ], [ [ [ -9.480344, 51.698119 ], [ -9.494816, 51.685186 ], [ -9.494777, 51.679199 ], [ -9.51143, 51.682688 ], [ -9.52338, 51.680151 ], [ -9.526812, 51.683047 ], [ -9.535421, 51.679311 ], [ -9.529517, 51.684693 ], [ -9.508222, 51.692154 ], [ -9.503714, 51.697305 ], [ -9.490609, 51.699159 ], [ -9.479077, 51.706597 ], [ -9.480344, 51.698119 ] ] ], [ [ [ -9.526426, 51.728628 ], [ -9.526686, 51.727499 ], [ -9.527693, 51.727938 ], [ -9.526426, 51.728628 ] ] ], [ [ [ -9.548574, 51.735212 ], [ -9.549281, 51.734184 ], [ -9.551139, 51.733986 ], [ -9.550241, 51.734745 ], [ -9.549033, 51.735273 ], [ -9.548574, 51.735212 ] ] ], [ [ [ -9.545313, 51.733966 ], [ -9.547, 51.736481 ], [ -9.545092, 51.737583 ], [ -9.539622, 51.738296 ], [ -9.541849, 51.737526 ], [ -9.539141, 51.736067 ], [ -9.545313, 51.733966 ] ] ], [ [ [ -9.536433, 51.737859 ], [ -9.535818, 51.738189 ], [ -9.535161, 51.738173 ], [ -9.536433, 51.737859 ] ] ], [ [ [ -9.536583, 51.739207 ], [ -9.537887, 51.738505 ], [ -9.537733, 51.739089 ], [ -9.536583, 51.739207 ] ] ], [ [ [ -9.530925, 51.744632 ], [ -9.532058, 51.745045 ], [ -9.531187, 51.745418 ], [ -9.530925, 51.744632 ] ] ], [ [ [ -9.540243, 51.747053 ], [ -9.538962, 51.746649 ], [ -9.540718, 51.746358 ], [ -9.540243, 51.747053 ] ] ], [ [ [ -9.542257, 51.747656 ], [ -9.541772, 51.748079 ], [ -9.541655, 51.747646 ], [ -9.542257, 51.747656 ] ] ], [ [ [ -9.536077, 51.748621 ], [ -9.5346, 51.748419 ], [ -9.536133, 51.748192 ], [ -9.536077, 51.748621 ] ] ], [ [ [ -9.443167, 51.453128 ], [ -9.440456, 51.453847 ], [ -9.444172, 51.451937 ], [ -9.443167, 51.453128 ] ] ], [ [ [ -9.440963, 51.454153 ], [ -9.441186, 51.454028 ], [ -9.44201, 51.453734 ], [ -9.440963, 51.454153 ] ] ], [ [ [ -9.442854, 51.453648 ], [ -9.441909, 51.453977 ], [ -9.440827, 51.454336 ], [ -9.442854, 51.453648 ] ] ], [ [ [ -9.441829, 51.454295 ], [ -9.441103, 51.454599 ], [ -9.441236, 51.454508 ], [ -9.441829, 51.454295 ] ] ], [ [ [ -9.443367, 51.454173 ], [ -9.442508, 51.454663 ], [ -9.441504, 51.454831 ], [ -9.443367, 51.454173 ] ] ], [ [ [ -9.441317, 51.454687 ], [ -9.441627, 51.454557 ], [ -9.441725, 51.454541 ], [ -9.441317, 51.454687 ] ] ], [ [ [ -9.422899, 51.455469 ], [ -9.422983, 51.455258 ], [ -9.424473, 51.454661 ], [ -9.422899, 51.455469 ] ] ], [ [ [ -9.422387, 51.457469 ], [ -9.422479, 51.457683 ], [ -9.422079, 51.458095 ], [ -9.422387, 51.457469 ] ] ], [ [ [ -9.342745, 51.462301 ], [ -9.347465, 51.461773 ], [ -9.339944, 51.464455 ], [ -9.342745, 51.462301 ] ] ], [ [ [ -9.402132, 51.490671 ], [ -9.398037, 51.485735 ], [ -9.402015, 51.48327 ], [ -9.400992, 51.47824 ], [ -9.393646, 51.472249 ], [ -9.400565, 51.473519 ], [ -9.399863, 51.46748 ], [ -9.420489, 51.460767 ], [ -9.422356, 51.459003 ], [ -9.423507, 51.455764 ], [ -9.435978, 51.452996 ], [ -9.43781, 51.455006 ], [ -9.434737, 51.458475 ], [ -9.43825, 51.457886 ], [ -9.434131, 51.461085 ], [ -9.439222, 51.461848 ], [ -9.42405, 51.465672 ], [ -9.422599, 51.467648 ], [ -9.425493, 51.468031 ], [ -9.420405, 51.471649 ], [ -9.423744, 51.47123 ], [ -9.421884, 51.47272 ], [ -9.424925, 51.474517 ], [ -9.43312, 51.473436 ], [ -9.430748, 51.475897 ], [ -9.434741, 51.476946 ], [ -9.420346, 51.479658 ], [ -9.416273, 51.477242 ], [ -9.418515, 51.472759 ], [ -9.409623, 51.471036 ], [ -9.405212, 51.47511 ], [ -9.415774, 51.477863 ], [ -9.411496, 51.483488 ], [ -9.417192, 51.485699 ], [ -9.409152, 51.489715 ], [ -9.409124, 51.490817 ], [ -9.402132, 51.490671 ] ] ], [ [ [ -9.415413, 51.480384 ], [ -9.416231, 51.479737 ], [ -9.416728, 51.479888 ], [ -9.415413, 51.480384 ] ] ], [ [ [ -9.410785, 51.490085 ], [ -9.411011, 51.489834 ], [ -9.412302, 51.489612 ], [ -9.410785, 51.490085 ] ] ], [ [ [ -9.417586, 51.490267 ], [ -9.417508, 51.490102 ], [ -9.417983, 51.48988 ], [ -9.417586, 51.490267 ] ] ], [ [ [ -9.409559, 51.490015 ], [ -9.409961, 51.490146 ], [ -9.409613, 51.490241 ], [ -9.409559, 51.490015 ] ] ], [ [ [ -9.415906, 51.490755 ], [ -9.416943, 51.490328 ], [ -9.416324, 51.491014 ], [ -9.415906, 51.490755 ] ] ], [ [ [ -9.408474, 51.491488 ], [ -9.40935, 51.49113 ], [ -9.409423, 51.49138 ], [ -9.408474, 51.491488 ] ] ], [ [ [ -9.414048, 51.493106 ], [ -9.414538, 51.491152 ], [ -9.415931, 51.491136 ], [ -9.414048, 51.493106 ] ] ], [ [ [ -9.411982, 51.492291 ], [ -9.410088, 51.492278 ], [ -9.411819, 51.492023 ], [ -9.411982, 51.492291 ] ] ], [ [ [ -9.415246, 51.493031 ], [ -9.414963, 51.492998 ], [ -9.415744, 51.492577 ], [ -9.415246, 51.493031 ] ] ], [ [ [ -9.415993, 51.492862 ], [ -9.415697, 51.493343 ], [ -9.414701, 51.493727 ], [ -9.415993, 51.492862 ] ] ], [ [ [ -9.409623, 51.492158 ], [ -9.408255, 51.494975 ], [ -9.406718, 51.494509 ], [ -9.409623, 51.492158 ] ] ], [ [ [ -9.290215, 51.495366 ], [ -9.290619, 51.492247 ], [ -9.293078, 51.494155 ], [ -9.290215, 51.495366 ] ] ], [ [ [ -9.423579, 51.498342 ], [ -9.432147, 51.494182 ], [ -9.428517, 51.490169 ], [ -9.430975, 51.487333 ], [ -9.436476, 51.487433 ], [ -9.434743, 51.491965 ], [ -9.440078, 51.49332 ], [ -9.456125, 51.489004 ], [ -9.454724, 51.493851 ], [ -9.445822, 51.497428 ], [ -9.445224, 51.497573 ], [ -9.444397, 51.49394 ], [ -9.443393, 51.493399 ], [ -9.444485, 51.495888 ], [ -9.436708, 51.499956 ], [ -9.425723, 51.501136 ], [ -9.423579, 51.498342 ] ] ], [ [ [ -9.403906, 51.49434 ], [ -9.404013, 51.495248 ], [ -9.403284, 51.494905 ], [ -9.403906, 51.49434 ] ] ], [ [ [ -9.397029, 51.49601 ], [ -9.396586, 51.495666 ], [ -9.39811, 51.495089 ], [ -9.397029, 51.49601 ] ] ], [ [ [ -9.436453, 51.501182 ], [ -9.440229, 51.499569 ], [ -9.441756, 51.499581 ], [ -9.441094, 51.500642 ], [ -9.436453, 51.501182 ] ] ], [ [ [ -9.300491, 51.50102 ], [ -9.300798, 51.501774 ], [ -9.300076, 51.501257 ], [ -9.300491, 51.50102 ] ] ], [ [ [ -9.298978, 51.502377 ], [ -9.300653, 51.501813 ], [ -9.300802, 51.502239 ], [ -9.298978, 51.502377 ] ] ], [ [ [ -9.435203, 51.506219 ], [ -9.433749, 51.506654 ], [ -9.434699, 51.506038 ], [ -9.435203, 51.506219 ] ] ], [ [ [ -9.431449, 51.507085 ], [ -9.429008, 51.507379 ], [ -9.431482, 51.50642 ], [ -9.431449, 51.507085 ] ] ], [ [ [ -9.425763, 51.515861 ], [ -9.424305, 51.516045 ], [ -9.426492, 51.515472 ], [ -9.425763, 51.515861 ] ] ], [ [ [ -9.422967, 51.534943 ], [ -9.423705, 51.534321 ], [ -9.424032, 51.534366 ], [ -9.422967, 51.534943 ] ] ], [ [ [ -9.422081, 51.535914 ], [ -9.421966, 51.536957 ], [ -9.421667, 51.536459 ], [ -9.422081, 51.535914 ] ] ], [ [ [ -9.417543, 51.536724 ], [ -9.420566, 51.537605 ], [ -9.416448, 51.538431 ], [ -9.417543, 51.536724 ] ] ], [ [ [ -9.413872, 51.539294 ], [ -9.414991, 51.540178 ], [ -9.414294, 51.540418 ], [ -9.413872, 51.539294 ] ] ], [ [ [ -9.423092, 51.547472 ], [ -9.423892, 51.548929 ], [ -9.422046, 51.54805 ], [ -9.423092, 51.547472 ] ] ], [ [ [ -9.419667, 51.548099 ], [ -9.421194, 51.551489 ], [ -9.417325, 51.548106 ], [ -9.419667, 51.548099 ] ] ], [ [ [ -9.224957, 51.466411 ], [ -9.224298, 51.466502 ], [ -9.224833, 51.466354 ], [ -9.224957, 51.466411 ] ] ], [ [ [ -9.223495, 51.467588 ], [ -9.224995, 51.467157 ], [ -9.225376, 51.467115 ], [ -9.223495, 51.467588 ] ] ], [ [ [ -9.224777, 51.467501 ], [ -9.224872, 51.467506 ], [ -9.223263, 51.467953 ], [ -9.224777, 51.467501 ] ] ], [ [ [ -9.223044, 51.468825 ], [ -9.222668, 51.468652 ], [ -9.225242, 51.468081 ], [ -9.223044, 51.468825 ] ] ], [ [ [ -9.222802, 51.469175 ], [ -9.223267, 51.468959 ], [ -9.224682, 51.468673 ], [ -9.222802, 51.469175 ] ] ], [ [ [ -9.224286, 51.468973 ], [ -9.224026, 51.469064 ], [ -9.223765, 51.469069 ], [ -9.224286, 51.468973 ] ] ], [ [ [ -9.267696, 51.494639 ], [ -9.268292, 51.494466 ], [ -9.267315, 51.495213 ], [ -9.267696, 51.494639 ] ] ], [ [ [ -9.179998, 51.505071 ], [ -9.178297, 51.50543 ], [ -9.179444, 51.505061 ], [ -9.179998, 51.505071 ] ] ], [ [ [ -9.180614, 51.50866 ], [ -9.182115, 51.506602 ], [ -9.18797, 51.505646 ], [ -9.18449, 51.509217 ], [ -9.180614, 51.50866 ] ] ], [ [ [ -9.18683, 51.510884 ], [ -9.185568, 51.511063 ], [ -9.187011, 51.510631 ], [ -9.18683, 51.510884 ] ] ], [ [ [ -9.126277, 51.513789 ], [ -9.123639, 51.515218 ], [ -9.122643, 51.514834 ], [ -9.126277, 51.513789 ] ] ], [ [ [ -9.170653, 51.514976 ], [ -9.170671, 51.513578 ], [ -9.171788, 51.514292 ], [ -9.170653, 51.514976 ] ] ], [ [ [ -9.131265, 51.514371 ], [ -9.130417, 51.51673 ], [ -9.128699, 51.517516 ], [ -9.129596, 51.515012 ], [ -9.131265, 51.514371 ] ] ], [ [ [ -9.15828, 51.519307 ], [ -9.157612, 51.518966 ], [ -9.15912, 51.519026 ], [ -9.15828, 51.519307 ] ] ], [ [ [ -9.130197, 51.527499 ], [ -9.130374, 51.526794 ], [ -9.130436, 51.527226 ], [ -9.130197, 51.527499 ] ] ], [ [ [ -9.129933, 51.527509 ], [ -9.129375, 51.527486 ], [ -9.129797, 51.527394 ], [ -9.129933, 51.527509 ] ] ], [ [ [ -8.952375, 51.528745 ], [ -8.951685, 51.529291 ], [ -8.951258, 51.529414 ], [ -8.952375, 51.528745 ] ] ], [ [ [ -9.117162, 51.530518 ], [ -9.123686, 51.529009 ], [ -9.125486, 51.530273 ], [ -9.123654, 51.531351 ], [ -9.117162, 51.530518 ] ] ], [ [ [ -9.115429, 51.530654 ], [ -9.114052, 51.5314 ], [ -9.113132, 51.530812 ], [ -9.115429, 51.530654 ] ] ], [ [ [ -9.099555, 51.540256 ], [ -9.102962, 51.540605 ], [ -9.098844, 51.541157 ], [ -9.099555, 51.540256 ] ] ], [ [ [ -9.065112, 51.54956 ], [ -9.064139, 51.549617 ], [ -9.064908, 51.549195 ], [ -9.065112, 51.54956 ] ] ], [ [ [ -9.046522, 51.550981 ], [ -9.049293, 51.550435 ], [ -9.04997, 51.550411 ], [ -9.046522, 51.550981 ] ] ], [ [ [ -8.757565, 51.572067 ], [ -8.756829, 51.571745 ], [ -8.758761, 51.571529 ], [ -8.757565, 51.572067 ] ] ], [ [ [ -8.699506, 51.578164 ], [ -8.698914, 51.577737 ], [ -8.699397, 51.577671 ], [ -8.699506, 51.578164 ] ] ], [ [ [ -8.521575, 51.674865 ], [ -8.517333, 51.677731 ], [ -8.514613, 51.676858 ], [ -8.521575, 51.674865 ] ] ], [ [ [ -8.382807, 51.713625 ], [ -8.383364, 51.71339 ], [ -8.383275, 51.713714 ], [ -8.382807, 51.713625 ] ] ], [ [ [ -8.366379, 51.763655 ], [ -8.366969, 51.763584 ], [ -8.366356, 51.763698 ], [ -8.366379, 51.763655 ] ] ], [ [ [ -8.367749, 51.763719 ], [ -8.367316, 51.763687 ], [ -8.367439, 51.76385 ], [ -8.367749, 51.763719 ] ] ], [ [ [ -8.365146, 51.763993 ], [ -8.366176, 51.763909 ], [ -8.366356, 51.763698 ], [ -8.365146, 51.763993 ] ] ], [ [ [ -8.279331, 51.835162 ], [ -8.290537, 51.831299 ], [ -8.290737, 51.837289 ], [ -8.279331, 51.835162 ] ] ], [ [ [ -8.30135, 51.837058 ], [ -8.302516, 51.837625 ], [ -8.300614, 51.837477 ], [ -8.30135, 51.837058 ] ] ], [ [ [ -8.293881, 51.839566 ], [ -8.301445, 51.838699 ], [ -8.309287, 51.840491 ], [ -8.302001, 51.843572 ], [ -8.299644, 51.838959 ], [ -8.299558, 51.843598 ], [ -8.293881, 51.839566 ] ] ], [ [ [ -7.855491, 51.880989 ], [ -7.855065, 51.883615 ], [ -7.85086, 51.883805 ], [ -7.855491, 51.880989 ] ] ], [ [ [ -9.66518, 51.683688 ], [ -9.678754, 51.677554 ], [ -9.703078, 51.679148 ], [ -9.707032, 51.675972 ], [ -9.718105, 51.676271 ], [ -9.720218, 51.677907 ], [ -9.714333, 51.68156 ], [ -9.719355, 51.688174 ], [ -9.725086, 51.688317 ], [ -9.722293, 51.691123 ], [ -9.725603, 51.692474 ], [ -9.721537, 51.694316 ], [ -9.726771, 51.692322 ], [ -9.730271, 51.689854 ], [ -9.732289, 51.689415 ], [ -9.737609, 51.685443 ], [ -9.730088, 51.684711 ], [ -9.733559, 51.6823 ], [ -9.72792, 51.681711 ], [ -9.724347, 51.674973 ], [ -9.731702, 51.666821 ], [ -9.737286, 51.66704 ], [ -9.73776, 51.670632 ], [ -9.741902, 51.67033 ], [ -9.740018, 51.669955 ], [ -9.742481, 51.668731 ], [ -9.744856, 51.66843 ], [ -9.746527, 51.671038 ], [ -9.762943, 51.662208 ], [ -9.773607, 51.66222 ], [ -9.778838, 51.659035 ], [ -9.794054, 51.660631 ], [ -9.791925, 51.658892 ], [ -9.8125, 51.654563 ], [ -9.820467, 51.659453 ], [ -9.838661, 51.658772 ], [ -9.847776, 51.653758 ], [ -9.855862, 51.655774 ], [ -9.860765, 51.652543 ], [ -9.863584, 51.653932 ], [ -9.861152, 51.655521 ], [ -9.862857, 51.654993 ], [ -9.863823, 51.656337 ], [ -9.867184, 51.656888 ], [ -9.870428, 51.65531 ], [ -9.868015, 51.653618 ], [ -9.88015, 51.649457 ], [ -9.89641, 51.652213 ], [ -9.902715, 51.650995 ], [ -9.904261, 51.654776 ], [ -9.914792, 51.64909 ], [ -9.909186, 51.646949 ], [ -9.915958, 51.641636 ], [ -9.913761, 51.640292 ], [ -9.915643, 51.637709 ], [ -9.920437, 51.636965 ], [ -9.922124, 51.638319 ], [ -9.9175, 51.639508 ], [ -9.925155, 51.6404 ], [ -9.92658, 51.63713 ], [ -9.938405, 51.637214 ], [ -9.939697, 51.636279 ], [ -9.926411, 51.636338 ], [ -9.929669, 51.634111 ], [ -9.922983, 51.633372 ], [ -9.92967, 51.627657 ], [ -9.924298, 51.62401 ], [ -9.92703, 51.62199 ], [ -9.92514, 51.621187 ], [ -9.929376, 51.621501 ], [ -9.937076, 51.614472 ], [ -9.940136, 51.616856 ], [ -9.964891, 51.61499 ], [ -9.965961, 51.621477 ], [ -9.969459, 51.616529 ], [ -9.979588, 51.611624 ], [ -9.984939, 51.612439 ], [ -10.006429, 51.598642 ], [ -10.022079, 51.594393 ], [ -10.028326, 51.595592 ], [ -10.038322, 51.588979 ], [ -10.048089, 51.591525 ], [ -10.03496, 51.597697 ], [ -10.053689, 51.593295 ], [ -10.052365, 51.596867 ], [ -10.041927, 51.600962 ], [ -10.045609, 51.603738 ], [ -10.061671, 51.601233 ], [ -10.071143, 51.605162 ], [ -10.083003, 51.599136 ], [ -10.091861, 51.601442 ], [ -10.105898, 51.597516 ], [ -10.110748, 51.59954 ], [ -10.109718, 51.601487 ], [ -10.120863, 51.60243 ], [ -10.125091, 51.596802 ], [ -10.141717, 51.594834 ], [ -10.153074, 51.584106 ], [ -10.160653, 51.581153 ], [ -10.162035, 51.583333 ], [ -10.149809, 51.596184 ], [ -10.142877, 51.596871 ], [ -10.144886, 51.60261 ], [ -10.14083, 51.60578 ], [ -10.155924, 51.60959 ], [ -10.158627, 51.613469 ], [ -10.147275, 51.615154 ], [ -10.142711, 51.620928 ], [ -10.136203, 51.620623 ], [ -10.132427, 51.614669 ], [ -10.126586, 51.612664 ], [ -10.104375, 51.619199 ], [ -10.096295, 51.618713 ], [ -10.086703, 51.624751 ], [ -10.079457, 51.619825 ], [ -10.062422, 51.624812 ], [ -10.058908, 51.632293 ], [ -10.069227, 51.634586 ], [ -10.058514, 51.640924 ], [ -10.062776, 51.642545 ], [ -10.055846, 51.648488 ], [ -10.057996, 51.654361 ], [ -10.067953, 51.654236 ], [ -10.071733, 51.651094 ], [ -10.075455, 51.652929 ], [ -10.073344, 51.654427 ], [ -10.078233, 51.654174 ], [ -10.074797, 51.658304 ], [ -10.10028, 51.65914 ], [ -10.098282, 51.662298 ], [ -10.106036, 51.664033 ], [ -10.096128, 51.667512 ], [ -10.097021, 51.670876 ], [ -10.093094, 51.673637 ], [ -10.087263, 51.674825 ], [ -10.077291, 51.671292 ], [ -10.072153, 51.676908 ], [ -10.070606, 51.673084 ], [ -10.056202, 51.668048 ], [ -10.03503, 51.677618 ], [ -10.010701, 51.672938 ], [ -10.005393, 51.676445 ], [ -9.998923, 51.675746 ], [ -10.003767, 51.678351 ], [ -9.998584, 51.684929 ], [ -9.981783, 51.682419 ], [ -9.972558, 51.685001 ], [ -9.971425, 51.687863 ], [ -9.967783, 51.686703 ], [ -9.968593, 51.688414 ], [ -9.974682, 51.688759 ], [ -9.966306, 51.693006 ], [ -9.972015, 51.695389 ], [ -9.963273, 51.700352 ], [ -9.963932, 51.704683 ], [ -9.944798, 51.714944 ], [ -9.958162, 51.716907 ], [ -9.96086, 51.713148 ], [ -9.97003, 51.714119 ], [ -9.984004, 51.710384 ], [ -9.982923, 51.714975 ], [ -10.006738, 51.715828 ], [ -9.974323, 51.735772 ], [ -9.966692, 51.733789 ], [ -9.942544, 51.741773 ], [ -9.943435, 51.739837 ], [ -9.939101, 51.738689 ], [ -9.930566, 51.73988 ], [ -9.923498, 51.743228 ], [ -9.930186, 51.744241 ], [ -9.906119, 51.750036 ], [ -9.902562, 51.754771 ], [ -9.881428, 51.763663 ], [ -9.882159, 51.760049 ], [ -9.871367, 51.758234 ], [ -9.8701, 51.75712 ], [ -9.877848, 51.758515 ], [ -9.88551, 51.746923 ], [ -9.883009, 51.747192 ], [ -9.897978, 51.738283 ], [ -9.881421, 51.740872 ], [ -9.87574, 51.746977 ], [ -9.856177, 51.751214 ], [ -9.84722, 51.740113 ], [ -9.833377, 51.733023 ], [ -9.843337, 51.722664 ], [ -9.823849, 51.717438 ], [ -9.826722, 51.700446 ], [ -9.833677, 51.694284 ], [ -9.821571, 51.688323 ], [ -9.79884, 51.692716 ], [ -9.791372, 51.688811 ], [ -9.787895, 51.697113 ], [ -9.760933, 51.711568 ], [ -9.760561, 51.719691 ], [ -9.751735, 51.724804 ], [ -9.730403, 51.732782 ], [ -9.723722, 51.739755 ], [ -9.669046, 51.747114 ], [ -9.664776, 51.749553 ], [ -9.657013, 51.764122 ], [ -9.65045, 51.76498 ], [ -9.622674, 51.785576 ], [ -9.599326, 51.787801 ], [ -9.581336, 51.784127 ], [ -9.566469, 51.789541 ], [ -9.554988, 51.787727 ], [ -9.539794, 51.790373 ], [ -9.524295, 51.786999 ], [ -9.481367, 51.789551 ], [ -9.461324, 51.794902 ], [ -9.463599, 51.798022 ], [ -9.460768, 51.799287 ], [ -9.443418, 51.80253 ], [ -9.446096, 51.807324 ], [ -9.434555, 51.826314 ], [ -9.407827, 51.825191 ], [ -9.388278, 51.836404 ], [ -9.35671, 51.836363 ], [ -9.349097, 51.843639 ], [ -9.329807, 51.846375 ], [ -9.32501, 51.85217 ], [ -9.327004, 51.857243 ], [ -9.305537, 51.86545 ], [ -9.307503, 51.867894 ], [ -9.29998, 51.872143 ], [ -9.301518, 51.879099 ], [ -9.285147, 51.885028 ], [ -9.279035, 51.89417 ], [ -9.273856, 51.895724 ], [ -9.289044, 51.902775 ], [ -9.290658, 51.906938 ], [ -9.285805, 51.914296 ], [ -9.301671, 51.923853 ], [ -9.30149, 51.932966 ], [ -9.307459, 51.94205 ], [ -9.303312, 51.946208 ], [ -9.262084, 51.959751 ], [ -9.255331, 51.969669 ], [ -9.212901, 51.975296 ], [ -9.193089, 51.982754 ], [ -9.165121, 51.983063 ], [ -9.156277, 51.986084 ], [ -9.13813, 51.982572 ], [ -9.133033, 51.984398 ], [ -9.118786, 51.998166 ], [ -9.125372, 52.007755 ], [ -9.136345, 52.004831 ], [ -9.158585, 52.007323 ], [ -9.161996, 52.004503 ], [ -9.178964, 52.014489 ], [ -9.182376, 52.027953 ], [ -9.21158, 52.023278 ], [ -9.21777, 52.04565 ], [ -9.221344, 52.049 ], [ -9.21972, 52.058163 ], [ -9.21088, 52.065614 ], [ -9.208133, 52.072384 ], [ -9.191685, 52.075063 ], [ -9.184446, 52.082865 ], [ -9.191674, 52.084194 ], [ -9.189297, 52.080902 ], [ -9.205154, 52.087686 ], [ -9.201988, 52.089562 ], [ -9.211464, 52.098818 ], [ -9.208234, 52.105325 ], [ -9.21242, 52.108669 ], [ -9.210502, 52.110248 ], [ -9.217826, 52.111516 ], [ -9.221767, 52.118492 ], [ -9.226627, 52.11955 ], [ -9.229241, 52.1242 ], [ -9.226314, 52.130853 ], [ -9.23166, 52.132357 ], [ -9.228961, 52.13412 ], [ -9.236622, 52.140322 ], [ -9.234401, 52.14352 ], [ -9.240056, 52.146595 ], [ -9.233862, 52.157979 ], [ -9.235151, 52.160802 ], [ -9.231087, 52.163907 ], [ -9.235252, 52.169671 ], [ -9.2315, 52.176517 ], [ -9.245634, 52.182319 ], [ -9.249291, 52.187582 ], [ -9.244635, 52.193492 ], [ -9.247934, 52.19456 ], [ -9.252127, 52.206722 ], [ -9.264705, 52.213974 ], [ -9.262852, 52.216682 ], [ -9.265612, 52.221294 ], [ -9.276055, 52.229637 ], [ -9.27027, 52.249532 ], [ -9.273716, 52.254554 ], [ -9.247626, 52.264583 ], [ -9.245715, 52.266975 ], [ -9.249304, 52.277765 ], [ -9.213933, 52.28318 ], [ -9.210893, 52.289972 ], [ -9.217494, 52.298223 ], [ -9.214221, 52.304042 ], [ -9.174679, 52.311917 ], [ -9.175245, 52.319212 ], [ -9.161204, 52.320312 ], [ -9.155319, 52.32899 ], [ -9.139374, 52.333675 ], [ -9.136029, 52.344428 ], [ -9.112545, 52.333427 ], [ -9.070025, 52.331715 ], [ -9.065691, 52.32695 ], [ -9.045817, 52.320801 ], [ -9.033572, 52.322435 ], [ -9.005226, 52.307648 ], [ -8.995045, 52.299631 ], [ -8.993462, 52.294965 ], [ -8.982855, 52.291917 ], [ -8.974831, 52.292845 ], [ -8.985006, 52.303696 ], [ -8.986406, 52.310725 ], [ -8.962363, 52.31895 ], [ -8.910546, 52.324624 ], [ -8.898129, 52.330263 ], [ -8.882727, 52.331971 ], [ -8.88844, 52.337952 ], [ -8.881366, 52.339639 ], [ -8.882373, 52.345453 ], [ -8.87636, 52.35442 ], [ -8.867424, 52.349246 ], [ -8.865691, 52.353723 ], [ -8.851469, 52.35918 ], [ -8.849391, 52.363795 ], [ -8.851644, 52.367978 ], [ -8.846921, 52.371102 ], [ -8.828923, 52.37065 ], [ -8.827952, 52.376729 ], [ -8.820492, 52.384016 ], [ -8.799852, 52.38755 ], [ -8.799859, 52.380205 ], [ -8.79317, 52.37163 ], [ -8.78817, 52.37277 ], [ -8.781421, 52.387698 ], [ -8.761907, 52.382169 ], [ -8.758049, 52.377451 ], [ -8.749844, 52.379607 ], [ -8.734795, 52.370967 ], [ -8.724187, 52.371019 ], [ -8.709323, 52.37778 ], [ -8.706298, 52.375303 ], [ -8.672374, 52.383754 ], [ -8.674691, 52.37767 ], [ -8.671034, 52.372832 ], [ -8.673726, 52.367988 ], [ -8.668437, 52.359812 ], [ -8.663277, 52.359175 ], [ -8.661854, 52.351639 ], [ -8.65442, 52.352725 ], [ -8.653598, 52.347639 ], [ -8.644107, 52.348288 ], [ -8.642195, 52.345625 ], [ -8.627661, 52.346666 ], [ -8.623915, 52.342862 ], [ -8.625407, 52.338185 ], [ -8.616514, 52.339214 ], [ -8.605446, 52.332791 ], [ -8.610076, 52.329701 ], [ -8.609011, 52.327128 ], [ -8.58541, 52.307078 ], [ -8.582689, 52.305761 ], [ -8.575985, 52.310491 ], [ -8.564623, 52.306273 ], [ -8.558234, 52.307365 ], [ -8.542547, 52.289131 ], [ -8.516922, 52.280504 ], [ -8.451949, 52.287296 ], [ -8.441386, 52.292561 ], [ -8.386418, 52.294627 ], [ -8.381339, 52.304231 ], [ -8.363581, 52.308885 ], [ -8.362588, 52.319937 ], [ -8.34103, 52.329277 ], [ -8.333393, 52.327206 ], [ -8.333557, 52.320171 ], [ -8.330384, 52.319523 ], [ -8.310955, 52.324068 ], [ -8.311403, 52.316935 ], [ -8.299522, 52.302942 ], [ -8.297046, 52.294801 ], [ -8.28121, 52.285379 ], [ -8.273599, 52.291283 ], [ -8.252472, 52.294184 ], [ -8.249127, 52.297077 ], [ -8.209384, 52.29465 ], [ -8.195608, 52.287154 ], [ -8.183209, 52.287676 ], [ -8.176582, 52.27668 ], [ -8.165142, 52.277617 ], [ -8.164343, 52.27286 ], [ -8.169315, 52.266461 ], [ -8.162642, 52.265603 ], [ -8.165585, 52.259965 ], [ -8.161494, 52.253044 ], [ -8.160955, 52.241928 ], [ -8.135385, 52.234938 ], [ -8.103399, 52.231182 ], [ -8.107015, 52.214912 ], [ -8.10472, 52.206484 ], [ -8.125394, 52.201199 ], [ -8.119862, 52.195415 ], [ -8.128694, 52.174511 ], [ -8.137959, 52.1638 ], [ -8.154319, 52.164916 ], [ -8.15733, 52.154964 ], [ -8.152548, 52.148808 ], [ -8.16261, 52.14111 ], [ -8.111025, 52.145165 ], [ -8.109656, 52.140954 ], [ -8.097336, 52.142833 ], [ -8.094838, 52.138518 ], [ -8.084895, 52.138987 ], [ -8.073713, 52.143919 ], [ -8.066203, 52.140352 ], [ -8.067555, 52.137816 ], [ -8.062406, 52.136775 ], [ -8.060663, 52.132538 ], [ -8.062276, 52.126177 ], [ -8.071269, 52.125592 ], [ -8.078485, 52.13708 ], [ -8.082086, 52.136754 ], [ -8.082846, 52.128594 ], [ -8.080535, 52.125392 ], [ -8.071291, 52.125501 ], [ -8.070738, 52.117148 ], [ -8.045856, 52.115028 ], [ -8.037688, 52.10348 ], [ -8.028181, 52.103283 ], [ -8.028831, 52.097547 ], [ -8.02083, 52.087166 ], [ -8.022659, 52.084448 ], [ -8.016414, 52.082177 ], [ -8.016983, 52.076836 ], [ -8.013785, 52.074211 ], [ -8.021457, 52.066382 ], [ -8.018031, 52.062256 ], [ -8.022247, 52.055625 ], [ -8.002852, 52.048826 ], [ -7.986735, 52.034541 ], [ -7.973325, 52.032456 ], [ -7.957103, 52.036201 ], [ -7.960903, 52.023051 ], [ -7.957288, 52.022524 ], [ -7.958264, 52.019101 ], [ -7.937897, 52.013806 ], [ -7.927989, 52.008043 ], [ -7.930233, 52.000166 ], [ -7.919804, 51.976284 ], [ -7.909876, 51.974086 ], [ -7.884373, 51.977186 ], [ -7.875469, 51.97234 ], [ -7.861001, 51.97562 ], [ -7.855212, 51.980137 ], [ -7.847387, 51.972464 ], [ -7.842156, 51.954218 ], [ -7.846516, 51.953758 ], [ -7.841128, 51.946711 ], [ -7.842804, 51.940522 ], [ -7.86457, 51.931093 ], [ -7.88389, 51.912452 ], [ -7.906084, 51.905899 ], [ -7.906509, 51.898629 ], [ -7.903383, 51.893969 ], [ -7.888146, 51.894746 ], [ -7.864327, 51.883829 ], [ -7.866141, 51.880264 ], [ -7.869675, 51.880941 ], [ -7.872105, 51.877507 ], [ -7.890658, 51.878902 ], [ -7.917948, 51.872414 ], [ -7.964178, 51.869408 ], [ -7.995424, 51.861146 ], [ -8.020937, 51.846278 ], [ -8.022783, 51.84067 ], [ -8.021088, 51.832727 ], [ -8.000725, 51.828404 ], [ -8.00171, 51.825539 ], [ -8.025407, 51.818754 ], [ -8.032684, 51.820183 ], [ -8.037495, 51.818734 ], [ -8.038833, 51.814965 ], [ -8.048607, 51.817694 ], [ -8.061475, 51.808801 ], [ -8.112558, 51.808599 ], [ -8.13093, 51.805545 ], [ -8.14517, 51.799405 ], [ -8.156659, 51.788927 ], [ -8.16922, 51.785103 ], [ -8.175713, 51.785746 ], [ -8.174229, 51.788632 ], [ -8.179955, 51.796209 ], [ -8.208924, 51.792304 ], [ -8.222041, 51.795124 ], [ -8.254371, 51.792203 ], [ -8.248809, 51.804565 ], [ -8.251459, 51.808716 ], [ -8.259616, 51.809706 ], [ -8.264107, 51.81561 ], [ -8.249808, 51.822829 ], [ -8.253182, 51.829327 ], [ -8.24563, 51.828284 ], [ -8.249643, 51.825072 ], [ -8.23436, 51.824238 ], [ -8.232812, 51.830287 ], [ -8.241589, 51.8345 ], [ -8.239378, 51.837884 ], [ -8.230855, 51.837642 ], [ -8.209673, 51.845898 ], [ -8.209528, 51.843771 ], [ -8.191205, 51.84471 ], [ -8.195354, 51.846036 ], [ -8.188626, 51.857267 ], [ -8.177217, 51.85757 ], [ -8.167527, 51.861703 ], [ -8.206578, 51.857898 ], [ -8.209668, 51.860209 ], [ -8.209432, 51.865415 ], [ -8.204178, 51.869071 ], [ -8.208812, 51.86977 ], [ -8.214555, 51.86705 ], [ -8.215385, 51.857221 ], [ -8.264726, 51.858744 ], [ -8.273508, 51.852481 ], [ -8.293773, 51.850249 ], [ -8.318915, 51.842787 ], [ -8.327567, 51.848747 ], [ -8.325605, 51.866457 ], [ -8.330892, 51.866265 ], [ -8.33308, 51.847034 ], [ -8.342278, 51.84038 ], [ -8.360019, 51.837753 ], [ -8.330187, 51.839146 ], [ -8.33431, 51.837043 ], [ -8.324817, 51.830734 ], [ -8.322131, 51.831279 ], [ -8.322729, 51.83639 ], [ -8.298642, 51.835212 ], [ -8.30414, 51.819167 ], [ -8.309453, 51.819624 ], [ -8.310951, 51.82314 ], [ -8.318751, 51.820676 ], [ -8.325368, 51.822629 ], [ -8.323246, 51.817865 ], [ -8.31403, 51.818952 ], [ -8.311142, 51.812989 ], [ -8.294957, 51.81288 ], [ -8.293802, 51.808675 ], [ -8.320543, 51.808263 ], [ -8.329041, 51.802822 ], [ -8.359619, 51.81833 ], [ -8.373818, 51.813599 ], [ -8.386986, 51.814089 ], [ -8.390472, 51.813874 ], [ -8.392344, 51.813176 ], [ -8.349821, 51.809671 ], [ -8.328501, 51.801302 ], [ -8.321865, 51.805566 ], [ -8.294855, 51.802543 ], [ -8.286481, 51.810014 ], [ -8.275728, 51.809776 ], [ -8.277673, 51.805209 ], [ -8.273873, 51.797887 ], [ -8.280084, 51.795231 ], [ -8.282246, 51.788219 ], [ -8.295093, 51.783167 ], [ -8.293571, 51.77957 ], [ -8.31046, 51.775541 ], [ -8.331934, 51.765562 ], [ -8.34551, 51.765092 ], [ -8.34424, 51.76434 ], [ -8.348139, 51.764617 ], [ -8.349842, 51.763289 ], [ -8.353363, 51.76503 ], [ -8.354558, 51.764321 ], [ -8.356836, 51.765168 ], [ -8.362723, 51.764149 ], [ -8.364213, 51.764987 ], [ -8.364566, 51.764709 ], [ -8.364328, 51.76476 ], [ -8.363904, 51.764152 ], [ -8.362892, 51.763926 ], [ -8.354492, 51.763985 ], [ -8.350317, 51.761667 ], [ -8.347199, 51.764395 ], [ -8.339636, 51.761358 ], [ -8.305716, 51.771099 ], [ -8.296843, 51.767078 ], [ -8.300283, 51.762087 ], [ -8.296688, 51.754807 ], [ -8.304967, 51.747909 ], [ -8.300162, 51.744672 ], [ -8.308933, 51.741702 ], [ -8.312836, 51.74511 ], [ -8.311322, 51.731562 ], [ -8.330355, 51.734133 ], [ -8.337846, 51.727844 ], [ -8.336308, 51.721681 ], [ -8.342856, 51.715651 ], [ -8.352752, 51.716354 ], [ -8.354934, 51.712929 ], [ -8.35851, 51.716644 ], [ -8.385298, 51.714395 ], [ -8.387468, 51.708111 ], [ -8.392816, 51.704947 ], [ -8.38987, 51.701394 ], [ -8.407704, 51.705178 ], [ -8.424641, 51.701167 ], [ -8.427765, 51.69617 ], [ -8.4234, 51.692832 ], [ -8.426332, 51.692889 ], [ -8.428693, 51.687462 ], [ -8.431567, 51.689037 ], [ -8.439745, 51.685437 ], [ -8.447223, 51.689269 ], [ -8.438051, 51.701752 ], [ -8.441795, 51.704922 ], [ -8.440965, 51.712675 ], [ -8.443222, 51.716832 ], [ -8.442029, 51.711009 ], [ -8.445867, 51.708416 ], [ -8.443793, 51.704575 ], [ -8.451984, 51.697374 ], [ -8.461007, 51.702986 ], [ -8.459036, 51.70852 ], [ -8.466938, 51.711927 ], [ -8.473119, 51.710662 ], [ -8.461945, 51.698023 ], [ -8.450854, 51.692739 ], [ -8.458929, 51.686689 ], [ -8.455549, 51.687079 ], [ -8.457757, 51.682761 ], [ -8.472884, 51.680103 ], [ -8.477313, 51.673724 ], [ -8.485096, 51.67658 ], [ -8.493722, 51.674405 ], [ -8.497292, 51.678189 ], [ -8.490673, 51.683976 ], [ -8.493284, 51.686963 ], [ -8.491608, 51.688891 ], [ -8.500565, 51.69616 ], [ -8.499889, 51.700104 ], [ -8.507389, 51.704697 ], [ -8.521981, 51.705142 ], [ -8.517475, 51.701473 ], [ -8.518262, 51.698564 ], [ -8.528982, 51.694327 ], [ -8.544737, 51.70045 ], [ -8.549758, 51.695485 ], [ -8.541901, 51.695002 ], [ -8.533845, 51.689756 ], [ -8.516701, 51.694614 ], [ -8.510044, 51.700776 ], [ -8.513451, 51.695244 ], [ -8.512349, 51.690884 ], [ -8.502272, 51.685853 ], [ -8.50908, 51.68232 ], [ -8.509986, 51.678238 ], [ -8.517678, 51.679233 ], [ -8.519112, 51.683558 ], [ -8.52505, 51.686943 ], [ -8.529773, 51.685824 ], [ -8.520196, 51.682377 ], [ -8.51991, 51.678715 ], [ -8.528595, 51.671005 ], [ -8.527056, 51.666454 ], [ -8.532908, 51.660995 ], [ -8.530045, 51.659082 ], [ -8.532923, 51.65749 ], [ -8.530156, 51.657027 ], [ -8.542087, 51.652485 ], [ -8.55133, 51.643247 ], [ -8.54294, 51.639046 ], [ -8.544099, 51.635387 ], [ -8.53858, 51.633444 ], [ -8.541628, 51.631566 ], [ -8.528158, 51.627825 ], [ -8.538794, 51.623657 ], [ -8.540624, 51.618359 ], [ -8.539027, 51.614431 ], [ -8.531214, 51.613355 ], [ -8.528016, 51.60933 ], [ -8.533, 51.604106 ], [ -8.545022, 51.609882 ], [ -8.543185, 51.618541 ], [ -8.549203, 51.622419 ], [ -8.562981, 51.624186 ], [ -8.558562, 51.626431 ], [ -8.558436, 51.63084 ], [ -8.566642, 51.640027 ], [ -8.582901, 51.644381 ], [ -8.627798, 51.635576 ], [ -8.642364, 51.639698 ], [ -8.644295, 51.636155 ], [ -8.65933, 51.634544 ], [ -8.671104, 51.651252 ], [ -8.664463, 51.654733 ], [ -8.674115, 51.657938 ], [ -8.678176, 51.653385 ], [ -8.671712, 51.652316 ], [ -8.680534, 51.644663 ], [ -8.68999, 51.644481 ], [ -8.702449, 51.6515 ], [ -8.70052, 51.647511 ], [ -8.698301, 51.648528 ], [ -8.702117, 51.637977 ], [ -8.700455, 51.647292 ], [ -8.711616, 51.639251 ], [ -8.710528, 51.635359 ], [ -8.702306, 51.6331 ], [ -8.696995, 51.636149 ], [ -8.682792, 51.636414 ], [ -8.687782, 51.627196 ], [ -8.694437, 51.621292 ], [ -8.701368, 51.621053 ], [ -8.701786, 51.617809 ], [ -8.696728, 51.614072 ], [ -8.686696, 51.613463 ], [ -8.691089, 51.609905 ], [ -8.678493, 51.60901 ], [ -8.691269, 51.605578 ], [ -8.693491, 51.603137 ], [ -8.691275, 51.600363 ], [ -8.704539, 51.594552 ], [ -8.705714, 51.59005 ], [ -8.69963, 51.58776 ], [ -8.701696, 51.585516 ], [ -8.697329, 51.582502 ], [ -8.69868, 51.578669 ], [ -8.708319, 51.576748 ], [ -8.706541, 51.572567 ], [ -8.713456, 51.569257 ], [ -8.728797, 51.575228 ], [ -8.736741, 51.571459 ], [ -8.742327, 51.572838 ], [ -8.743705, 51.577238 ], [ -8.748916, 51.569839 ], [ -8.751436, 51.573762 ], [ -8.752896, 51.572697 ], [ -8.757811, 51.572484 ], [ -8.758031, 51.576451 ], [ -8.752399, 51.578357 ], [ -8.750582, 51.582436 ], [ -8.755566, 51.584769 ], [ -8.754057, 51.589032 ], [ -8.758977, 51.592593 ], [ -8.76288, 51.586212 ], [ -8.774604, 51.582004 ], [ -8.77939, 51.583606 ], [ -8.781074, 51.588283 ], [ -8.7926, 51.588392 ], [ -8.807281, 51.595533 ], [ -8.848744, 51.592781 ], [ -8.849132, 51.600734 ], [ -8.860291, 51.597851 ], [ -8.861527, 51.595059 ], [ -8.871689, 51.594439 ], [ -8.870876, 51.596967 ], [ -8.892295, 51.604209 ], [ -8.894698, 51.596576 ], [ -8.866742, 51.592123 ], [ -8.872946, 51.579118 ], [ -8.869491, 51.575619 ], [ -8.884386, 51.574392 ], [ -8.883848, 51.571989 ], [ -8.89516, 51.567931 ], [ -8.896074, 51.560575 ], [ -8.889625, 51.559308 ], [ -8.891964, 51.556753 ], [ -8.889671, 51.551548 ], [ -8.899023, 51.552388 ], [ -8.898089, 51.546955 ], [ -8.90601, 51.547312 ], [ -8.918712, 51.539464 ], [ -8.924284, 51.539943 ], [ -8.925798, 51.546999 ], [ -8.940101, 51.546367 ], [ -8.944498, 51.542125 ], [ -8.941304, 51.538038 ], [ -8.950958, 51.535087 ], [ -8.949436, 51.533106 ], [ -8.951326, 51.529627 ], [ -8.953161, 51.528954 ], [ -8.957968, 51.53119 ], [ -8.951909, 51.534608 ], [ -8.95633, 51.541204 ], [ -8.954212, 51.543692 ], [ -8.957157, 51.543431 ], [ -8.955217, 51.554025 ], [ -8.975737, 51.560321 ], [ -8.980649, 51.558789 ], [ -9.002126, 51.56694 ], [ -9.01684, 51.564084 ], [ -9.021021, 51.567174 ], [ -9.018601, 51.571059 ], [ -9.021455, 51.567316 ], [ -9.020358, 51.576402 ], [ -9.024711, 51.58262 ], [ -9.028709, 51.579321 ], [ -9.027652, 51.575542 ], [ -9.033975, 51.575566 ], [ -9.023249, 51.570317 ], [ -9.021513, 51.565667 ], [ -9.012083, 51.561538 ], [ -9.01488, 51.559092 ], [ -9.02922, 51.560183 ], [ -9.035377, 51.552953 ], [ -9.04562, 51.557885 ], [ -9.042667, 51.555284 ], [ -9.049346, 51.55137 ], [ -9.058158, 51.552975 ], [ -9.069258, 51.560088 ], [ -9.070709, 51.557 ], [ -9.06227, 51.551571 ], [ -9.085824, 51.545883 ], [ -9.090987, 51.549641 ], [ -9.097346, 51.54835 ], [ -9.111004, 51.558062 ], [ -9.110481, 51.561156 ], [ -9.120649, 51.566223 ], [ -9.131835, 51.562785 ], [ -9.138193, 51.57472 ], [ -9.145375, 51.577433 ], [ -9.144515, 51.580124 ], [ -9.151693, 51.578085 ], [ -9.146622, 51.574438 ], [ -9.147853, 51.571491 ], [ -9.138774, 51.569936 ], [ -9.138114, 51.562024 ], [ -9.142749, 51.558895 ], [ -9.117246, 51.556243 ], [ -9.11346, 51.552315 ], [ -9.118947, 51.549689 ], [ -9.116791, 51.548813 ], [ -9.118572, 51.546799 ], [ -9.109267, 51.538038 ], [ -9.119011, 51.53723 ], [ -9.123849, 51.539995 ], [ -9.119953, 51.535749 ], [ -9.136362, 51.531484 ], [ -9.130823, 51.526602 ], [ -9.136124, 51.526931 ], [ -9.136597, 51.525115 ], [ -9.141462, 51.52454 ], [ -9.142631, 51.522887 ], [ -9.145312, 51.521607 ], [ -9.148058, 51.520999 ], [ -9.153799, 51.524527 ], [ -9.148854, 51.530438 ], [ -9.159423, 51.52818 ], [ -9.162045, 51.52512 ], [ -9.156964, 51.52423 ], [ -9.156991, 51.519053 ], [ -9.158049, 51.519587 ], [ -9.163063, 51.519997 ], [ -9.174892, 51.516039 ], [ -9.176259, 51.517669 ], [ -9.165185, 51.529869 ], [ -9.171283, 51.532563 ], [ -9.169336, 51.52996 ], [ -9.17343, 51.525856 ], [ -9.188118, 51.519756 ], [ -9.183221, 51.515349 ], [ -9.19056, 51.511238 ], [ -9.18948, 51.50721 ], [ -9.205428, 51.507921 ], [ -9.21631, 51.497768 ], [ -9.209427, 51.487219 ], [ -9.220101, 51.486703 ], [ -9.22815, 51.480885 ], [ -9.242764, 51.482288 ], [ -9.239773, 51.487357 ], [ -9.23141, 51.491351 ], [ -9.23635, 51.492415 ], [ -9.234966, 51.496047 ], [ -9.270897, 51.483932 ], [ -9.265144, 51.488903 ], [ -9.27008, 51.489711 ], [ -9.265248, 51.494923 ], [ -9.267248, 51.49467 ], [ -9.265418, 51.500949 ], [ -9.278419, 51.498825 ], [ -9.275675, 51.49492 ], [ -9.280353, 51.493319 ], [ -9.281362, 51.495678 ], [ -9.286892, 51.494533 ], [ -9.285302, 51.498437 ], [ -9.29369, 51.49551 ], [ -9.295437, 51.501102 ], [ -9.299798, 51.505815 ], [ -9.306562, 51.506462 ], [ -9.306718, 51.501112 ], [ -9.300852, 51.495176 ], [ -9.302305, 51.498177 ], [ -9.2959, 51.499932 ], [ -9.296632, 51.494205 ], [ -9.291783, 51.490202 ], [ -9.308639, 51.486372 ], [ -9.345792, 51.46795 ], [ -9.349636, 51.468661 ], [ -9.349705, 51.471522 ], [ -9.362482, 51.470868 ], [ -9.362834, 51.474724 ], [ -9.3716, 51.468652 ], [ -9.381716, 51.470302 ], [ -9.380902, 51.47566 ], [ -9.388332, 51.47305 ], [ -9.382572, 51.478 ], [ -9.38463, 51.479754 ], [ -9.379323, 51.481211 ], [ -9.378449, 51.478849 ], [ -9.371351, 51.485801 ], [ -9.396603, 51.490093 ], [ -9.398058, 51.492865 ], [ -9.392546, 51.496785 ], [ -9.398226, 51.5002 ], [ -9.409807, 51.49616 ], [ -9.417893, 51.499785 ], [ -9.412456, 51.510023 ], [ -9.413936, 51.512004 ], [ -9.409598, 51.513163 ], [ -9.412335, 51.515515 ], [ -9.424923, 51.503997 ], [ -9.429281, 51.506085 ], [ -9.425501, 51.509942 ], [ -9.431101, 51.510648 ], [ -9.406762, 51.521738 ], [ -9.404863, 51.527162 ], [ -9.395149, 51.535525 ], [ -9.397381, 51.539079 ], [ -9.391846, 51.544154 ], [ -9.395317, 51.548617 ], [ -9.393424, 51.550283 ], [ -9.393348, 51.551907 ], [ -9.394635, 51.554126 ], [ -9.394449, 51.550248 ], [ -9.402426, 51.542545 ], [ -9.406138, 51.544353 ], [ -9.41367, 51.539869 ], [ -9.415616, 51.542321 ], [ -9.418888, 51.542734 ], [ -9.419446, 51.544585 ], [ -9.414891, 51.546276 ], [ -9.413282, 51.552764 ], [ -9.425613, 51.551534 ], [ -9.424353, 51.544601 ], [ -9.429319, 51.543569 ], [ -9.435493, 51.552754 ], [ -9.446182, 51.552887 ], [ -9.448921, 51.559402 ], [ -9.458071, 51.563252 ], [ -9.458075, 51.558045 ], [ -9.452909, 51.556957 ], [ -9.455299, 51.55139 ], [ -9.450222, 51.55352 ], [ -9.442588, 51.549408 ], [ -9.447328, 51.542799 ], [ -9.434375, 51.542187 ], [ -9.439148, 51.538824 ], [ -9.437423, 51.534858 ], [ -9.455204, 51.525195 ], [ -9.46462, 51.523856 ], [ -9.469943, 51.527298 ], [ -9.467204, 51.531137 ], [ -9.476177, 51.530645 ], [ -9.471835, 51.527398 ], [ -9.475314, 51.52314 ], [ -9.488522, 51.52435 ], [ -9.499083, 51.522038 ], [ -9.503253, 51.517726 ], [ -9.516579, 51.518504 ], [ -9.529932, 51.512961 ], [ -9.524995, 51.529384 ], [ -9.527779, 51.530881 ], [ -9.531129, 51.5275 ], [ -9.535234, 51.530343 ], [ -9.54457, 51.525531 ], [ -9.541183, 51.513674 ], [ -9.546501, 51.509485 ], [ -9.585341, 51.503476 ], [ -9.589467, 51.505147 ], [ -9.583037, 51.512747 ], [ -9.587176, 51.516831 ], [ -9.589216, 51.509676 ], [ -9.587169, 51.508574 ], [ -9.591979, 51.504221 ], [ -9.611647, 51.499143 ], [ -9.593142, 51.502571 ], [ -9.588013, 51.500507 ], [ -9.584245, 51.50046 ], [ -9.586268, 51.496684 ], [ -9.614982, 51.491758 ], [ -9.632911, 51.49163 ], [ -9.618052, 51.498358 ], [ -9.630303, 51.498547 ], [ -9.63011, 51.503118 ], [ -9.636336, 51.504827 ], [ -9.633537, 51.510607 ], [ -9.636108, 51.510935 ], [ -9.633112, 51.512197 ], [ -9.643829, 51.511037 ], [ -9.64666, 51.517992 ], [ -9.642894, 51.520108 ], [ -9.647498, 51.521989 ], [ -9.647549, 51.516056 ], [ -9.651307, 51.513788 ], [ -9.659852, 51.514223 ], [ -9.656877, 51.516456 ], [ -9.662737, 51.516392 ], [ -9.660363, 51.518407 ], [ -9.666623, 51.516911 ], [ -9.661721, 51.514794 ], [ -9.661852, 51.511178 ], [ -9.656215, 51.510177 ], [ -9.663386, 51.499629 ], [ -9.669481, 51.500112 ], [ -9.666592, 51.50599 ], [ -9.669824, 51.506927 ], [ -9.672033, 51.505276 ], [ -9.671785, 51.503545 ], [ -9.680534, 51.503987 ], [ -9.698789, 51.495128 ], [ -9.709589, 51.495747 ], [ -9.703989, 51.493306 ], [ -9.706313, 51.483982 ], [ -9.700535, 51.484303 ], [ -9.709531, 51.479612 ], [ -9.703128, 51.478717 ], [ -9.704635, 51.476233 ], [ -9.720278, 51.472834 ], [ -9.711232, 51.478084 ], [ -9.714114, 51.478288 ], [ -9.751702, 51.464233 ], [ -9.744048, 51.462298 ], [ -9.723438, 51.469948 ], [ -9.70415, 51.47245 ], [ -9.700599, 51.469672 ], [ -9.70985, 51.470182 ], [ -9.719693, 51.467907 ], [ -9.730327, 51.461572 ], [ -9.742797, 51.461701 ], [ -9.741461, 51.458076 ], [ -9.750071, 51.459221 ], [ -9.758188, 51.452053 ], [ -9.771935, 51.447545 ], [ -9.769331, 51.45306 ], [ -9.774814, 51.452328 ], [ -9.760396, 51.460831 ], [ -9.770688, 51.463374 ], [ -9.770853, 51.470163 ], [ -9.771505, 51.470697 ], [ -9.776953, 51.471996 ], [ -9.757953, 51.479377 ], [ -9.764298, 51.48021 ], [ -9.777981, 51.474162 ], [ -9.777486, 51.471443 ], [ -9.771427, 51.468883 ], [ -9.779752, 51.468183 ], [ -9.785764, 51.457216 ], [ -9.795489, 51.450456 ], [ -9.809948, 51.448203 ], [ -9.808372, 51.450702 ], [ -9.816723, 51.451384 ], [ -9.821528, 51.449075 ], [ -9.815313, 51.453308 ], [ -9.818315, 51.455722 ], [ -9.816477, 51.456919 ], [ -9.81986, 51.456512 ], [ -9.8147, 51.459154 ], [ -9.819658, 51.459298 ], [ -9.818391, 51.462603 ], [ -9.806876, 51.474705 ], [ -9.815687, 51.47559 ], [ -9.818335, 51.479248 ], [ -9.83262, 51.478007 ], [ -9.830183, 51.481755 ], [ -9.839063, 51.481437 ], [ -9.837029, 51.482996 ], [ -9.786696, 51.498907 ], [ -9.787593, 51.500943 ], [ -9.774463, 51.506623 ], [ -9.776856, 51.508295 ], [ -9.772433, 51.51224 ], [ -9.75781, 51.516411 ], [ -9.755837, 51.518361 ], [ -9.759344, 51.5187 ], [ -9.751124, 51.522669 ], [ -9.741828, 51.521083 ], [ -9.732914, 51.525467 ], [ -9.735764, 51.5265 ], [ -9.720774, 51.524959 ], [ -9.715259, 51.528031 ], [ -9.709944, 51.525541 ], [ -9.692218, 51.529765 ], [ -9.675379, 51.538175 ], [ -9.669922, 51.544235 ], [ -9.666399, 51.544335 ], [ -9.667614, 51.541986 ], [ -9.662887, 51.539255 ], [ -9.6571, 51.543392 ], [ -9.653647, 51.541295 ], [ -9.652724, 51.544486 ], [ -9.660433, 51.542916 ], [ -9.662926, 51.545416 ], [ -9.651989, 51.552157 ], [ -9.645314, 51.552719 ], [ -9.6469, 51.56446 ], [ -9.61469, 51.574228 ], [ -9.621433, 51.57812 ], [ -9.602716, 51.581832 ], [ -9.588299, 51.589009 ], [ -9.582747, 51.588264 ], [ -9.58496, 51.594927 ], [ -9.574744, 51.600868 ], [ -9.560448, 51.604853 ], [ -9.553526, 51.601801 ], [ -9.540593, 51.604639 ], [ -9.54146, 51.608155 ], [ -9.53246, 51.611047 ], [ -9.543878, 51.61472 ], [ -9.523684, 51.619643 ], [ -9.548803, 51.617494 ], [ -9.560533, 51.609091 ], [ -9.566661, 51.613052 ], [ -9.584984, 51.611456 ], [ -9.60497, 51.605753 ], [ -9.60534, 51.600502 ], [ -9.616063, 51.601038 ], [ -9.621553, 51.597689 ], [ -9.615482, 51.598106 ], [ -9.620063, 51.59614 ], [ -9.634089, 51.599955 ], [ -9.639219, 51.59716 ], [ -9.635134, 51.596894 ], [ -9.638646, 51.592296 ], [ -9.656947, 51.582506 ], [ -9.661867, 51.580991 ], [ -9.660278, 51.584704 ], [ -9.675912, 51.583014 ], [ -9.683124, 51.576912 ], [ -9.69254, 51.579428 ], [ -9.698084, 51.572482 ], [ -9.725778, 51.5696 ], [ -9.731142, 51.564835 ], [ -9.728882, 51.564144 ], [ -9.731049, 51.56063 ], [ -9.727684, 51.561005 ], [ -9.729964, 51.559738 ], [ -9.735344, 51.559434 ], [ -9.733157, 51.563579 ], [ -9.743414, 51.5632 ], [ -9.756846, 51.557371 ], [ -9.756012, 51.5599 ], [ -9.7605, 51.559601 ], [ -9.77552, 51.549967 ], [ -9.792726, 51.551172 ], [ -9.816283, 51.54183 ], [ -9.851363, 51.540934 ], [ -9.848789, 51.543611 ], [ -9.812044, 51.558169 ], [ -9.806663, 51.563705 ], [ -9.791184, 51.567125 ], [ -9.785609, 51.571677 ], [ -9.792062, 51.574128 ], [ -9.784756, 51.576109 ], [ -9.784566, 51.579746 ], [ -9.769555, 51.582674 ], [ -9.749035, 51.594012 ], [ -9.718474, 51.60024 ], [ -9.716577, 51.604875 ], [ -9.699551, 51.61339 ], [ -9.684201, 51.615691 ], [ -9.670877, 51.623436 ], [ -9.610444, 51.636701 ], [ -9.569544, 51.649858 ], [ -9.574106, 51.652101 ], [ -9.568971, 51.654148 ], [ -9.561197, 51.65303 ], [ -9.50908, 51.663399 ], [ -9.507566, 51.669637 ], [ -9.493303, 51.672322 ], [ -9.486234, 51.678564 ], [ -9.47152, 51.677171 ], [ -9.455762, 51.680438 ], [ -9.460876, 51.681717 ], [ -9.455235, 51.687428 ], [ -9.459066, 51.689688 ], [ -9.448618, 51.690466 ], [ -9.439658, 51.695045 ], [ -9.44729, 51.693286 ], [ -9.453435, 51.698305 ], [ -9.459164, 51.696384 ], [ -9.453393, 51.704056 ], [ -9.456017, 51.708366 ], [ -9.445388, 51.719154 ], [ -9.437954, 51.721171 ], [ -9.439506, 51.723395 ], [ -9.458592, 51.716351 ], [ -9.458583, 51.720203 ], [ -9.449268, 51.726234 ], [ -9.456482, 51.728837 ], [ -9.482876, 51.715247 ], [ -9.49191, 51.714499 ], [ -9.492011, 51.719008 ], [ -9.501832, 51.716425 ], [ -9.505923, 51.718552 ], [ -9.504514, 51.72509 ], [ -9.532119, 51.729979 ], [ -9.526316, 51.734656 ], [ -9.529546, 51.736742 ], [ -9.527132, 51.743461 ], [ -9.530834, 51.746384 ], [ -9.5344, 51.745348 ], [ -9.530461, 51.749031 ], [ -9.538039, 51.749725 ], [ -9.538439, 51.752539 ], [ -9.554346, 51.74685 ], [ -9.549036, 51.74585 ], [ -9.550915, 51.744131 ], [ -9.54498, 51.740147 ], [ -9.555667, 51.738897 ], [ -9.552259, 51.738103 ], [ -9.55914, 51.733028 ], [ -9.550451, 51.733748 ], [ -9.554203, 51.729723 ], [ -9.543089, 51.723764 ], [ -9.54988, 51.719049 ], [ -9.549532, 51.712973 ], [ -9.56003, 51.712915 ], [ -9.574157, 51.704923 ], [ -9.57325, 51.707155 ], [ -9.580621, 51.709967 ], [ -9.584117, 51.701233 ], [ -9.595081, 51.697896 ], [ -9.598184, 51.695046 ], [ -9.596039, 51.693558 ], [ -9.643785, 51.675014 ], [ -9.675399, 51.670246 ], [ -9.668387, 51.674925 ], [ -9.67377, 51.676505 ], [ -9.66518, 51.683688 ] ], [ [ -8.363237, 51.763942 ], [ -8.366789, 51.764596 ], [ -8.372411, 51.762446 ], [ -8.363237, 51.763942 ] ], [ [ -9.665395, 51.685392 ], [ -9.664175, 51.685285 ], [ -9.665752, 51.684999 ], [ -9.665395, 51.685392 ] ], [ [ -8.539626, 51.870393 ], [ -8.499829, 51.877797 ], [ -8.499659, 51.875404 ], [ -8.480264, 51.87429 ], [ -8.460646, 51.877839 ], [ -8.449224, 51.874771 ], [ -8.433976, 51.879558 ], [ -8.431974, 51.882301 ], [ -8.435631, 51.881103 ], [ -8.435191, 51.88311 ], [ -8.426165, 51.884163 ], [ -8.396593, 51.879954 ], [ -8.391545, 51.881689 ], [ -8.389489, 51.890809 ], [ -8.396514, 51.9059 ], [ -8.412913, 51.904409 ], [ -8.41334, 51.907649 ], [ -8.419586, 51.907231 ], [ -8.420735, 51.912576 ], [ -8.427317, 51.917134 ], [ -8.445777, 51.915608 ], [ -8.455897, 51.921329 ], [ -8.475779, 51.923062 ], [ -8.477536, 51.929298 ], [ -8.499331, 51.921756 ], [ -8.493164, 51.918079 ], [ -8.492444, 51.91436 ], [ -8.520475, 51.905746 ], [ -8.515557, 51.894265 ], [ -8.538412, 51.895641 ], [ -8.541019, 51.885131 ], [ -8.534408, 51.88124 ], [ -8.54181, 51.880506 ], [ -8.539626, 51.870393 ] ] ] ] } },
{ "type": "Feature", "properties": { "local_authority": "Donegal" }, "geometry": { "type": "MultiPolygon", "coordinates": [ [ [ [ -8.543888, 54.598143 ], [ -8.547599, 54.598711 ], [ -8.546555, 54.599254 ], [ -8.543888, 54.598143 ] ] ], [ [ [ -8.834237, 54.664142 ], [ -8.833577, 54.662798 ], [ -8.834788, 54.663479 ], [ -8.834237, 54.664142 ] ] ], [ [ [ -8.829687, 54.668287 ], [ -8.822528, 54.661997 ], [ -8.826086, 54.660514 ], [ -8.83335, 54.662134 ], [ -8.830754, 54.662393 ], [ -8.829687, 54.668287 ] ] ], [ [ [ -8.711944, 54.754025 ], [ -8.708817, 54.754214 ], [ -8.706587, 54.75303 ], [ -8.709331, 54.753121 ], [ -8.711944, 54.754025 ] ] ], [ [ [ -8.470386, 54.759476 ], [ -8.468865, 54.759372 ], [ -8.469496, 54.75922 ], [ -8.470386, 54.759476 ] ] ], [ [ [ -8.489222, 54.761096 ], [ -8.491985, 54.761764 ], [ -8.488286, 54.7619 ], [ -8.489222, 54.761096 ] ] ], [ [ [ -8.693319, 54.764694 ], [ -8.691512, 54.763152 ], [ -8.694182, 54.763758 ], [ -8.693319, 54.764694 ] ] ], [ [ [ -8.493027, 54.765517 ], [ -8.496836, 54.766186 ], [ -8.497892, 54.767172 ], [ -8.496699, 54.767797 ], [ -8.493027, 54.765517 ] ] ], [ [ [ -8.601208, 54.779006 ], [ -8.602624, 54.777029 ], [ -8.605524, 54.778431 ], [ -8.604136, 54.779567 ], [ -8.601208, 54.779006 ] ] ], [ [ [ -8.560301, 54.814139 ], [ -8.557353, 54.812363 ], [ -8.562861, 54.813364 ], [ -8.560301, 54.814139 ] ] ], [ [ [ -8.565711, 54.825224 ], [ -8.567389, 54.825762 ], [ -8.565735, 54.825887 ], [ -8.565711, 54.825224 ] ] ], [ [ [ -8.558008, 54.830379 ], [ -8.560132, 54.832534 ], [ -8.556867, 54.832574 ], [ -8.558008, 54.830379 ] ] ], [ [ [ -8.518913, 54.831303 ], [ -8.519933, 54.832265 ], [ -8.51809, 54.831955 ], [ -8.518913, 54.831303 ] ] ], [ [ [ -8.528176, 54.832388 ], [ -8.527414, 54.832606 ], [ -8.527714, 54.832043 ], [ -8.528176, 54.832388 ] ] ], [ [ [ -8.529566, 54.83345 ], [ -8.531325, 54.833995 ], [ -8.529371, 54.833927 ], [ -8.529566, 54.83345 ] ] ], [ [ [ -8.536898, 54.868863 ], [ -8.532094, 54.871671 ], [ -8.531423, 54.869704 ], [ -8.536898, 54.868863 ] ] ], [ [ [ -8.543279, 54.870888 ], [ -8.544302, 54.870261 ], [ -8.544592, 54.870545 ], [ -8.543279, 54.870888 ] ] ], [ [ [ -8.54019, 54.871003 ], [ -8.53981, 54.870666 ], [ -8.54109, 54.870552 ], [ -8.54019, 54.871003 ] ] ], [ [ [ -8.481523, 54.942926 ], [ -8.480356, 54.94103 ], [ -8.483256, 54.942336 ], [ -8.481523, 54.942926 ] ] ], [ [ [ -8.491726, 54.958504 ], [ -8.491476, 54.954472 ], [ -8.499758, 54.958237 ], [ -8.498548, 54.959155 ], [ -8.491726, 54.958504 ] ] ], [ [ [ -8.574439, 54.978831 ], [ -8.573428, 54.982582 ], [ -8.571351, 54.981429 ], [ -8.574439, 54.978831 ] ] ], [ [ [ -8.465034, 54.983962 ], [ -8.465758, 54.983969 ], [ -8.465862, 54.984321 ], [ -8.465034, 54.983962 ] ] ], [ [ [ -8.467257, 54.984786 ], [ -8.468218, 54.983533 ], [ -8.46885, 54.984432 ], [ -8.467257, 54.984786 ] ] ], [ [ [ -8.467877, 54.985944 ], [ -8.469003, 54.986452 ], [ -8.46857, 54.986822 ], [ -8.467877, 54.985944 ] ] ], [ [ [ -8.452851, 54.986442 ], [ -8.461542, 54.983938 ], [ -8.465738, 54.990936 ], [ -8.460797, 54.991134 ], [ -8.452851, 54.986442 ] ] ], [ [ [ -8.478986, 54.992814 ], [ -8.468029, 54.992082 ], [ -8.465522, 54.987647 ], [ -8.471812, 54.991693 ], [ -8.478986, 54.992814 ] ] ], [ [ [ -8.475591, 54.990818 ], [ -8.474017, 54.991335 ], [ -8.473964, 54.991082 ], [ -8.475591, 54.990818 ] ] ], [ [ [ -8.460078, 54.991127 ], [ -8.459716, 54.992005 ], [ -8.458682, 54.990499 ], [ -8.460078, 54.991127 ] ] ], [ [ [ -8.463294, 54.992496 ], [ -8.463945, 54.992372 ], [ -8.463962, 54.993004 ], [ -8.463294, 54.992496 ] ] ], [ [ [ -8.470314, 54.994642 ], [ -8.473346, 54.994285 ], [ -8.474788, 54.995762 ], [ -8.470314, 54.994642 ] ] ], [ [ [ -8.47576, 54.995318 ], [ -8.477351, 54.995466 ], [ -8.476788, 54.995659 ], [ -8.47576, 54.995318 ] ] ], [ [ [ -8.543217, 55.022142 ], [ -8.529701, 55.016806 ], [ -8.530993, 55.012089 ], [ -8.521886, 55.01193 ], [ -8.513003, 55.004217 ], [ -8.508331, 55.007399 ], [ -8.503459, 55.0066 ], [ -8.500036, 55.003165 ], [ -8.494851, 55.002097 ], [ -8.499922, 54.995126 ], [ -8.495527, 54.989799 ], [ -8.497268, 54.987341 ], [ -8.488396, 54.984918 ], [ -8.486887, 54.973609 ], [ -8.497103, 54.975051 ], [ -8.502658, 54.971602 ], [ -8.517616, 54.973639 ], [ -8.522905, 54.968539 ], [ -8.52863, 54.973491 ], [ -8.568034, 54.976903 ], [ -8.565219, 54.977972 ], [ -8.569545, 54.978987 ], [ -8.567793, 54.981626 ], [ -8.558184, 54.984736 ], [ -8.562418, 54.987199 ], [ -8.560243, 54.988127 ], [ -8.563897, 54.993872 ], [ -8.55731, 54.999809 ], [ -8.548549, 54.999966 ], [ -8.546896, 55.002225 ], [ -8.550072, 55.003029 ], [ -8.545888, 55.005865 ], [ -8.556802, 55.008307 ], [ -8.562443, 55.014457 ], [ -8.54555, 55.012237 ], [ -8.538425, 55.019472 ], [ -8.543217, 55.022142 ] ] ], [ [ [ -8.495028, 54.995698 ], [ -8.492382, 54.995938 ], [ -8.493924, 54.99514 ], [ -8.495028, 54.995698 ] ] ], [ [ [ -8.477536, 54.995701 ], [ -8.477555, 54.996157 ], [ -8.47703, 54.995806 ], [ -8.477536, 54.995701 ] ] ], [ [ [ -8.478482, 54.996327 ], [ -8.478055, 54.995922 ], [ -8.478598, 54.995901 ], [ -8.478482, 54.996327 ] ] ], [ [ [ -8.46146, 54.99723 ], [ -8.46099, 54.996748 ], [ -8.462083, 54.997259 ], [ -8.46146, 54.99723 ] ] ], [ [ [ -8.463107, 54.99824 ], [ -8.46451, 54.999225 ], [ -8.461532, 54.998151 ], [ -8.463107, 54.99824 ] ] ], [ [ [ -8.461434, 55.001988 ], [ -8.462288, 55.001138 ], [ -8.462948, 55.001965 ], [ -8.461434, 55.001988 ] ] ], [ [ [ -8.49821, 55.003104 ], [ -8.497657, 55.004014 ], [ -8.4972, 55.003653 ], [ -8.49821, 55.003104 ] ] ], [ [ [ -8.541776, 55.023844 ], [ -8.539964, 55.024768 ], [ -8.539407, 55.024281 ], [ -8.539484, 55.023415 ], [ -8.541776, 55.023844 ] ] ], [ [ [ -8.440883, 54.614341 ], [ -8.44001, 54.615067 ], [ -8.440986, 54.613855 ], [ -8.440883, 54.614341 ] ] ], [ [ [ -8.425013, 54.616149 ], [ -8.425576, 54.617077 ], [ -8.425373, 54.61693 ], [ -8.425013, 54.616149 ] ] ], [ [ [ -8.436918, 54.618826 ], [ -8.435581, 54.619623 ], [ -8.435707, 54.619206 ], [ -8.436918, 54.618826 ] ] ], [ [ [ -8.449205, 54.784407 ], [ -8.448045, 54.782164 ], [ -8.450389, 54.783305 ], [ -8.449205, 54.784407 ] ] ], [ [ [ -8.45117, 54.844892 ], [ -8.45826, 54.845667 ], [ -8.463436, 54.848741 ], [ -8.449126, 54.848155 ], [ -8.45117, 54.844892 ] ] ], [ [ [ -8.410195, 54.93853 ], [ -8.409334, 54.938078 ], [ -8.410133, 54.938025 ], [ -8.410195, 54.93853 ] ] ], [ [ [ -8.436039, 54.939151 ], [ -8.435094, 54.938572 ], [ -8.4363, 54.938806 ], [ -8.436039, 54.939151 ] ] ], [ [ [ -8.429389, 54.944267 ], [ -8.428703, 54.944417 ], [ -8.429011, 54.943862 ], [ -8.429389, 54.944267 ] ] ], [ [ [ -8.428583, 54.951959 ], [ -8.42063, 54.94803 ], [ -8.422746, 54.947007 ], [ -8.431447, 54.947036 ], [ -8.428583, 54.951959 ] ] ], [ [ [ -8.43124, 54.95056 ], [ -8.431628, 54.951174 ], [ -8.430833, 54.951123 ], [ -8.43124, 54.95056 ] ] ], [ [ [ -8.433561, 54.952863 ], [ -8.431462, 54.954801 ], [ -8.430785, 54.953118 ], [ -8.433561, 54.952863 ] ] ], [ [ [ -8.442746, 54.962088 ], [ -8.434126, 54.955614 ], [ -8.441076, 54.949398 ], [ -8.454985, 54.950503 ], [ -8.45288, 54.953068 ], [ -8.458433, 54.954645 ], [ -8.442746, 54.962088 ] ] ], [ [ [ -8.452489, 54.961202 ], [ -8.45093, 54.95934 ], [ -8.455271, 54.959124 ], [ -8.452489, 54.961202 ] ] ], [ [ [ -8.424593, 54.965338 ], [ -8.423976, 54.964668 ], [ -8.424985, 54.965634 ], [ -8.424593, 54.965338 ] ] ], [ [ [ -8.424588, 54.967105 ], [ -8.421138, 54.966533 ], [ -8.422236, 54.96449 ], [ -8.424588, 54.967105 ] ] ], [ [ [ -8.432339, 54.968746 ], [ -8.437596, 54.970063 ], [ -8.436678, 54.972992 ], [ -8.432339, 54.968746 ] ] ], [ [ [ -8.438469, 54.975451 ], [ -8.436949, 54.975284 ], [ -8.43618, 54.974887 ], [ -8.438469, 54.975451 ] ] ], [ [ [ -8.463889, 54.983147 ], [ -8.448841, 54.976385 ], [ -8.44581, 54.971146 ], [ -8.45507, 54.969118 ], [ -8.46727, 54.974092 ], [ -8.463889, 54.983147 ] ] ], [ [ [ -8.440946, 54.977782 ], [ -8.442626, 54.977291 ], [ -8.443234, 54.978879 ], [ -8.440946, 54.977782 ] ] ], [ [ [ -8.44297, 54.979884 ], [ -8.442505, 54.979644 ], [ -8.443767, 54.980227 ], [ -8.44297, 54.979884 ] ] ], [ [ [ -8.443021, 54.98089 ], [ -8.442727, 54.98026 ], [ -8.443879, 54.980914 ], [ -8.443021, 54.98089 ] ] ], [ [ [ -8.454133, 54.983293 ], [ -8.45539, 54.981363 ], [ -8.45756, 54.98345 ], [ -8.454133, 54.983293 ] ] ], [ [ [ -8.452807, 54.991795 ], [ -8.441786, 54.988775 ], [ -8.445276, 54.98707 ], [ -8.452807, 54.991795 ] ] ], [ [ [ -8.445272, 54.990099 ], [ -8.446155, 54.991633 ], [ -8.443648, 54.990348 ], [ -8.445272, 54.990099 ] ] ], [ [ [ -8.453483, 54.996895 ], [ -8.454364, 54.993617 ], [ -8.458636, 54.996486 ], [ -8.453483, 54.996895 ] ] ], [ [ [ -8.44986, 54.996161 ], [ -8.451104, 54.996107 ], [ -8.450779, 54.996521 ], [ -8.44986, 54.996161 ] ] ], [ [ [ -8.454325, 55.00021 ], [ -8.460435, 54.99811 ], [ -8.462245, 55.000746 ], [ -8.457595, 55.001343 ], [ -8.454325, 55.00021 ] ] ], [ [ [ -8.45485, 55.0046 ], [ -8.453392, 55.003753 ], [ -8.455159, 55.003644 ], [ -8.45485, 55.0046 ] ] ], [ [ [ -8.453315, 55.005733 ], [ -8.452747, 55.003905 ], [ -8.454615, 55.005311 ], [ -8.453315, 55.005733 ] ] ], [ [ [ -8.446052, 55.008471 ], [ -8.44523, 55.007608 ], [ -8.447165, 55.008022 ], [ -8.446052, 55.008471 ] ] ], [ [ [ -8.452365, 55.006553 ], [ -8.45504, 55.008233 ], [ -8.452784, 55.010897 ], [ -8.446394, 55.011065 ], [ -8.452365, 55.006553 ] ] ], [ [ [ -8.406467, 55.020454 ], [ -8.406012, 55.021016 ], [ -8.406053, 55.020445 ], [ -8.406467, 55.020454 ] ] ], [ [ [ -8.424473, 55.024693 ], [ -8.424034, 55.023075 ], [ -8.425747, 55.022992 ], [ -8.424473, 55.024693 ] ] ], [ [ [ -8.404352, 55.026151 ], [ -8.405751, 55.026416 ], [ -8.405913, 55.026884 ], [ -8.404352, 55.026151 ] ] ], [ [ [ -8.426828, 55.052644 ], [ -8.416373, 55.03897 ], [ -8.415535, 55.030449 ], [ -8.408908, 55.027746 ], [ -8.407604, 55.022214 ], [ -8.412011, 55.013013 ], [ -8.42301, 55.019652 ], [ -8.421963, 55.026352 ], [ -8.438418, 55.027495 ], [ -8.436392, 55.030703 ], [ -8.429985, 55.027626 ], [ -8.421112, 55.0355 ], [ -8.431763, 55.046433 ], [ -8.429937, 55.051291 ], [ -8.432083, 55.052466 ], [ -8.426828, 55.052644 ] ] ], [ [ [ -8.414572, 55.044724 ], [ -8.41082, 55.045684 ], [ -8.409291, 55.043676 ], [ -8.41236, 55.042852 ], [ -8.414572, 55.044724 ] ] ], [ [ [ -8.457365, 55.049145 ], [ -8.457864, 55.048528 ], [ -8.458806, 55.048779 ], [ -8.457365, 55.049145 ] ] ], [ [ [ -8.435215, 55.051528 ], [ -8.434139, 55.051683 ], [ -8.434133, 55.051099 ], [ -8.435215, 55.051528 ] ] ], [ [ [ -8.432161, 55.054417 ], [ -8.430292, 55.054159 ], [ -8.429714, 55.053468 ], [ -8.431941, 55.053698 ], [ -8.432161, 55.054417 ] ] ], [ [ [ -8.448797, 55.061495 ], [ -8.439634, 55.052131 ], [ -8.451526, 55.04806 ], [ -8.457322, 55.049366 ], [ -8.455627, 55.052585 ], [ -8.460337, 55.053289 ], [ -8.457857, 55.055527 ], [ -8.462282, 55.057075 ], [ -8.448797, 55.061495 ] ] ], [ [ [ -8.138894, 54.607316 ], [ -8.139321, 54.608514 ], [ -8.137543, 54.606585 ], [ -8.138894, 54.607316 ] ] ], [ [ [ -8.141498, 54.616141 ], [ -8.136128, 54.61873 ], [ -8.1362, 54.617817 ], [ -8.141498, 54.616141 ] ] ], [ [ [ -8.140955, 54.625825 ], [ -8.135552, 54.623699 ], [ -8.145865, 54.62303 ], [ -8.140955, 54.625825 ] ] ], [ [ [ -8.39875, 54.628596 ], [ -8.39881, 54.627186 ], [ -8.400079, 54.627051 ], [ -8.39875, 54.628596 ] ] ], [ [ [ -8.142578, 54.636346 ], [ -8.136568, 54.640182 ], [ -8.133059, 54.640329 ], [ -8.142578, 54.636346 ] ] ], [ [ [ -8.331288, 54.876666 ], [ -8.331344, 54.877742 ], [ -8.330283, 54.877276 ], [ -8.331288, 54.876666 ] ] ], [ [ [ -8.394138, 54.945049 ], [ -8.399982, 54.946372 ], [ -8.400471, 54.947488 ], [ -8.395171, 54.947641 ], [ -8.394138, 54.945049 ] ] ], [ [ [ -8.389916, 55.040872 ], [ -8.38941, 55.041696 ], [ -8.389279, 55.040519 ], [ -8.389916, 55.040872 ] ] ], [ [ [ -8.346377, 55.055274 ], [ -8.345293, 55.055071 ], [ -8.34499, 55.054567 ], [ -8.346377, 55.055274 ] ] ], [ [ [ -8.351553, 55.060134 ], [ -8.349931, 55.059383 ], [ -8.351523, 55.059532 ], [ -8.351553, 55.060134 ] ] ], [ [ [ -8.35246, 55.060492 ], [ -8.351767, 55.060201 ], [ -8.352253, 55.059731 ], [ -8.35246, 55.060492 ] ] ], [ [ [ -8.384025, 55.062199 ], [ -8.382959, 55.062481 ], [ -8.382803, 55.062104 ], [ -8.384025, 55.062199 ] ] ], [ [ [ -8.386189, 55.064992 ], [ -8.377049, 55.06107 ], [ -8.381874, 55.060979 ], [ -8.381856, 55.062808 ], [ -8.386189, 55.064992 ] ] ], [ [ [ -8.341798, 55.073793 ], [ -8.343945, 55.073438 ], [ -8.344371, 55.07413 ], [ -8.341798, 55.073793 ] ] ], [ [ [ -8.332939, 55.072025 ], [ -8.33867, 55.071867 ], [ -8.341545, 55.076446 ], [ -8.333216, 55.076372 ], [ -8.332939, 55.072025 ] ] ], [ [ [ -8.362395, 55.079593 ], [ -8.365003, 55.078378 ], [ -8.364958, 55.079427 ], [ -8.362395, 55.079593 ] ] ], [ [ [ -8.369297, 55.078723 ], [ -8.370443, 55.080198 ], [ -8.368548, 55.079909 ], [ -8.369297, 55.078723 ] ] ], [ [ [ -8.336711, 55.080484 ], [ -8.337233, 55.078969 ], [ -8.338398, 55.079889 ], [ -8.336711, 55.080484 ] ] ], [ [ [ -8.381602, 55.085964 ], [ -8.382824, 55.087313 ], [ -8.381401, 55.086173 ], [ -8.381602, 55.085964 ] ] ], [ [ [ -8.357762, 55.093866 ], [ -8.356847, 55.086028 ], [ -8.349105, 55.084238 ], [ -8.36031, 55.08106 ], [ -8.380164, 55.087131 ], [ -8.370258, 55.08872 ], [ -8.380274, 55.091133 ], [ -8.37289, 55.095919 ], [ -8.357762, 55.093866 ] ] ], [ [ [ -8.36628, 55.098682 ], [ -8.366757, 55.099216 ], [ -8.365066, 55.098435 ], [ -8.36628, 55.098682 ] ] ], [ [ [ -8.369354, 55.101464 ], [ -8.365953, 55.104336 ], [ -8.362452, 55.100916 ], [ -8.369354, 55.101464 ] ] ], [ [ [ -8.364704, 55.103516 ], [ -8.363069, 55.103221 ], [ -8.362827, 55.101883 ], [ -8.364704, 55.103516 ] ] ], [ [ [ -8.334743, 55.10846 ], [ -8.331384, 55.102971 ], [ -8.336253, 55.100212 ], [ -8.343158, 55.101466 ], [ -8.341338, 55.108187 ], [ -8.334743, 55.10846 ] ] ], [ [ [ -8.338228, 55.122365 ], [ -8.332835, 55.117283 ], [ -8.327482, 55.115324 ], [ -8.334923, 55.11488 ], [ -8.338398, 55.119646 ], [ -8.349096, 55.123155 ], [ -8.338228, 55.122365 ] ] ], [ [ [ -8.138155, 55.120279 ], [ -8.138676, 55.119805 ], [ -8.138374, 55.12058 ], [ -8.138155, 55.120279 ] ] ], [ [ [ -8.349226, 55.124235 ], [ -8.348215, 55.123815 ], [ -8.349326, 55.124004 ], [ -8.349226, 55.124235 ] ] ], [ [ [ -8.347464, 55.124445 ], [ -8.344394, 55.124012 ], [ -8.347651, 55.123859 ], [ -8.347464, 55.124445 ] ] ], [ [ [ -8.136592, 55.129895 ], [ -8.136814, 55.129364 ], [ -8.137906, 55.129251 ], [ -8.136592, 55.129895 ] ] ], [ [ [ -8.156917, 55.137147 ], [ -8.155957, 55.13708 ], [ -8.15641, 55.136794 ], [ -8.156917, 55.137147 ] ] ], [ [ [ -7.888485, 55.141474 ], [ -7.888874, 55.140963 ], [ -7.890392, 55.141148 ], [ -7.888485, 55.141474 ] ] ], [ [ [ -8.133321, 55.14247 ], [ -8.131034, 55.144801 ], [ -8.129707, 55.142769 ], [ -8.133321, 55.14247 ] ] ], [ [ [ -8.167249, 55.179464 ], [ -8.162981, 55.173385 ], [ -8.164687, 55.169601 ], [ -8.171447, 55.168282 ], [ -8.178802, 55.170825 ], [ -8.17657, 55.176477 ], [ -8.186225, 55.178252 ], [ -8.181664, 55.179841 ], [ -8.184529, 55.183774 ], [ -8.180318, 55.184501 ], [ -8.176544, 55.17823 ], [ -8.167249, 55.179464 ] ] ], [ [ [ -7.895153, 55.181977 ], [ -7.896158, 55.181444 ], [ -7.896086, 55.182096 ], [ -7.895153, 55.181977 ] ] ], [ [ [ -7.907611, 55.190913 ], [ -7.90784, 55.191558 ], [ -7.90684, 55.19186 ], [ -7.907611, 55.190913 ] ] ], [ [ [ -8.166772, 55.196176 ], [ -8.159995, 55.193361 ], [ -8.161629, 55.186594 ], [ -8.168451, 55.192427 ], [ -8.166772, 55.196176 ] ] ], [ [ [ -8.171042, 55.192868 ], [ -8.170413, 55.191906 ], [ -8.171847, 55.192465 ], [ -8.171042, 55.192868 ] ] ], [ [ [ -8.163224, 55.201917 ], [ -8.163563, 55.205118 ], [ -8.159477, 55.205129 ], [ -8.160124, 55.202859 ], [ -8.163224, 55.201917 ] ] ], [ [ [ -8.19303, 55.263625 ], [ -8.192785, 55.262484 ], [ -8.193513, 55.26267 ], [ -8.19303, 55.263625 ] ] ], [ [ [ -8.240888, 55.272915 ], [ -8.234996, 55.274409 ], [ -8.237956, 55.27044 ], [ -8.229862, 55.270236 ], [ -8.229144, 55.2677 ], [ -8.223322, 55.270649 ], [ -8.220238, 55.269554 ], [ -8.222898, 55.267348 ], [ -8.210509, 55.264295 ], [ -8.207349, 55.259554 ], [ -8.201244, 55.260453 ], [ -8.195306, 55.257239 ], [ -8.196083, 55.260333 ], [ -8.191572, 55.261022 ], [ -8.190576, 55.26413 ], [ -8.191615, 55.260451 ], [ -8.19405, 55.259344 ], [ -8.191976, 55.257338 ], [ -8.195667, 55.253972 ], [ -8.211686, 55.253544 ], [ -8.225948, 55.264892 ], [ -8.232118, 55.261269 ], [ -8.250922, 55.26598 ], [ -8.251402, 55.273038 ], [ -8.238821, 55.274741 ], [ -8.240888, 55.272915 ] ] ], [ [ [ -7.868841, 55.1267 ], [ -7.852378, 55.129871 ], [ -7.849917, 55.1335 ], [ -7.857499, 55.132836 ], [ -7.85663, 55.135693 ], [ -7.859845, 55.135814 ], [ -7.858071, 55.142195 ], [ -7.838368, 55.150681 ], [ -7.849255, 55.155192 ], [ -7.832202, 55.162823 ], [ -7.825202, 55.177193 ], [ -7.835005, 55.193362 ], [ -7.838432, 55.194696 ], [ -7.843583, 55.192508 ], [ -7.842094, 55.189609 ], [ -7.849814, 55.189126 ], [ -7.851476, 55.193716 ], [ -7.860755, 55.192925 ], [ -7.873469, 55.202536 ], [ -7.873391, 55.207606 ], [ -7.869697, 55.208989 ], [ -7.871421, 55.214171 ], [ -7.868559, 55.213841 ], [ -7.865182, 55.215395 ], [ -7.870681, 55.220366 ], [ -7.866867, 55.222345 ], [ -7.867356, 55.225874 ], [ -7.865364, 55.224686 ], [ -7.866344, 55.22995 ], [ -7.858806, 55.225961 ], [ -7.853481, 55.228726 ], [ -7.848824, 55.225799 ], [ -7.847658, 55.229891 ], [ -7.842233, 55.23206 ], [ -7.828134, 55.224415 ], [ -7.817151, 55.225507 ], [ -7.813797, 55.231122 ], [ -7.820514, 55.23298 ], [ -7.82215, 55.23785 ], [ -7.807487, 55.237163 ], [ -7.806735, 55.243811 ], [ -7.803301, 55.24268 ], [ -7.80912, 55.245539 ], [ -7.803863, 55.247852 ], [ -7.805478, 55.251119 ], [ -7.802395, 55.248848 ], [ -7.793291, 55.250329 ], [ -7.793173, 55.247349 ], [ -7.789242, 55.247236 ], [ -7.787445, 55.25745 ], [ -7.783058, 55.251933 ], [ -7.790497, 55.241509 ], [ -7.787199, 55.237756 ], [ -7.788634, 55.231659 ], [ -7.793355, 55.229457 ], [ -7.788627, 55.224847 ], [ -7.80065, 55.221453 ], [ -7.806918, 55.217104 ], [ -7.805067, 55.216486 ], [ -7.806593, 55.21298 ], [ -7.807711, 55.216492 ], [ -7.807311, 55.204371 ], [ -7.816899, 55.198982 ], [ -7.800685, 55.186755 ], [ -7.804052, 55.1855 ], [ -7.806942, 55.177647 ], [ -7.797026, 55.177023 ], [ -7.794444, 55.18455 ], [ -7.788025, 55.179788 ], [ -7.784821, 55.184517 ], [ -7.767928, 55.182926 ], [ -7.765504, 55.185243 ], [ -7.768868, 55.186021 ], [ -7.764733, 55.188488 ], [ -7.755808, 55.186036 ], [ -7.750249, 55.181543 ], [ -7.753484, 55.177898 ], [ -7.742673, 55.173142 ], [ -7.745229, 55.180242 ], [ -7.740862, 55.181352 ], [ -7.729222, 55.165978 ], [ -7.720558, 55.159736 ], [ -7.717883, 55.158998 ], [ -7.713818, 55.161284 ], [ -7.727924, 55.167852 ], [ -7.729024, 55.17527 ], [ -7.712185, 55.167023 ], [ -7.707318, 55.157234 ], [ -7.694006, 55.15123 ], [ -7.696403, 55.143612 ], [ -7.688738, 55.143287 ], [ -7.696119, 55.136415 ], [ -7.704375, 55.115374 ], [ -7.706636, 55.113056 ], [ -7.707752, 55.115935 ], [ -7.706895, 55.10638 ], [ -7.717687, 55.096893 ], [ -7.702452, 55.107007 ], [ -7.699222, 55.106444 ], [ -7.699689, 55.102841 ], [ -7.694405, 55.105824 ], [ -7.692979, 55.103997 ], [ -7.697261, 55.099221 ], [ -7.693967, 55.099288 ], [ -7.686162, 55.107524 ], [ -7.691988, 55.112359 ], [ -7.677675, 55.130528 ], [ -7.683642, 55.132616 ], [ -7.66938, 55.141717 ], [ -7.669195, 55.151436 ], [ -7.664568, 55.158413 ], [ -7.680161, 55.165149 ], [ -7.679494, 55.174042 ], [ -7.683478, 55.182331 ], [ -7.685613, 55.179732 ], [ -7.689037, 55.181823 ], [ -7.691625, 55.177277 ], [ -7.701527, 55.180167 ], [ -7.70145, 55.183489 ], [ -7.69345, 55.186683 ], [ -7.695075, 55.192983 ], [ -7.698273, 55.188914 ], [ -7.703504, 55.188469 ], [ -7.712108, 55.191073 ], [ -7.716524, 55.19629 ], [ -7.712935, 55.201863 ], [ -7.708524, 55.202373 ], [ -7.69639, 55.196192 ], [ -7.698138, 55.200082 ], [ -7.701396, 55.199376 ], [ -7.696685, 55.203079 ], [ -7.699186, 55.210965 ], [ -7.70591, 55.213989 ], [ -7.707853, 55.217377 ], [ -7.703291, 55.21516 ], [ -7.704476, 55.219829 ], [ -7.700985, 55.222819 ], [ -7.700665, 55.225477 ], [ -7.706001, 55.22456 ], [ -7.70938, 55.230241 ], [ -7.714472, 55.227217 ], [ -7.71419, 55.223817 ], [ -7.718927, 55.225082 ], [ -7.723292, 55.220304 ], [ -7.71981, 55.2208 ], [ -7.722949, 55.21843 ], [ -7.720232, 55.205695 ], [ -7.714561, 55.207869 ], [ -7.711709, 55.205897 ], [ -7.7163, 55.199649 ], [ -7.722241, 55.199299 ], [ -7.715906, 55.187896 ], [ -7.719019, 55.187562 ], [ -7.716493, 55.184802 ], [ -7.714873, 55.187476 ], [ -7.710203, 55.186667 ], [ -7.704265, 55.181176 ], [ -7.712648, 55.175772 ], [ -7.709573, 55.173285 ], [ -7.710543, 55.168921 ], [ -7.718449, 55.176129 ], [ -7.747312, 55.189036 ], [ -7.748349, 55.193327 ], [ -7.739093, 55.189435 ], [ -7.733924, 55.193426 ], [ -7.734931, 55.195803 ], [ -7.745815, 55.199289 ], [ -7.752278, 55.196642 ], [ -7.75199, 55.192862 ], [ -7.770902, 55.191216 ], [ -7.779957, 55.204267 ], [ -7.795327, 55.206232 ], [ -7.798874, 55.215578 ], [ -7.794042, 55.220564 ], [ -7.780573, 55.222663 ], [ -7.767979, 55.229479 ], [ -7.766419, 55.233421 ], [ -7.757608, 55.234324 ], [ -7.760003, 55.237522 ], [ -7.752298, 55.236633 ], [ -7.76002, 55.242325 ], [ -7.749816, 55.249283 ], [ -7.758804, 55.256941 ], [ -7.754372, 55.257538 ], [ -7.746044, 55.25094 ], [ -7.743177, 55.252964 ], [ -7.741518, 55.249113 ], [ -7.730561, 55.255072 ], [ -7.727823, 55.24789 ], [ -7.702195, 55.247687 ], [ -7.691517, 55.255082 ], [ -7.69435, 55.255986 ], [ -7.694617, 55.259715 ], [ -7.69223, 55.259817 ], [ -7.694221, 55.264463 ], [ -7.686553, 55.261882 ], [ -7.675897, 55.263892 ], [ -7.672801, 55.26897 ], [ -7.659205, 55.27468 ], [ -7.659548, 55.277405 ], [ -7.632222, 55.277559 ], [ -7.636799, 55.271732 ], [ -7.626235, 55.269787 ], [ -7.627651, 55.266546 ], [ -7.624102, 55.258971 ], [ -7.618709, 55.255745 ], [ -7.616576, 55.255919 ], [ -7.61901, 55.24986 ], [ -7.615964, 55.245224 ], [ -7.614053, 55.245558 ], [ -7.614682, 55.236707 ], [ -7.608122, 55.235762 ], [ -7.609568, 55.232924 ], [ -7.60556, 55.234113 ], [ -7.603317, 55.230757 ], [ -7.608388, 55.223185 ], [ -7.607343, 55.216947 ], [ -7.62586, 55.204221 ], [ -7.614675, 55.190361 ], [ -7.597306, 55.185479 ], [ -7.587855, 55.187859 ], [ -7.571616, 55.180145 ], [ -7.570522, 55.175166 ], [ -7.576738, 55.172001 ], [ -7.577224, 55.169662 ], [ -7.561007, 55.162011 ], [ -7.561356, 55.158659 ], [ -7.551008, 55.155771 ], [ -7.544095, 55.149315 ], [ -7.54145, 55.141485 ], [ -7.532149, 55.143164 ], [ -7.5275, 55.137279 ], [ -7.523588, 55.136341 ], [ -7.521858, 55.138978 ], [ -7.518085, 55.122978 ], [ -7.524443, 55.116143 ], [ -7.531478, 55.115024 ], [ -7.525724, 55.103542 ], [ -7.530386, 55.094924 ], [ -7.549149, 55.092631 ], [ -7.559538, 55.086989 ], [ -7.586304, 55.08126 ], [ -7.592784, 55.073757 ], [ -7.599785, 55.07441 ], [ -7.597181, 55.073806 ], [ -7.597135, 55.061766 ], [ -7.620153, 55.05523 ], [ -7.62494, 55.057717 ], [ -7.628732, 55.054563 ], [ -7.62708, 55.057225 ], [ -7.633058, 55.058061 ], [ -7.636665, 55.054405 ], [ -7.631393, 55.05479 ], [ -7.629591, 55.052026 ], [ -7.641572, 55.045543 ], [ -7.638654, 55.040689 ], [ -7.643981, 55.040366 ], [ -7.651852, 55.036881 ], [ -7.639005, 55.038684 ], [ -7.623409, 55.047141 ], [ -7.615381, 55.04722 ], [ -7.607363, 55.043015 ], [ -7.588178, 55.048367 ], [ -7.578746, 55.054551 ], [ -7.568089, 55.053671 ], [ -7.559599, 55.044818 ], [ -7.558245, 55.035511 ], [ -7.581941, 55.023511 ], [ -7.582396, 55.019325 ], [ -7.640233, 54.996816 ], [ -7.636854, 54.992634 ], [ -7.650896, 54.982905 ], [ -7.65948, 54.969104 ], [ -7.64644, 54.963522 ], [ -7.640796, 54.965042 ], [ -7.635738, 54.972326 ], [ -7.623172, 54.966921 ], [ -7.62653, 54.964218 ], [ -7.631361, 54.964108 ], [ -7.640934, 54.959613 ], [ -7.641123, 54.956562 ], [ -7.638232, 54.955569 ], [ -7.635927, 54.955648 ], [ -7.637189, 54.953663 ], [ -7.633326, 54.951851 ], [ -7.639788, 54.947225 ], [ -7.637221, 54.947276 ], [ -7.632856, 54.951746 ], [ -7.635843, 54.955914 ], [ -7.640343, 54.956901 ], [ -7.639347, 54.959064 ], [ -7.625566, 54.962174 ], [ -7.597103, 54.993417 ], [ -7.554011, 55.012497 ], [ -7.539556, 55.023896 ], [ -7.533688, 55.024522 ], [ -7.527234, 55.019768 ], [ -7.51576, 55.025149 ], [ -7.51817, 55.032785 ], [ -7.513279, 55.040145 ], [ -7.494516, 55.040508 ], [ -7.480216, 55.047028 ], [ -7.476297, 55.04294 ], [ -7.469799, 55.04998 ], [ -7.496423, 55.047352 ], [ -7.511068, 55.057303 ], [ -7.524469, 55.058129 ], [ -7.533189, 55.072329 ], [ -7.529654, 55.076007 ], [ -7.514974, 55.084513 ], [ -7.490322, 55.08438 ], [ -7.47885, 55.073788 ], [ -7.466849, 55.07204 ], [ -7.469954, 55.070445 ], [ -7.462303, 55.061556 ], [ -7.454644, 55.063042 ], [ -7.456441, 55.077495 ], [ -7.474753, 55.087897 ], [ -7.478006, 55.086976 ], [ -7.479615, 55.091636 ], [ -7.474383, 55.109793 ], [ -7.45937, 55.118534 ], [ -7.46579, 55.131311 ], [ -7.465271, 55.135454 ], [ -7.462433, 55.136782 ], [ -7.461627, 55.138064 ], [ -7.461714, 55.139548 ], [ -7.46781, 55.134126 ], [ -7.47624, 55.141066 ], [ -7.485897, 55.157247 ], [ -7.49685, 55.160876 ], [ -7.518329, 55.184316 ], [ -7.541047, 55.194816 ], [ -7.554624, 55.196266 ], [ -7.548393, 55.202189 ], [ -7.54013, 55.200459 ], [ -7.538989, 55.202877 ], [ -7.549005, 55.207235 ], [ -7.545132, 55.207994 ], [ -7.545081, 55.217144 ], [ -7.540489, 55.218013 ], [ -7.536346, 55.228735 ], [ -7.526956, 55.231013 ], [ -7.517967, 55.238676 ], [ -7.521916, 55.243873 ], [ -7.532997, 55.242709 ], [ -7.530413, 55.244524 ], [ -7.53425, 55.247579 ], [ -7.51614, 55.254326 ], [ -7.508741, 55.265639 ], [ -7.50864, 55.271673 ], [ -7.520726, 55.274042 ], [ -7.526403, 55.279697 ], [ -7.522088, 55.285144 ], [ -7.52474, 55.28475 ], [ -7.524705, 55.286108 ], [ -7.499023, 55.289596 ], [ -7.490492, 55.283947 ], [ -7.470329, 55.281534 ], [ -7.465223, 55.285961 ], [ -7.472133, 55.292673 ], [ -7.466678, 55.296944 ], [ -7.450663, 55.290859 ], [ -7.452614, 55.286266 ], [ -7.449445, 55.282148 ], [ -7.427291, 55.277804 ], [ -7.434547, 55.286944 ], [ -7.403932, 55.29271 ], [ -7.384776, 55.2923 ], [ -7.379605, 55.296061 ], [ -7.374601, 55.306514 ], [ -7.375718, 55.316289 ], [ -7.363395, 55.318474 ], [ -7.334531, 55.311958 ], [ -7.332602, 55.308008 ], [ -7.325952, 55.306036 ], [ -7.325444, 55.302523 ], [ -7.312694, 55.304931 ], [ -7.316454, 55.3006 ], [ -7.308327, 55.297886 ], [ -7.303984, 55.292301 ], [ -7.320194, 55.288668 ], [ -7.347587, 55.290932 ], [ -7.350041, 55.289272 ], [ -7.348391, 55.284425 ], [ -7.339226, 55.283813 ], [ -7.336476, 55.286683 ], [ -7.329591, 55.282729 ], [ -7.322508, 55.285889 ], [ -7.312599, 55.28481 ], [ -7.290115, 55.275156 ], [ -7.270983, 55.282305 ], [ -7.265948, 55.280542 ], [ -7.271234, 55.277943 ], [ -7.269052, 55.276542 ], [ -7.263146, 55.27929 ], [ -7.24506, 55.277821 ], [ -7.267322, 55.289302 ], [ -7.260645, 55.294358 ], [ -7.277634, 55.292792 ], [ -7.316819, 55.310856 ], [ -7.330765, 55.311883 ], [ -7.334862, 55.325662 ], [ -7.353584, 55.331871 ], [ -7.350531, 55.336646 ], [ -7.351541, 55.347362 ], [ -7.347801, 55.358026 ], [ -7.358757, 55.361519 ], [ -7.373116, 55.360557 ], [ -7.387496, 55.367107 ], [ -7.384807, 55.371345 ], [ -7.38981, 55.371957 ], [ -7.389214, 55.375446 ], [ -7.399767, 55.374815 ], [ -7.390827, 55.378162 ], [ -7.39098, 55.379924 ], [ -7.369696, 55.38264 ], [ -7.349547, 55.374959 ], [ -7.339337, 55.375727 ], [ -7.332408, 55.368188 ], [ -7.305906, 55.369166 ], [ -7.30172, 55.366093 ], [ -7.291303, 55.368717 ], [ -7.290011, 55.366025 ], [ -7.276908, 55.366048 ], [ -7.269789, 55.359867 ], [ -7.256858, 55.357743 ], [ -7.242486, 55.360235 ], [ -7.238868, 55.354231 ], [ -7.231335, 55.351773 ], [ -7.189799, 55.34581 ], [ -7.170682, 55.336013 ], [ -7.172862, 55.33069 ], [ -7.168908, 55.325563 ], [ -7.176939, 55.320166 ], [ -7.157502, 55.3108 ], [ -7.159346, 55.306562 ], [ -7.152605, 55.302177 ], [ -7.156816, 55.296923 ], [ -7.15162, 55.294587 ], [ -7.136074, 55.291297 ], [ -7.124758, 55.294684 ], [ -7.116068, 55.28742 ], [ -7.092762, 55.285668 ], [ -7.092433, 55.281605 ], [ -7.069722, 55.271691 ], [ -7.041299, 55.275271 ], [ -7.035957, 55.269159 ], [ -7.009199, 55.265169 ], [ -7.012445, 55.258465 ], [ -7.004899, 55.255202 ], [ -6.957658, 55.254257 ], [ -6.938326, 55.246771 ], [ -6.927932, 55.237261 ], [ -6.921965, 55.237228 ], [ -6.928342, 55.231195 ], [ -6.927795, 55.226898 ], [ -6.924834, 55.226716 ], [ -6.941262, 55.217024 ], [ -6.952676, 55.214103 ], [ -6.951386, 55.209756 ], [ -6.958912, 55.209711 ], [ -6.962962, 55.20698 ], [ -6.971639, 55.205618 ], [ -6.983143, 55.201758 ], [ -6.985271, 55.201589 ], [ -6.983233, 55.203364 ], [ -7.022366, 55.189852 ], [ -7.046846, 55.187486 ], [ -7.056326, 55.181102 ], [ -7.096954, 55.168711 ], [ -7.120987, 55.157896 ], [ -7.137597, 55.156109 ], [ -7.159087, 55.148923 ], [ -7.185269, 55.132755 ], [ -7.188331, 55.125185 ], [ -7.203909, 55.118969 ], [ -7.212891, 55.104029 ], [ -7.245229, 55.081281 ], [ -7.258102, 55.066386 ], [ -7.273144, 55.063022 ], [ -7.277252, 55.054342 ], [ -7.285103, 55.049143 ], [ -7.289196, 55.047402 ], [ -7.299435, 55.056115 ], [ -7.318242, 55.045089 ], [ -7.345167, 55.050821 ], [ -7.366658, 55.038624 ], [ -7.376559, 55.028692 ], [ -7.39147, 55.022322 ], [ -7.398493, 55.009287 ], [ -7.405597, 55.003327 ], [ -7.39143, 54.997808 ], [ -7.406986, 54.983059 ], [ -7.400352, 54.972172 ], [ -7.407466, 54.963658 ], [ -7.402089, 54.959599 ], [ -7.406399, 54.954114 ], [ -7.396939, 54.946043 ], [ -7.392055, 54.94544 ], [ -7.405177, 54.942158 ], [ -7.425138, 54.943176 ], [ -7.447596, 54.934572 ], [ -7.445143, 54.910989 ], [ -7.452497, 54.899743 ], [ -7.45181, 54.893984 ], [ -7.442221, 54.879565 ], [ -7.444269, 54.869381 ], [ -7.454728, 54.860639 ], [ -7.455907, 54.85402 ], [ -7.460882, 54.853673 ], [ -7.471366, 54.834425 ], [ -7.481401, 54.830796 ], [ -7.483852, 54.823964 ], [ -7.517475, 54.808229 ], [ -7.527888, 54.807847 ], [ -7.527631, 54.802887 ], [ -7.538902, 54.800921 ], [ -7.549222, 54.789358 ], [ -7.543236, 54.782471 ], [ -7.548122, 54.772396 ], [ -7.547528, 54.755331 ], [ -7.534207, 54.747033 ], [ -7.54916, 54.740495 ], [ -7.55778, 54.745273 ], [ -7.578259, 54.741762 ], [ -7.575391, 54.748598 ], [ -7.578085, 54.750434 ], [ -7.586632, 54.749878 ], [ -7.588531, 54.743699 ], [ -7.600843, 54.746003 ], [ -7.617599, 54.743376 ], [ -7.636641, 54.751491 ], [ -7.677356, 54.730897 ], [ -7.697671, 54.726139 ], [ -7.697413, 54.723748 ], [ -7.711581, 54.726092 ], [ -7.73535, 54.716908 ], [ -7.744845, 54.705209 ], [ -7.750134, 54.704272 ], [ -7.756841, 54.705535 ], [ -7.753829, 54.707503 ], [ -7.777891, 54.710305 ], [ -7.778608, 54.715716 ], [ -7.789174, 54.719694 ], [ -7.808145, 54.719877 ], [ -7.807177, 54.722346 ], [ -7.812335, 54.724278 ], [ -7.817844, 54.733843 ], [ -7.836669, 54.736442 ], [ -7.854601, 54.726994 ], [ -7.879551, 54.702774 ], [ -7.890324, 54.703357 ], [ -7.895095, 54.700459 ], [ -7.91796, 54.702708 ], [ -7.920896, 54.695963 ], [ -7.912561, 54.694306 ], [ -7.907535, 54.689289 ], [ -7.898958, 54.690982 ], [ -7.897932, 54.687806 ], [ -7.913856, 54.675903 ], [ -7.910587, 54.66912 ], [ -7.893004, 54.656502 ], [ -7.856612, 54.650497 ], [ -7.853984, 54.642694 ], [ -7.857106, 54.63896 ], [ -7.851039, 54.636404 ], [ -7.854745, 54.632381 ], [ -7.851267, 54.630569 ], [ -7.842083, 54.634013 ], [ -7.828149, 54.633063 ], [ -7.813232, 54.643887 ], [ -7.813672, 54.641384 ], [ -7.801125, 54.633473 ], [ -7.783659, 54.633203 ], [ -7.772485, 54.621592 ], [ -7.757806, 54.625055 ], [ -7.75432, 54.618528 ], [ -7.743357, 54.620268 ], [ -7.741552, 54.617975 ], [ -7.73781, 54.622762 ], [ -7.71651, 54.628847 ], [ -7.708407, 54.634715 ], [ -7.703441, 54.627499 ], [ -7.706334, 54.619635 ], [ -7.693461, 54.61913 ], [ -7.697342, 54.610056 ], [ -7.751497, 54.598789 ], [ -7.760308, 54.594212 ], [ -7.763099, 54.590082 ], [ -7.758844, 54.587554 ], [ -7.760906, 54.586344 ], [ -7.78708, 54.580201 ], [ -7.7933, 54.581915 ], [ -7.799606, 54.576521 ], [ -7.796554, 54.571721 ], [ -7.817951, 54.563352 ], [ -7.833264, 54.552225 ], [ -7.823877, 54.544427 ], [ -7.850485, 54.533016 ], [ -7.856549, 54.536543 ], [ -7.894789, 54.534992 ], [ -7.907603, 54.537524 ], [ -7.937529, 54.532968 ], [ -7.944356, 54.535976 ], [ -7.952066, 54.533863 ], [ -7.970612, 54.547252 ], [ -7.991455, 54.543037 ], [ -8.005982, 54.545836 ], [ -8.014184, 54.535859 ], [ -8.012863, 54.533113 ], [ -8.017292, 54.531957 ], [ -8.041824, 54.50633 ], [ -8.038314, 54.503158 ], [ -8.042615, 54.487723 ], [ -8.089022, 54.487098 ], [ -8.098666, 54.484276 ], [ -8.095544, 54.481937 ], [ -8.097222, 54.479445 ], [ -8.091108, 54.476338 ], [ -8.11312, 54.476389 ], [ -8.115372, 54.472982 ], [ -8.1115, 54.470302 ], [ -8.114707, 54.469058 ], [ -8.164761, 54.469064 ], [ -8.177439, 54.464754 ], [ -8.220978, 54.472927 ], [ -8.224155, 54.469866 ], [ -8.231968, 54.470449 ], [ -8.233786, 54.462496 ], [ -8.237028, 54.461017 ], [ -8.254646, 54.462074 ], [ -8.259946, 54.459062 ], [ -8.282882, 54.464763 ], [ -8.298681, 54.463591 ], [ -8.304469, 54.468127 ], [ -8.304251, 54.471416 ], [ -8.321755, 54.473463 ], [ -8.313024, 54.478892 ], [ -8.284372, 54.478162 ], [ -8.287574, 54.48095 ], [ -8.279927, 54.483344 ], [ -8.284306, 54.487715 ], [ -8.266403, 54.490602 ], [ -8.264151, 54.5025 ], [ -8.256907, 54.509334 ], [ -8.25164, 54.509107 ], [ -8.258104, 54.504391 ], [ -8.252958, 54.500405 ], [ -8.214796, 54.501801 ], [ -8.210362, 54.506639 ], [ -8.242372, 54.507184 ], [ -8.254008, 54.511769 ], [ -8.269376, 54.524951 ], [ -8.252277, 54.530153 ], [ -8.250323, 54.534832 ], [ -8.223311, 54.545936 ], [ -8.209915, 54.548844 ], [ -8.221438, 54.571477 ], [ -8.217685, 54.574541 ], [ -8.209122, 54.571859 ], [ -8.194123, 54.576955 ], [ -8.197196, 54.57891 ], [ -8.193021, 54.583736 ], [ -8.177766, 54.58642 ], [ -8.171859, 54.593867 ], [ -8.165695, 54.594984 ], [ -8.163201, 54.604066 ], [ -8.168298, 54.618593 ], [ -8.166263, 54.624098 ], [ -8.153644, 54.626434 ], [ -8.153909, 54.623784 ], [ -8.149265, 54.623225 ], [ -8.149322, 54.620999 ], [ -8.157484, 54.621862 ], [ -8.153109, 54.620202 ], [ -8.156339, 54.619275 ], [ -8.154636, 54.617581 ], [ -8.148722, 54.620558 ], [ -8.155454, 54.614196 ], [ -8.143148, 54.609007 ], [ -8.151657, 54.604095 ], [ -8.147872, 54.602085 ], [ -8.134833, 54.603353 ], [ -8.132352, 54.607008 ], [ -8.133999, 54.610378 ], [ -8.128413, 54.612766 ], [ -8.135601, 54.614066 ], [ -8.131604, 54.61884 ], [ -8.125367, 54.617914 ], [ -8.127081, 54.612617 ], [ -8.121748, 54.616841 ], [ -8.114579, 54.615637 ], [ -8.113619, 54.612579 ], [ -8.119337, 54.612009 ], [ -8.119458, 54.610708 ], [ -8.107029, 54.612999 ], [ -8.113207, 54.61479 ], [ -8.105289, 54.616386 ], [ -8.105951, 54.619443 ], [ -8.115957, 54.619531 ], [ -8.118183, 54.62396 ], [ -8.129525, 54.619971 ], [ -8.132035, 54.623498 ], [ -8.11842, 54.626119 ], [ -8.127955, 54.626483 ], [ -8.12434, 54.629291 ], [ -8.107556, 54.632773 ], [ -8.128547, 54.631327 ], [ -8.124212, 54.634415 ], [ -8.143888, 54.630382 ], [ -8.124787, 54.635445 ], [ -8.122165, 54.640996 ], [ -8.118228, 54.642286 ], [ -8.117077, 54.643257 ], [ -8.124055, 54.643718 ], [ -8.109855, 54.655259 ], [ -8.12862, 54.647782 ], [ -8.125492, 54.65201 ], [ -8.135155, 54.650258 ], [ -8.133778, 54.643646 ], [ -8.152736, 54.634848 ], [ -8.161172, 54.634317 ], [ -8.162058, 54.628428 ], [ -8.162068, 54.634645 ], [ -8.159762, 54.637503 ], [ -8.167177, 54.641842 ], [ -8.155644, 54.643407 ], [ -8.154152, 54.646161 ], [ -8.149779, 54.647784 ], [ -8.149315, 54.648308 ], [ -8.147424, 54.648886 ], [ -8.147091, 54.649299 ], [ -8.157599, 54.646393 ], [ -8.164008, 54.64943 ], [ -8.180895, 54.640044 ], [ -8.173172, 54.639278 ], [ -8.171716, 54.636049 ], [ -8.187302, 54.640317 ], [ -8.203778, 54.632737 ], [ -8.204579, 54.629731 ], [ -8.214627, 54.62959 ], [ -8.230236, 54.623729 ], [ -8.23401, 54.618251 ], [ -8.246807, 54.617768 ], [ -8.272138, 54.606813 ], [ -8.298562, 54.601337 ], [ -8.296446, 54.60593 ], [ -8.300588, 54.609243 ], [ -8.288812, 54.619037 ], [ -8.290653, 54.622799 ], [ -8.272005, 54.635415 ], [ -8.277695, 54.64268 ], [ -8.287528, 54.646842 ], [ -8.309337, 54.636682 ], [ -8.342227, 54.630693 ], [ -8.354074, 54.614227 ], [ -8.378202, 54.60437 ], [ -8.37826, 54.601662 ], [ -8.392748, 54.59349 ], [ -8.42993, 54.586683 ], [ -8.429281, 54.582859 ], [ -8.439859, 54.581106 ], [ -8.43933, 54.577782 ], [ -8.43515, 54.577632 ], [ -8.439005, 54.573729 ], [ -8.461664, 54.567213 ], [ -8.462834, 54.569275 ], [ -8.457136, 54.570643 ], [ -8.454479, 54.576463 ], [ -8.443116, 54.581762 ], [ -8.44835, 54.587677 ], [ -8.398473, 54.59847 ], [ -8.395526, 54.603274 ], [ -8.399253, 54.602203 ], [ -8.376381, 54.613558 ], [ -8.381314, 54.614688 ], [ -8.378351, 54.617845 ], [ -8.381137, 54.61834 ], [ -8.378052, 54.620826 ], [ -8.379243, 54.623874 ], [ -8.390147, 54.627907 ], [ -8.384943, 54.636347 ], [ -8.391682, 54.635463 ], [ -8.390151, 54.633074 ], [ -8.393722, 54.630623 ], [ -8.397202, 54.631563 ], [ -8.396606, 54.635267 ], [ -8.406882, 54.631392 ], [ -8.40944, 54.627167 ], [ -8.418677, 54.623777 ], [ -8.419512, 54.618554 ], [ -8.427731, 54.617223 ], [ -8.430539, 54.620466 ], [ -8.438129, 54.614326 ], [ -8.433931, 54.620639 ], [ -8.437297, 54.622218 ], [ -8.429128, 54.625853 ], [ -8.43053, 54.634045 ], [ -8.419136, 54.649636 ], [ -8.424336, 54.647278 ], [ -8.428197, 54.65092 ], [ -8.43568, 54.63813 ], [ -8.44561, 54.633438 ], [ -8.44159, 54.632249 ], [ -8.442857, 54.628784 ], [ -8.438783, 54.629259 ], [ -8.441894, 54.623572 ], [ -8.453531, 54.618585 ], [ -8.464622, 54.60565 ], [ -8.483833, 54.604912 ], [ -8.484746, 54.60891 ], [ -8.479155, 54.614842 ], [ -8.486193, 54.617158 ], [ -8.486276, 54.620493 ], [ -8.474268, 54.626148 ], [ -8.480603, 54.628323 ], [ -8.476483, 54.632843 ], [ -8.477626, 54.636919 ], [ -8.483562, 54.636068 ], [ -8.477895, 54.635771 ], [ -8.477922, 54.633224 ], [ -8.48907, 54.635151 ], [ -8.542311, 54.617877 ], [ -8.557489, 54.619781 ], [ -8.564996, 54.614535 ], [ -8.577126, 54.614266 ], [ -8.578453, 54.609826 ], [ -8.587945, 54.60648 ], [ -8.592573, 54.609174 ], [ -8.584366, 54.616705 ], [ -8.617671, 54.620255 ], [ -8.605081, 54.622855 ], [ -8.603277, 54.626838 ], [ -8.612706, 54.622898 ], [ -8.624106, 54.623302 ], [ -8.628341, 54.63055 ], [ -8.63177, 54.628257 ], [ -8.635429, 54.630964 ], [ -8.63086, 54.63649 ], [ -8.643226, 54.649664 ], [ -8.644031, 54.64326 ], [ -8.639343, 54.638307 ], [ -8.63878, 54.629717 ], [ -8.62874, 54.621875 ], [ -8.649094, 54.619751 ], [ -8.658554, 54.622532 ], [ -8.662507, 54.619655 ], [ -8.670359, 54.621455 ], [ -8.680177, 54.61919 ], [ -8.681928, 54.620357 ], [ -8.678881, 54.62277 ], [ -8.686223, 54.627747 ], [ -8.677396, 54.633969 ], [ -8.685593, 54.635174 ], [ -8.692139, 54.642154 ], [ -8.706676, 54.641423 ], [ -8.725507, 54.646018 ], [ -8.724432, 54.649147 ], [ -8.76935, 54.656056 ], [ -8.773295, 54.65756 ], [ -8.771772, 54.664204 ], [ -8.778839, 54.664108 ], [ -8.780516, 54.659707 ], [ -8.785453, 54.665562 ], [ -8.788645, 54.659906 ], [ -8.793147, 54.662716 ], [ -8.794672, 54.668695 ], [ -8.78938, 54.672226 ], [ -8.790204, 54.675001 ], [ -8.784258, 54.674222 ], [ -8.787604, 54.684218 ], [ -8.781866, 54.688915 ], [ -8.792858, 54.68863 ], [ -8.799927, 54.692152 ], [ -8.798276, 54.693399 ], [ -8.803413, 54.694883 ], [ -8.802022, 54.69779 ], [ -8.805547, 54.698165 ], [ -8.802851, 54.702932 ], [ -8.797829, 54.702109 ], [ -8.793537, 54.706384 ], [ -8.789699, 54.705652 ], [ -8.789266, 54.702183 ], [ -8.779935, 54.701352 ], [ -8.760489, 54.706728 ], [ -8.761986, 54.709187 ], [ -8.745428, 54.707316 ], [ -8.74092, 54.708497 ], [ -8.740181, 54.712009 ], [ -8.731008, 54.711508 ], [ -8.736872, 54.713221 ], [ -8.736802, 54.713646 ], [ -8.73455, 54.714187 ], [ -8.734583, 54.714399 ], [ -8.746926, 54.711821 ], [ -8.74797, 54.716735 ], [ -8.751539, 54.717038 ], [ -8.744131, 54.721065 ], [ -8.750223, 54.722804 ], [ -8.749622, 54.727793 ], [ -8.740361, 54.731953 ], [ -8.740097, 54.735057 ], [ -8.745711, 54.736103 ], [ -8.745419, 54.738596 ], [ -8.738221, 54.736797 ], [ -8.725457, 54.742412 ], [ -8.704809, 54.744371 ], [ -8.702157, 54.746932 ], [ -8.706497, 54.748643 ], [ -8.705267, 54.751493 ], [ -8.696864, 54.757123 ], [ -8.68937, 54.757788 ], [ -8.691362, 54.762333 ], [ -8.673067, 54.761047 ], [ -8.669137, 54.763042 ], [ -8.670499, 54.766093 ], [ -8.665226, 54.767358 ], [ -8.667721, 54.770418 ], [ -8.655965, 54.769073 ], [ -8.646348, 54.772876 ], [ -8.635743, 54.771331 ], [ -8.617059, 54.776799 ], [ -8.609695, 54.776125 ], [ -8.594666, 54.77746 ], [ -8.594076, 54.77847 ], [ -8.559075, 54.773341 ], [ -8.536835, 54.764676 ], [ -8.514296, 54.770151 ], [ -8.510576, 54.764182 ], [ -8.516203, 54.761266 ], [ -8.519134, 54.762793 ], [ -8.521859, 54.761054 ], [ -8.514157, 54.758948 ], [ -8.513473, 54.761213 ], [ -8.497847, 54.762413 ], [ -8.494379, 54.759925 ], [ -8.470986, 54.755816 ], [ -8.454404, 54.756585 ], [ -8.452185, 54.755771 ], [ -8.435979, 54.756101 ], [ -8.435016, 54.75531 ], [ -8.434221, 54.75512 ], [ -8.433747, 54.755342 ], [ -8.433498, 54.758006 ], [ -8.468155, 54.759703 ], [ -8.46742, 54.763823 ], [ -8.474151, 54.764133 ], [ -8.469526, 54.764992 ], [ -8.467422, 54.765926 ], [ -8.46629, 54.767091 ], [ -8.48402, 54.771823 ], [ -8.493824, 54.771102 ], [ -8.503789, 54.775 ], [ -8.511308, 54.772385 ], [ -8.524012, 54.773794 ], [ -8.552777, 54.786712 ], [ -8.533256, 54.790294 ], [ -8.516802, 54.784377 ], [ -8.514115, 54.787474 ], [ -8.501419, 54.789581 ], [ -8.488357, 54.787663 ], [ -8.484773, 54.79184 ], [ -8.473013, 54.790392 ], [ -8.471202, 54.781677 ], [ -8.460221, 54.780818 ], [ -8.45959, 54.775906 ], [ -8.454568, 54.773109 ], [ -8.456558, 54.771457 ], [ -8.444384, 54.770098 ], [ -8.431082, 54.762478 ], [ -8.420216, 54.763347 ], [ -8.424646, 54.769238 ], [ -8.411415, 54.774612 ], [ -8.425884, 54.777484 ], [ -8.429046, 54.773705 ], [ -8.44024, 54.77673 ], [ -8.442392, 54.778524 ], [ -8.437803, 54.777978 ], [ -8.440148, 54.778786 ], [ -8.438626, 54.782657 ], [ -8.448468, 54.785161 ], [ -8.442466, 54.788481 ], [ -8.459487, 54.79139 ], [ -8.457248, 54.793767 ], [ -8.449684, 54.792447 ], [ -8.447853, 54.79259 ], [ -8.447439, 54.793136 ], [ -8.454958, 54.794031 ], [ -8.456934, 54.79922 ], [ -8.462185, 54.801238 ], [ -8.475244, 54.798058 ], [ -8.48687, 54.800974 ], [ -8.498922, 54.799336 ], [ -8.501179, 54.801102 ], [ -8.49574, 54.802707 ], [ -8.497577, 54.808578 ], [ -8.509714, 54.810175 ], [ -8.51563, 54.81256 ], [ -8.511302, 54.81271 ], [ -8.514053, 54.814054 ], [ -8.517876, 54.811391 ], [ -8.530151, 54.81264 ], [ -8.525488, 54.814101 ], [ -8.531262, 54.816715 ], [ -8.523803, 54.821 ], [ -8.524569, 54.824118 ], [ -8.541163, 54.822371 ], [ -8.565175, 54.828068 ], [ -8.555054, 54.830244 ], [ -8.553201, 54.833809 ], [ -8.534474, 54.834718 ], [ -8.532494, 54.832268 ], [ -8.528522, 54.83359 ], [ -8.529701, 54.831983 ], [ -8.510735, 54.828098 ], [ -8.510136, 54.830696 ], [ -8.503592, 54.831464 ], [ -8.514932, 54.836815 ], [ -8.504998, 54.837623 ], [ -8.508575, 54.840244 ], [ -8.502545, 54.840068 ], [ -8.500665, 54.842921 ], [ -8.50295, 54.844046 ], [ -8.493428, 54.847928 ], [ -8.47805, 54.847492 ], [ -8.464903, 54.841197 ], [ -8.448831, 54.838541 ], [ -8.431646, 54.844365 ], [ -8.424836, 54.851541 ], [ -8.419286, 54.851302 ], [ -8.423957, 54.848991 ], [ -8.421358, 54.846717 ], [ -8.410965, 54.846132 ], [ -8.400208, 54.852433 ], [ -8.380232, 54.851422 ], [ -8.38537, 54.857053 ], [ -8.383662, 54.875011 ], [ -8.389822, 54.876164 ], [ -8.390011, 54.878709 ], [ -8.370137, 54.876099 ], [ -8.361914, 54.878414 ], [ -8.360441, 54.882641 ], [ -8.351506, 54.883086 ], [ -8.320384, 54.872884 ], [ -8.322936, 54.876395 ], [ -8.320297, 54.878487 ], [ -8.324904, 54.879953 ], [ -8.309521, 54.883987 ], [ -8.310871, 54.886794 ], [ -8.307807, 54.886945 ], [ -8.304506, 54.888237 ], [ -8.309226, 54.887558 ], [ -8.31296, 54.890863 ], [ -8.32662, 54.887361 ], [ -8.33842, 54.889977 ], [ -8.342682, 54.892734 ], [ -8.338435, 54.893914 ], [ -8.342297, 54.898413 ], [ -8.339443, 54.903344 ], [ -8.34465, 54.907767 ], [ -8.361503, 54.90243 ], [ -8.362924, 54.898812 ], [ -8.369899, 54.900379 ], [ -8.366719, 54.90066 ], [ -8.368255, 54.904616 ], [ -8.375165, 54.902526 ], [ -8.37939, 54.905982 ], [ -8.382862, 54.902464 ], [ -8.377613, 54.899288 ], [ -8.37434, 54.888163 ], [ -8.378329, 54.884133 ], [ -8.385306, 54.883225 ], [ -8.388169, 54.888203 ], [ -8.409857, 54.895085 ], [ -8.409661, 54.898138 ], [ -8.441402, 54.904311 ], [ -8.454267, 54.910609 ], [ -8.458059, 54.92372 ], [ -8.448879, 54.924265 ], [ -8.44401, 54.929094 ], [ -8.445005, 54.932603 ], [ -8.457024, 54.935938 ], [ -8.458679, 54.942132 ], [ -8.43571, 54.946571 ], [ -8.433712, 54.940914 ], [ -8.448731, 54.936894 ], [ -8.44571, 54.934568 ], [ -8.436668, 54.937239 ], [ -8.436102, 54.934199 ], [ -8.42588, 54.936682 ], [ -8.419587, 54.934911 ], [ -8.420531, 54.938638 ], [ -8.408772, 54.936132 ], [ -8.387786, 54.944196 ], [ -8.378013, 54.93985 ], [ -8.379553, 54.942638 ], [ -8.374394, 54.942018 ], [ -8.367274, 54.948256 ], [ -8.363417, 54.947944 ], [ -8.374846, 54.953715 ], [ -8.378214, 54.951841 ], [ -8.404412, 54.958008 ], [ -8.402162, 54.958696 ], [ -8.407094, 54.961376 ], [ -8.413578, 54.959133 ], [ -8.415591, 54.961781 ], [ -8.413413, 54.962717 ], [ -8.420417, 54.967321 ], [ -8.418021, 54.969061 ], [ -8.423479, 54.969716 ], [ -8.432321, 54.976411 ], [ -8.430903, 54.978169 ], [ -8.440489, 54.97928 ], [ -8.44457, 54.985087 ], [ -8.433958, 54.988605 ], [ -8.4395, 54.988172 ], [ -8.447546, 54.996821 ], [ -8.453909, 54.998651 ], [ -8.446788, 54.999946 ], [ -8.45157, 55.001672 ], [ -8.450515, 55.006361 ], [ -8.433598, 55.006959 ], [ -8.432707, 55.009467 ], [ -8.426281, 55.006948 ], [ -8.422752, 55.008001 ], [ -8.424228, 55.011288 ], [ -8.415753, 55.009598 ], [ -8.424018, 55.006486 ], [ -8.419895, 55.004722 ], [ -8.411487, 55.006042 ], [ -8.40689, 55.001126 ], [ -8.399469, 55.002099 ], [ -8.40493, 55.009053 ], [ -8.40166, 55.012947 ], [ -8.407742, 55.012324 ], [ -8.408744, 55.014731 ], [ -8.407492, 55.018698 ], [ -8.399154, 55.018872 ], [ -8.40049, 55.021005 ], [ -8.3947, 55.022162 ], [ -8.393307, 55.025405 ], [ -8.399559, 55.02613 ], [ -8.403622, 55.029345 ], [ -8.40192, 55.032026 ], [ -8.407401, 55.034495 ], [ -8.400534, 55.03586 ], [ -8.400458, 55.041116 ], [ -8.391925, 55.043134 ], [ -8.38717, 55.03531 ], [ -8.379649, 55.032824 ], [ -8.370834, 55.036517 ], [ -8.367894, 55.041414 ], [ -8.35004, 55.039225 ], [ -8.342671, 55.048416 ], [ -8.345654, 55.051022 ], [ -8.343385, 55.055579 ], [ -8.350714, 55.0601 ], [ -8.346987, 55.060669 ], [ -8.349141, 55.063599 ], [ -8.342914, 55.06092 ], [ -8.340631, 55.064862 ], [ -8.33119, 55.067236 ], [ -8.32469, 55.0654 ], [ -8.317849, 55.06904 ], [ -8.314631, 55.076294 ], [ -8.326276, 55.084352 ], [ -8.323619, 55.085376 ], [ -8.326261, 55.089513 ], [ -8.306062, 55.08914 ], [ -8.309146, 55.084036 ], [ -8.303764, 55.082051 ], [ -8.303515, 55.086874 ], [ -8.299255, 55.086544 ], [ -8.293501, 55.082462 ], [ -8.292666, 55.085833 ], [ -8.314606, 55.09352 ], [ -8.313664, 55.100075 ], [ -8.317336, 55.104877 ], [ -8.313076, 55.110413 ], [ -8.316798, 55.112613 ], [ -8.310734, 55.115656 ], [ -8.31011, 55.12001 ], [ -8.301702, 55.118007 ], [ -8.305088, 55.122474 ], [ -8.30358, 55.125435 ], [ -8.295847, 55.126285 ], [ -8.294135, 55.130784 ], [ -8.299445, 55.13942 ], [ -8.287891, 55.146997 ], [ -8.296988, 55.150648 ], [ -8.284318, 55.158795 ], [ -8.273349, 55.154502 ], [ -8.246697, 55.154537 ], [ -8.244679, 55.151551 ], [ -8.234232, 55.149686 ], [ -8.219666, 55.152707 ], [ -8.214491, 55.147234 ], [ -8.196849, 55.149332 ], [ -8.165752, 55.145022 ], [ -8.151929, 55.152758 ], [ -8.148561, 55.163696 ], [ -8.134139, 55.163195 ], [ -8.130626, 55.161086 ], [ -8.129915, 55.1556 ], [ -8.133353, 55.156585 ], [ -8.141884, 55.15007 ], [ -8.147368, 55.150773 ], [ -8.1443, 55.14871 ], [ -8.160794, 55.142514 ], [ -8.171291, 55.144515 ], [ -8.155851, 55.138439 ], [ -8.161561, 55.137214 ], [ -8.157113, 55.133988 ], [ -8.164716, 55.127039 ], [ -8.153325, 55.124274 ], [ -8.145174, 55.131595 ], [ -8.136167, 55.127598 ], [ -8.137046, 55.121947 ], [ -8.140431, 55.120584 ], [ -8.138937, 55.119528 ], [ -8.132321, 55.123657 ], [ -8.133067, 55.133153 ], [ -8.138202, 55.138875 ], [ -8.136173, 55.142451 ], [ -8.121018, 55.136128 ], [ -8.123, 55.149462 ], [ -8.116742, 55.152324 ], [ -8.124798, 55.154461 ], [ -8.121832, 55.158482 ], [ -8.081532, 55.159392 ], [ -8.06264, 55.165626 ], [ -8.051577, 55.173814 ], [ -8.047981, 55.174501 ], [ -8.046053, 55.171209 ], [ -8.039676, 55.175009 ], [ -8.037258, 55.170753 ], [ -8.024237, 55.173705 ], [ -8.015845, 55.185411 ], [ -8.023361, 55.186597 ], [ -8.024202, 55.190572 ], [ -8.013102, 55.196306 ], [ -8.024538, 55.198951 ], [ -8.016807, 55.213989 ], [ -8.001318, 55.214713 ], [ -7.991789, 55.218482 ], [ -7.996291, 55.219078 ], [ -7.993893, 55.222436 ], [ -7.982442, 55.226784 ], [ -7.975178, 55.223646 ], [ -7.975781, 55.218522 ], [ -7.967662, 55.212765 ], [ -7.943096, 55.214475 ], [ -7.939659, 55.204069 ], [ -7.943815, 55.20156 ], [ -7.941669, 55.200999 ], [ -7.944812, 55.196526 ], [ -7.959378, 55.190915 ], [ -7.974462, 55.191512 ], [ -7.986319, 55.184195 ], [ -7.995853, 55.183208 ], [ -8.007837, 55.171209 ], [ -7.984419, 55.170381 ], [ -7.989379, 55.172541 ], [ -7.990098, 55.177504 ], [ -7.994743, 55.181045 ], [ -7.992793, 55.183077 ], [ -7.965203, 55.183982 ], [ -7.957513, 55.188793 ], [ -7.945776, 55.181561 ], [ -7.936364, 55.182287 ], [ -7.936244, 55.178573 ], [ -7.930689, 55.178391 ], [ -7.926248, 55.180648 ], [ -7.929403, 55.181047 ], [ -7.927571, 55.184163 ], [ -7.91529, 55.186288 ], [ -7.918722, 55.186837 ], [ -7.914569, 55.18784 ], [ -7.913938, 55.191427 ], [ -7.907969, 55.18838 ], [ -7.905117, 55.191239 ], [ -7.90148, 55.189439 ], [ -7.904103, 55.187833 ], [ -7.895716, 55.18724 ], [ -7.898902, 55.186594 ], [ -7.896527, 55.182398 ], [ -7.902306, 55.177752 ], [ -7.898688, 55.173673 ], [ -7.88962, 55.17216 ], [ -7.881742, 55.175974 ], [ -7.87776, 55.173253 ], [ -7.882301, 55.169587 ], [ -7.886356, 55.169852 ], [ -7.894137, 55.164324 ], [ -7.911465, 55.157816 ], [ -7.914969, 55.154938 ], [ -7.886778, 55.160525 ], [ -7.874635, 55.167876 ], [ -7.866616, 55.16627 ], [ -7.858642, 55.168969 ], [ -7.861372, 55.166628 ], [ -7.853285, 55.164669 ], [ -7.864274, 55.156731 ], [ -7.862477, 55.154798 ], [ -7.865502, 55.150016 ], [ -7.878278, 55.147273 ], [ -7.876661, 55.149793 ], [ -7.87945, 55.15041 ], [ -7.893699, 55.146414 ], [ -7.9075, 55.133399 ], [ -7.894535, 55.135046 ], [ -7.889815, 55.140046 ], [ -7.88637, 55.136786 ], [ -7.876773, 55.138487 ], [ -7.874626, 55.144755 ], [ -7.873753, 55.141153 ], [ -7.863294, 55.135337 ], [ -7.869458, 55.130857 ], [ -7.860794, 55.131157 ], [ -7.868841, 55.1267 ] ], [ [ -8.440954, 54.787558 ], [ -8.440953, 54.787745 ], [ -8.442553, 54.788087 ], [ -8.440954, 54.787558 ] ], [ [ -7.869654, 55.126165 ], [ -7.869598, 55.125926 ], [ -7.868841, 55.1267 ], [ -7.869654, 55.126165 ] ], [ [ -7.677863, 55.185104 ], [ -7.682046, 55.18453 ], [ -7.683907, 55.184206 ], [ -7.683449, 55.182391 ], [ -7.677863, 55.185104 ] ] ], [ [ [ -7.703687, 55.111505 ], [ -7.702383, 55.110743 ], [ -7.704424, 55.109965 ], [ -7.703687, 55.111505 ] ] ], [ [ [ -7.701781, 55.119466 ], [ -7.701667, 55.118298 ], [ -7.702711, 55.118353 ], [ -7.701781, 55.119466 ] ] ], [ [ [ -7.700702, 55.123673 ], [ -7.700443, 55.124817 ], [ -7.700038, 55.125027 ], [ -7.700702, 55.123673 ] ] ], [ [ [ -7.699137, 55.126315 ], [ -7.698953, 55.126055 ], [ -7.699167, 55.125717 ], [ -7.699137, 55.126315 ] ] ], [ [ [ -7.859067, 55.133767 ], [ -7.858323, 55.134224 ], [ -7.858344, 55.133529 ], [ -7.859067, 55.133767 ] ] ], [ [ [ -7.88566, 55.14026 ], [ -7.88695, 55.141874 ], [ -7.884825, 55.142641 ], [ -7.88566, 55.14026 ] ] ], [ [ [ -7.870313, 55.174154 ], [ -7.871083, 55.173545 ], [ -7.871347, 55.173999 ], [ -7.870313, 55.174154 ] ] ], [ [ [ -7.872374, 55.175843 ], [ -7.875978, 55.172621 ], [ -7.878104, 55.176056 ], [ -7.872374, 55.175843 ] ] ], [ [ [ -7.709804, 55.175129 ], [ -7.708708, 55.174859 ], [ -7.709513, 55.174182 ], [ -7.709804, 55.175129 ] ] ], [ [ [ -7.800287, 55.188228 ], [ -7.799221, 55.187932 ], [ -7.801351, 55.188039 ], [ -7.800287, 55.188228 ] ] ], [ [ [ -7.78603, 55.188331 ], [ -7.800029, 55.189644 ], [ -7.78663, 55.190783 ], [ -7.789694, 55.191382 ], [ -7.789303, 55.195531 ], [ -7.783307, 55.192322 ], [ -7.78603, 55.188331 ] ] ], [ [ [ -7.791384, 55.193105 ], [ -7.791859, 55.194574 ], [ -7.791041, 55.194157 ], [ -7.791384, 55.193105 ] ] ], [ [ [ -7.71891, 55.195664 ], [ -7.71895, 55.19483 ], [ -7.719549, 55.195205 ], [ -7.71891, 55.195664 ] ] ], [ [ [ -7.719956, 55.196352 ], [ -7.719859, 55.196639 ], [ -7.719641, 55.196194 ], [ -7.719956, 55.196352 ] ] ], [ [ [ -7.799199, 55.197856 ], [ -7.797174, 55.198139 ], [ -7.794961, 55.196692 ], [ -7.796963, 55.195588 ], [ -7.799199, 55.197856 ] ] ], [ [ [ -7.790058, 55.198421 ], [ -7.792828, 55.197976 ], [ -7.791223, 55.19937 ], [ -7.790058, 55.198421 ] ] ], [ [ [ -7.711815, 55.206458 ], [ -7.710729, 55.207141 ], [ -7.711123, 55.206359 ], [ -7.711815, 55.206458 ] ] ], [ [ [ -7.715589, 55.21177 ], [ -7.714555, 55.211789 ], [ -7.715038, 55.211245 ], [ -7.715589, 55.21177 ] ] ], [ [ [ -7.708746, 55.214603 ], [ -7.70462, 55.212904 ], [ -7.705109, 55.211719 ], [ -7.708574, 55.21211 ], [ -7.708746, 55.214603 ] ] ], [ [ [ -7.868713, 55.214324 ], [ -7.868717, 55.215095 ], [ -7.868278, 55.214182 ], [ -7.868713, 55.214324 ] ] ], [ [ [ -7.705306, 55.218931 ], [ -7.705342, 55.219715 ], [ -7.704953, 55.219326 ], [ -7.705306, 55.218931 ] ] ], [ [ [ -7.719902, 55.219972 ], [ -7.719273, 55.220142 ], [ -7.720123, 55.219424 ], [ -7.719902, 55.219972 ] ] ], [ [ [ -7.870818, 55.221485 ], [ -7.870057, 55.221343 ], [ -7.870917, 55.221037 ], [ -7.870818, 55.221485 ] ] ], [ [ [ -7.708702, 55.222106 ], [ -7.706196, 55.222507 ], [ -7.705468, 55.221994 ], [ -7.708702, 55.222106 ] ] ], [ [ [ -7.703371, 55.222933 ], [ -7.704245, 55.222736 ], [ -7.704129, 55.223026 ], [ -7.703371, 55.222933 ] ] ], [ [ [ -7.702321, 55.223412 ], [ -7.7021, 55.22275 ], [ -7.702682, 55.22303 ], [ -7.702321, 55.223412 ] ] ], [ [ [ -7.847235, 55.23158 ], [ -7.846464, 55.232348 ], [ -7.846026, 55.232279 ], [ -7.846991, 55.231214 ], [ -7.847235, 55.23158 ] ] ], [ [ [ -7.837937, 55.236081 ], [ -7.837889, 55.235777 ], [ -7.839293, 55.235801 ], [ -7.837937, 55.236081 ] ] ], [ [ [ -7.837684, 55.23635 ], [ -7.837708, 55.236288 ], [ -7.837931, 55.23627 ], [ -7.837684, 55.23635 ] ] ], [ [ [ -7.839587, 55.236309 ], [ -7.837601, 55.236858 ], [ -7.836268, 55.23705 ], [ -7.839587, 55.236309 ] ] ], [ [ [ -7.839387, 55.237138 ], [ -7.837774, 55.237402 ], [ -7.837998, 55.237212 ], [ -7.839387, 55.237138 ] ] ], [ [ [ -7.80842, 55.24036 ], [ -7.808356, 55.239797 ], [ -7.808886, 55.240156 ], [ -7.80842, 55.24036 ] ] ], [ [ [ -7.810724, 55.245964 ], [ -7.809203, 55.245941 ], [ -7.809351, 55.245424 ], [ -7.810724, 55.245964 ] ] ], [ [ [ -7.759223, 55.244938 ], [ -7.760652, 55.248044 ], [ -7.757998, 55.247174 ], [ -7.759223, 55.244938 ] ] ], [ [ [ -7.809852, 55.246108 ], [ -7.810668, 55.247176 ], [ -7.808932, 55.24649 ], [ -7.809852, 55.246108 ] ] ], [ [ [ -7.811962, 55.247256 ], [ -7.811609, 55.246816 ], [ -7.812481, 55.247201 ], [ -7.811962, 55.247256 ] ] ], [ [ [ -7.811062, 55.246844 ], [ -7.811472, 55.247558 ], [ -7.81128, 55.247451 ], [ -7.811062, 55.246844 ] ] ], [ [ [ -7.812182, 55.247506 ], [ -7.811855, 55.247587 ], [ -7.8114, 55.246983 ], [ -7.812182, 55.247506 ] ] ], [ [ [ -7.783175, 55.251592 ], [ -7.78127, 55.25233 ], [ -7.783056, 55.251171 ], [ -7.783175, 55.251592 ] ] ], [ [ [ -7.619545, 55.048754 ], [ -7.61857, 55.048456 ], [ -7.619237, 55.047997 ], [ -7.619545, 55.048754 ] ] ], [ [ [ -7.621068, 55.048405 ], [ -7.620552, 55.048189 ], [ -7.621257, 55.049139 ], [ -7.621068, 55.048405 ] ] ], [ [ [ -7.623356, 55.050047 ], [ -7.623142, 55.049484 ], [ -7.623764, 55.04972 ], [ -7.623356, 55.050047 ] ] ], [ [ [ -7.593278, 55.055388 ], [ -7.595443, 55.050883 ], [ -7.601869, 55.048687 ], [ -7.599566, 55.053704 ], [ -7.593278, 55.055388 ] ] ], [ [ [ -7.698528, 55.108878 ], [ -7.69865, 55.1093 ], [ -7.697757, 55.108646 ], [ -7.698528, 55.108878 ] ] ], [ [ [ -7.691434, 55.119456 ], [ -7.691031, 55.118944 ], [ -7.692289, 55.11947 ], [ -7.691434, 55.119456 ] ] ], [ [ [ -7.697241, 55.118497 ], [ -7.696935, 55.11995 ], [ -7.696189, 55.119541 ], [ -7.697241, 55.118497 ] ] ], [ [ [ -7.693997, 55.121014 ], [ -7.693521, 55.121326 ], [ -7.693976, 55.120707 ], [ -7.693997, 55.121014 ] ] ], [ [ [ -7.692496, 55.12237 ], [ -7.69152, 55.122009 ], [ -7.692743, 55.121691 ], [ -7.692496, 55.12237 ] ] ], [ [ [ -7.686068, 55.121957 ], [ -7.689098, 55.121719 ], [ -7.685926, 55.123146 ], [ -7.686068, 55.121957 ] ] ], [ [ [ -7.689615, 55.123216 ], [ -7.690589, 55.122845 ], [ -7.689235, 55.123864 ], [ -7.689615, 55.123216 ] ] ], [ [ [ -7.698215, 55.125379 ], [ -7.698136, 55.125773 ], [ -7.69777, 55.124994 ], [ -7.698215, 55.125379 ] ] ], [ [ [ -7.680971, 55.128947 ], [ -7.681853, 55.128872 ], [ -7.680627, 55.129782 ], [ -7.680971, 55.128947 ] ] ], [ [ [ -7.694238, 55.134929 ], [ -7.692806, 55.135465 ], [ -7.693257, 55.134116 ], [ -7.694238, 55.134929 ] ] ], [ [ [ -7.693401, 55.136119 ], [ -7.694894, 55.135808 ], [ -7.693341, 55.1368 ], [ -7.693401, 55.136119 ] ] ], [ [ [ -7.614617, 55.246312 ], [ -7.615029, 55.245701 ], [ -7.615862, 55.245771 ], [ -7.614617, 55.246312 ] ] ], [ [ [ -7.615188, 55.247386 ], [ -7.614821, 55.246875 ], [ -7.615426, 55.246886 ], [ -7.615188, 55.247386 ] ] ], [ [ [ -7.620081, 55.257845 ], [ -7.61925, 55.257862 ], [ -7.619627, 55.256992 ], [ -7.620081, 55.257845 ] ] ], [ [ [ -7.010452, 55.265962 ], [ -7.008819, 55.266184 ], [ -7.01038, 55.265571 ], [ -7.010452, 55.265962 ] ] ], [ [ [ -7.512516, 55.290006 ], [ -7.51313, 55.288833 ], [ -7.514046, 55.289636 ], [ -7.512516, 55.290006 ] ] ], [ [ [ -7.167535, 55.316968 ], [ -7.16753, 55.316564 ], [ -7.167877, 55.316757 ], [ -7.167535, 55.316968 ] ] ], [ [ [ -7.398409, 55.318055 ], [ -7.399814, 55.32025 ], [ -7.397662, 55.318704 ], [ -7.398409, 55.318055 ] ] ], [ [ [ -7.35463, 55.335264 ], [ -7.352501, 55.335519 ], [ -7.352588, 55.335048 ], [ -7.35463, 55.335264 ] ] ], [ [ [ -7.277186, 55.366896 ], [ -7.276859, 55.366137 ], [ -7.277912, 55.366238 ], [ -7.277186, 55.366896 ] ] ], [ [ [ -7.281575, 55.368393 ], [ -7.282246, 55.370046 ], [ -7.280747, 55.369052 ], [ -7.281575, 55.368393 ] ] ], [ [ [ -7.321506, 55.372798 ], [ -7.320779, 55.372941 ], [ -7.32095, 55.372398 ], [ -7.321506, 55.372798 ] ] ], [ [ [ -7.326459, 55.375904 ], [ -7.327669, 55.376628 ], [ -7.32581, 55.376015 ], [ -7.326459, 55.375904 ] ] ], [ [ [ -7.400646, 55.377311 ], [ -7.400022, 55.377586 ], [ -7.399701, 55.377212 ], [ -7.400646, 55.377311 ] ] ], [ [ [ -7.399436, 55.378306 ], [ -7.396754, 55.378764 ], [ -7.394538, 55.377974 ], [ -7.399436, 55.378306 ] ] ], [ [ [ -7.393738, 55.378121 ], [ -7.394492, 55.378955 ], [ -7.392602, 55.378475 ], [ -7.393738, 55.378121 ] ] ], [ [ [ -7.371741, 55.384025 ], [ -7.368806, 55.382636 ], [ -7.375338, 55.383179 ], [ -7.371741, 55.384025 ] ] ], [ [ [ -7.314727, 55.384047 ], [ -7.312332, 55.38443 ], [ -7.314047, 55.382774 ], [ -7.314727, 55.384047 ] ] ], [ [ [ -7.313032, 55.385983 ], [ -7.314182, 55.38698 ], [ -7.311552, 55.386226 ], [ -7.313032, 55.385983 ] ] ], [ [ [ -7.309577, 55.388597 ], [ -7.31109, 55.387632 ], [ -7.311872, 55.387959 ], [ -7.309577, 55.388597 ] ] ], [ [ [ -7.3123, 55.391313 ], [ -7.313235, 55.391252 ], [ -7.312072, 55.391539 ], [ -7.3123, 55.391313 ] ] ], [ [ [ -7.234596, 55.432544 ], [ -7.222578, 55.433599 ], [ -7.221879, 55.433011 ], [ -7.245007, 55.430728 ], [ -7.238056, 55.434937 ], [ -7.234596, 55.432544 ] ] ], [ [ [ -7.221569, 55.434034 ], [ -7.221742, 55.433654 ], [ -7.22332, 55.434003 ], [ -7.221569, 55.434034 ] ] ], [ [ [ -7.253581, 55.446362 ], [ -7.253629, 55.445802 ], [ -7.253975, 55.445822 ], [ -7.253581, 55.446362 ] ] ] ] } },
{ "type": "Feature", "properties": { "local_authority": "Dublin City" }, "geometry": { "type": "Polygon", "coordinates": [ [ [ -6.225691, 53.410993 ], [ -6.186206, 53.40612 ], [ -6.164794, 53.409281 ], [ -6.149062, 53.406801 ], [ -6.150716, 53.397055 ], [ -6.157421, 53.390325 ], [ -6.142853, 53.384603 ], [ -6.158755, 53.377825 ], [ -6.161486, 53.373273 ], [ -6.152508, 53.372408 ], [ -6.1476, 53.37681 ], [ -6.11309, 53.382834 ], [ -6.154478, 53.361923 ], [ -6.165195, 53.352497 ], [ -6.162087, 53.35075 ], [ -6.179371, 53.359251 ], [ -6.173443, 53.359459 ], [ -6.167649, 53.365568 ], [ -6.16607, 53.363943 ], [ -6.164665, 53.368552 ], [ -6.153756, 53.371354 ], [ -6.164954, 53.372636 ], [ -6.181152, 53.360149 ], [ -6.191771, 53.357748 ], [ -6.220573, 53.362579 ], [ -6.233779, 53.358093 ], [ -6.210423, 53.356692 ], [ -6.210775, 53.353623 ], [ -6.189194, 53.350353 ], [ -6.189779, 53.346479 ], [ -6.193321, 53.348285 ], [ -6.192886, 53.345157 ], [ -6.197585, 53.344964 ], [ -6.198638, 53.34812 ], [ -6.200328, 53.345114 ], [ -6.212419, 53.345448 ], [ -6.223134, 53.349493 ], [ -6.224096, 53.346968 ], [ -6.216335, 53.345737 ], [ -6.226623, 53.344848 ], [ -6.193379, 53.339775 ], [ -6.192517, 53.3412 ], [ -6.151119, 53.342161 ], [ -6.179124, 53.340554 ], [ -6.194474, 53.33509 ], [ -6.209576, 53.337253 ], [ -6.212971, 53.33439 ], [ -6.200732, 53.311809 ], [ -6.217607, 53.309928 ], [ -6.236735, 53.314526 ], [ -6.26871, 53.303759 ], [ -6.286458, 53.304375 ], [ -6.28659, 53.301402 ], [ -6.29191, 53.298883 ], [ -6.301192, 53.307037 ], [ -6.302675, 53.310247 ], [ -6.299684, 53.312026 ], [ -6.342834, 53.319174 ], [ -6.345269, 53.327553 ], [ -6.350624, 53.331696 ], [ -6.377285, 53.328541 ], [ -6.385791, 53.337051 ], [ -6.38674, 53.34357 ], [ -6.362875, 53.345293 ], [ -6.359663, 53.353116 ], [ -6.352323, 53.353781 ], [ -6.356332, 53.358203 ], [ -6.349285, 53.369642 ], [ -6.33379, 53.370832 ], [ -6.33342, 53.37789 ], [ -6.322032, 53.379672 ], [ -6.318357, 53.40042 ], [ -6.314192, 53.399305 ], [ -6.30827, 53.402796 ], [ -6.291292, 53.398046 ], [ -6.290035, 53.406565 ], [ -6.271881, 53.405462 ], [ -6.26853, 53.402223 ], [ -6.236894, 53.397036 ], [ -6.225691, 53.410993 ] ] ] } },
{ "type": "Feature", "properties": { "local_authority": "Dún Laoghaire-Rathdown" }, "geometry": { "type": "MultiPolygon", "coordinates": [ [ [ [ -6.128295, 53.29151 ], [ -6.117523, 53.287518 ], [ -6.113572, 53.289681 ], [ -6.102901, 53.284232 ], [ -6.091128, 53.270978 ], [ -6.105654, 53.266502 ], [ -6.111606, 53.258798 ], [ -6.111866, 53.240979 ], [ -6.102773, 53.210773 ], [ -6.114243, 53.20798 ], [ -6.119156, 53.210508 ], [ -6.119683, 53.207994 ], [ -6.126228, 53.207501 ], [ -6.125176, 53.204057 ], [ -6.128609, 53.203936 ], [ -6.131362, 53.198885 ], [ -6.147399, 53.203442 ], [ -6.162149, 53.202807 ], [ -6.173265, 53.209247 ], [ -6.182315, 53.220867 ], [ -6.20737, 53.216083 ], [ -6.211014, 53.210298 ], [ -6.222844, 53.211515 ], [ -6.227262, 53.205271 ], [ -6.239546, 53.202174 ], [ -6.27599, 53.211119 ], [ -6.298279, 53.224332 ], [ -6.287565, 53.23899 ], [ -6.297319, 53.245029 ], [ -6.29927, 53.255146 ], [ -6.296935, 53.260623 ], [ -6.276294, 53.267196 ], [ -6.278435, 53.27513 ], [ -6.27284, 53.274852 ], [ -6.271634, 53.279575 ], [ -6.273886, 53.280283 ], [ -6.271747, 53.288682 ], [ -6.275276, 53.289687 ], [ -6.275176, 53.293556 ], [ -6.280553, 53.29474 ], [ -6.277615, 53.29792 ], [ -6.282022, 53.300659 ], [ -6.275341, 53.300181 ], [ -6.26591, 53.306613 ], [ -6.249052, 53.308349 ], [ -6.245824, 53.31247 ], [ -6.236735, 53.314526 ], [ -6.217607, 53.309928 ], [ -6.199155, 53.312743 ], [ -6.15355, 53.295635 ], [ -6.139652, 53.302787 ], [ -6.135116, 53.304166 ], [ -6.131578, 53.303829 ], [ -6.1376, 53.303089 ], [ -6.135723, 53.300257 ], [ -6.139245, 53.302587 ], [ -6.14681, 53.296337 ], [ -6.14236, 53.298843 ], [ -6.133698, 53.297042 ], [ -6.137992, 53.29969 ], [ -6.132044, 53.296736 ], [ -6.133169, 53.295734 ], [ -6.130816, 53.293442 ], [ -6.129793, 53.293137 ], [ -6.124699, 53.297924 ], [ -6.12617, 53.302529 ], [ -6.124114, 53.297758 ], [ -6.129405, 53.292658 ], [ -6.128295, 53.29151 ] ] ], [ [ [ -6.131277, 53.294546 ], [ -6.131198, 53.294628 ], [ -6.131107, 53.294582 ], [ -6.131277, 53.294546 ] ] ], [ [ [ -6.131376, 53.294678 ], [ -6.131446, 53.294607 ], [ -6.131508, 53.294634 ], [ -6.131376, 53.294678 ] ] ], [ [ [ -6.131223, 53.294752 ], [ -6.131285, 53.294754 ], [ -6.131223, 53.294816 ], [ -6.131223, 53.294752 ] ] ], [ [ [ -6.131156, 53.294884 ], [ -6.1311, 53.29494 ], [ -6.131081, 53.294895 ], [ -6.131156, 53.294884 ] ] ], [ [ [ -6.13224, 53.295826 ], [ -6.132335, 53.295875 ], [ -6.132217, 53.295848 ], [ -6.13224, 53.295826 ] ] ], [ [ [ -6.132403, 53.295902 ], [ -6.132494, 53.295917 ], [ -6.13247, 53.29594 ], [ -6.132403, 53.295902 ] ] ], [ [ [ -6.132243, 53.295887 ], [ -6.132418, 53.29595 ], [ -6.132136, 53.295993 ], [ -6.132243, 53.295887 ] ] ], [ [ [ -6.08404, 53.273794 ], [ -6.083089, 53.27007 ], [ -6.087238, 53.273997 ], [ -6.08404, 53.273794 ] ] ], [ [ [ -6.087961, 53.274414 ], [ -6.088458, 53.274824 ], [ -6.08823, 53.275074 ], [ -6.087961, 53.274414 ] ] ], [ [ [ -6.095207, 53.276793 ], [ -6.095502, 53.277023 ], [ -6.095329, 53.277009 ], [ -6.095207, 53.276793 ] ] ], [ [ [ -6.091599, 53.278021 ], [ -6.091166, 53.277408 ], [ -6.091895, 53.278062 ], [ -6.091599, 53.278021 ] ] ], [ [ [ -6.128384, 53.292323 ], [ -6.128282, 53.29207 ], [ -6.128692, 53.29203 ], [ -6.128384, 53.292323 ] ] ], [ [ [ -6.131129, 53.294699 ], [ -6.131072, 53.294758 ], [ -6.13097, 53.294722 ], [ -6.131129, 53.294699 ] ] ], [ [ [ -6.130904, 53.29479 ], [ -6.131006, 53.294826 ], [ -6.130847, 53.294849 ], [ -6.130904, 53.29479 ] ] ], [ [ [ -6.131054, 53.294147 ], [ -6.131311, 53.294242 ], [ -6.129447, 53.295967 ], [ -6.131054, 53.294147 ] ] ] ] } },
{ "type": "Feature", "properties": { "local_authority": "Fingal" }, "geometry": { "type": "MultiPolygon", "coordinates": [ [ [ [ -6.058425, 53.40069 ], [ -6.067577, 53.403267 ], [ -6.070324, 53.408759 ], [ -6.059477, 53.407357 ], [ -6.058425, 53.40069 ] ] ], [ [ [ -6.20056, 53.465566 ], [ -6.19867, 53.465054 ], [ -6.199847, 53.464477 ], [ -6.20056, 53.465566 ] ] ], [ [ [ -6.203263, 53.464898 ], [ -6.204144, 53.466572 ], [ -6.202288, 53.465749 ], [ -6.203263, 53.464898 ] ] ], [ [ [ -6.010754, 53.498851 ], [ -5.996284, 53.494212 ], [ -6.006047, 53.492453 ], [ -6.010862, 53.488241 ], [ -6.007383, 53.485832 ], [ -6.011962, 53.482581 ], [ -6.024157, 53.483252 ], [ -6.025414, 53.486735 ], [ -6.035447, 53.489286 ], [ -6.027084, 53.498863 ], [ -6.021956, 53.494945 ], [ -6.010754, 53.498851 ] ] ], [ [ [ -6.204467, 53.46503 ], [ -6.17287, 53.45618 ], [ -6.175127, 53.454345 ], [ -6.167978, 53.456116 ], [ -6.156671, 53.452636 ], [ -6.154313, 53.457468 ], [ -6.152474, 53.452641 ], [ -6.137744, 53.451261 ], [ -6.1245, 53.443706 ], [ -6.121627, 53.437158 ], [ -6.123332, 53.423781 ], [ -6.112665, 53.402915 ], [ -6.116023, 53.399595 ], [ -6.122068, 53.400746 ], [ -6.129726, 53.41861 ], [ -6.14209, 53.418146 ], [ -6.135492, 53.417692 ], [ -6.134843, 53.406812 ], [ -6.122762, 53.394527 ], [ -6.116856, 53.392355 ], [ -6.113105, 53.392715 ], [ -6.114992, 53.396237 ], [ -6.075674, 53.389461 ], [ -6.068445, 53.393088 ], [ -6.07165, 53.38996 ], [ -6.06871, 53.388809 ], [ -6.069547, 53.390659 ], [ -6.068281, 53.391648 ], [ -6.063828, 53.388749 ], [ -6.066609, 53.39102 ], [ -6.062902, 53.391728 ], [ -6.066689, 53.392897 ], [ -6.066747, 53.394168 ], [ -6.06249, 53.391809 ], [ -6.062378, 53.386389 ], [ -6.04514, 53.384907 ], [ -6.044416, 53.376634 ], [ -6.055041, 53.366274 ], [ -6.051875, 53.3611 ], [ -6.065742, 53.364536 ], [ -6.0815, 53.360769 ], [ -6.096228, 53.369197 ], [ -6.102323, 53.377201 ], [ -6.101848, 53.385376 ], [ -6.105086, 53.386854 ], [ -6.119784, 53.388631 ], [ -6.142853, 53.384603 ], [ -6.157421, 53.390325 ], [ -6.150716, 53.397055 ], [ -6.150381, 53.407409 ], [ -6.164794, 53.409281 ], [ -6.186206, 53.40612 ], [ -6.225691, 53.410993 ], [ -6.236894, 53.397036 ], [ -6.26853, 53.402223 ], [ -6.271881, 53.405462 ], [ -6.290035, 53.406565 ], [ -6.291292, 53.398046 ], [ -6.30827, 53.402796 ], [ -6.314192, 53.399305 ], [ -6.318357, 53.40042 ], [ -6.322032, 53.379672 ], [ -6.33342, 53.37789 ], [ -6.33379, 53.370832 ], [ -6.349285, 53.369642 ], [ -6.356332, 53.358203 ], [ -6.352323, 53.353781 ], [ -6.362331, 53.354086 ], [ -6.359102, 53.356758 ], [ -6.367032, 53.361953 ], [ -6.407004, 53.362323 ], [ -6.413943, 53.36821 ], [ -6.424291, 53.365348 ], [ -6.436811, 53.367855 ], [ -6.443605, 53.361233 ], [ -6.457872, 53.355849 ], [ -6.464879, 53.357591 ], [ -6.466741, 53.362931 ], [ -6.474945, 53.36298 ], [ -6.466606, 53.384999 ], [ -6.46343, 53.384056 ], [ -6.439604, 53.400085 ], [ -6.441044, 53.406274 ], [ -6.433582, 53.410492 ], [ -6.438056, 53.412238 ], [ -6.421304, 53.416901 ], [ -6.421739, 53.423398 ], [ -6.417942, 53.424318 ], [ -6.415188, 53.429933 ], [ -6.418978, 53.435751 ], [ -6.410391, 53.440805 ], [ -6.387196, 53.437985 ], [ -6.377697, 53.444388 ], [ -6.353062, 53.447773 ], [ -6.355673, 53.451473 ], [ -6.354971, 53.462336 ], [ -6.345988, 53.475133 ], [ -6.338096, 53.47763 ], [ -6.33957, 53.481832 ], [ -6.331258, 53.485765 ], [ -6.329222, 53.492144 ], [ -6.336962, 53.490367 ], [ -6.346467, 53.5019 ], [ -6.367479, 53.506371 ], [ -6.367474, 53.51653 ], [ -6.388892, 53.524648 ], [ -6.407625, 53.526388 ], [ -6.423255, 53.534964 ], [ -6.4198, 53.540546 ], [ -6.433061, 53.543781 ], [ -6.435756, 53.549218 ], [ -6.431884, 53.550882 ], [ -6.42964, 53.558411 ], [ -6.423506, 53.560409 ], [ -6.423851, 53.565757 ], [ -6.418741, 53.571141 ], [ -6.401982, 53.573438 ], [ -6.397672, 53.579188 ], [ -6.387344, 53.580464 ], [ -6.389132, 53.591006 ], [ -6.342724, 53.581981 ], [ -6.348855, 53.574937 ], [ -6.336584, 53.576192 ], [ -6.333344, 53.571876 ], [ -6.320399, 53.574932 ], [ -6.310482, 53.584016 ], [ -6.300573, 53.588095 ], [ -6.287673, 53.588106 ], [ -6.281984, 53.593962 ], [ -6.272483, 53.597437 ], [ -6.270935, 53.605221 ], [ -6.273597, 53.613953 ], [ -6.26711, 53.61728 ], [ -6.267945, 53.623883 ], [ -6.255531, 53.632818 ], [ -6.241289, 53.634726 ], [ -6.230948, 53.628669 ], [ -6.212705, 53.633709 ], [ -6.187494, 53.630253 ], [ -6.188835, 53.621272 ], [ -6.182948, 53.613426 ], [ -6.164875, 53.607538 ], [ -6.16401, 53.602695 ], [ -6.150052, 53.586908 ], [ -6.110971, 53.581534 ], [ -6.105394, 53.583025 ], [ -6.108107, 53.585094 ], [ -6.105789, 53.58609 ], [ -6.099525, 53.585437 ], [ -6.104852, 53.580817 ], [ -6.098678, 53.56566 ], [ -6.082954, 53.559876 ], [ -6.079264, 53.553212 ], [ -6.078401, 53.547024 ], [ -6.083321, 53.546244 ], [ -6.084724, 53.542836 ], [ -6.07679, 53.541062 ], [ -6.08366, 53.538095 ], [ -6.086018, 53.534013 ], [ -6.083321, 53.532994 ], [ -6.087061, 53.531864 ], [ -6.084495, 53.524784 ], [ -6.07527, 53.521918 ], [ -6.076128, 53.519744 ], [ -6.083928, 53.516849 ], [ -6.091769, 53.518238 ], [ -6.108416, 53.509412 ], [ -6.1244, 53.51405 ], [ -6.147363, 53.509437 ], [ -6.148848, 53.502299 ], [ -6.14817, 53.509575 ], [ -6.162797, 53.505526 ], [ -6.161488, 53.503153 ], [ -6.164683, 53.500778 ], [ -6.171061, 53.503618 ], [ -6.169734, 53.502253 ], [ -6.172209, 53.499523 ], [ -6.179814, 53.501128 ], [ -6.184468, 53.499306 ], [ -6.17163, 53.498994 ], [ -6.169734, 53.501448 ], [ -6.15422, 53.499018 ], [ -6.149134, 53.501752 ], [ -6.120073, 53.498637 ], [ -6.126191, 53.502163 ], [ -6.130089, 53.509547 ], [ -6.118951, 53.509731 ], [ -6.108276, 53.493487 ], [ -6.098942, 53.493283 ], [ -6.096315, 53.489465 ], [ -6.11826, 53.476838 ], [ -6.135127, 53.452365 ], [ -6.146006, 53.454487 ], [ -6.146074, 53.454925 ], [ -6.141619, 53.455753 ], [ -6.14382, 53.455639 ], [ -6.139122, 53.456673 ], [ -6.137265, 53.457731 ], [ -6.147483, 53.455885 ], [ -6.133014, 53.469798 ], [ -6.150094, 53.475886 ], [ -6.152666, 53.476051 ], [ -6.152945, 53.472499 ], [ -6.156387, 53.474584 ], [ -6.157257, 53.47358 ], [ -6.148478, 53.471377 ], [ -6.153688, 53.469031 ], [ -6.155208, 53.459345 ], [ -6.15475, 53.468941 ], [ -6.172546, 53.469553 ], [ -6.192191, 53.463886 ], [ -6.192044, 53.465069 ], [ -6.197036, 53.465061 ], [ -6.202933, 53.466334 ], [ -6.205968, 53.467866 ], [ -6.20422, 53.466534 ], [ -6.204467, 53.46503 ] ], [ [ -6.171839, 53.502856 ], [ -6.172017, 53.502424 ], [ -6.171245, 53.502747 ], [ -6.171839, 53.502856 ] ], [ [ -6.202677, 53.466622 ], [ -6.202326, 53.466492 ], [ -6.200722, 53.466554 ], [ -6.202677, 53.466622 ] ], [ [ -6.205627, 53.467448 ], [ -6.206757, 53.467424 ], [ -6.207647, 53.467333 ], [ -6.205911, 53.467343 ], [ -6.205627, 53.467448 ] ], [ [ -6.122092, 53.402605 ], [ -6.122014, 53.402693 ], [ -6.122169, 53.402689 ], [ -6.122092, 53.402605 ] ], [ [ -6.121747, 53.402591 ], [ -6.121897, 53.402681 ], [ -6.122014, 53.402693 ], [ -6.121747, 53.402591 ] ], [ [ -6.121747, 53.402591 ], [ -6.121195, 53.402159 ], [ -6.121122, 53.402147 ], [ -6.121519, 53.402571 ], [ -6.121747, 53.402591 ] ], [ [ -6.120091, 53.401947 ], [ -6.120796, 53.402196 ], [ -6.121122, 53.402147 ], [ -6.120091, 53.401947 ] ] ] ] } },
{ "type": "Feature", "properties": { "local_authority": "Galway City" }, "geometry": { "type": "MultiPolygon", "coordinates": [ [ [ [ -9.052089, 53.253092 ], [ -9.054843, 53.253888 ], [ -9.056641, 53.253527 ], [ -9.050857, 53.256023 ], [ -9.052089, 53.253092 ] ] ], [ [ [ -9.027567, 53.258895 ], [ -9.023099, 53.259207 ], [ -9.022588, 53.257882 ], [ -9.023767, 53.257717 ], [ -9.027567, 53.258895 ] ] ], [ [ [ -9.010285, 53.262307 ], [ -9.007473, 53.263652 ], [ -9.009397, 53.261688 ], [ -9.010285, 53.262307 ] ] ], [ [ [ -9.065292, 53.318828 ], [ -9.049077, 53.310163 ], [ -9.03269, 53.314565 ], [ -9.012945, 53.314773 ], [ -9.026983, 53.306567 ], [ -9.006675, 53.303601 ], [ -9.007688, 53.300173 ], [ -9.003153, 53.303629 ], [ -8.987608, 53.300084 ], [ -8.983706, 53.292314 ], [ -8.960932, 53.300529 ], [ -8.954858, 53.294367 ], [ -8.956843, 53.29066 ], [ -8.962994, 53.290106 ], [ -8.963715, 53.279765 ], [ -8.958521, 53.279631 ], [ -8.955022, 53.272054 ], [ -8.973208, 53.270074 ], [ -8.976563, 53.263943 ], [ -8.970807, 53.263042 ], [ -8.972151, 53.2617 ], [ -8.97981, 53.264616 ], [ -8.994596, 53.262252 ], [ -8.996948, 53.266678 ], [ -8.992218, 53.268656 ], [ -8.993963, 53.271 ], [ -9.017455, 53.266411 ], [ -9.019655, 53.271071 ], [ -9.044021, 53.268028 ], [ -9.042711, 53.271925 ], [ -9.052734, 53.263894 ], [ -9.070933, 53.263136 ], [ -9.079059, 53.257961 ], [ -9.106173, 53.255299 ], [ -9.113295, 53.248367 ], [ -9.106208, 53.256838 ], [ -9.111598, 53.252152 ], [ -9.11495, 53.254566 ], [ -9.109005, 53.258952 ], [ -9.12997, 53.256293 ], [ -9.124974, 53.251294 ], [ -9.121204, 53.253641 ], [ -9.118191, 53.253886 ], [ -9.119541, 53.25075 ], [ -9.116421, 53.254456 ], [ -9.11697, 53.251913 ], [ -9.120892, 53.249886 ], [ -9.128022, 53.251193 ], [ -9.134751, 53.258618 ], [ -9.13536, 53.267741 ], [ -9.142668, 53.277725 ], [ -9.130768, 53.283909 ], [ -9.112468, 53.282308 ], [ -9.112189, 53.286246 ], [ -9.099316, 53.298881 ], [ -9.09482, 53.296964 ], [ -9.088298, 53.303716 ], [ -9.07676, 53.302707 ], [ -9.077108, 53.30811 ], [ -9.071157, 53.31049 ], [ -9.065292, 53.318828 ] ] ] ] } },
{ "type": "Feature", "properties": { "local_authority": "Galway County" }, "geometry": { "type": "MultiPolygon", "coordinates": [ [ [ [ -10.21506, 53.395177 ], [ -10.21672, 53.395825 ], [ -10.214273, 53.395926 ], [ -10.21506, 53.395177 ] ] ], [ [ [ -10.212958, 53.396642 ], [ -10.213524, 53.396945 ], [ -10.212805, 53.396914 ], [ -10.212958, 53.396642 ] ] ], [ [ [ -10.215897, 53.397332 ], [ -10.216518, 53.397885 ], [ -10.215826, 53.397927 ], [ -10.215897, 53.397332 ] ] ], [ [ [ -10.215697, 53.397591 ], [ -10.215589, 53.397714 ], [ -10.215499, 53.39757 ], [ -10.215697, 53.397591 ] ] ], [ [ [ -10.214633, 53.398149 ], [ -10.215326, 53.397762 ], [ -10.215373, 53.398145 ], [ -10.214633, 53.398149 ] ] ], [ [ [ -10.209889, 53.398086 ], [ -10.213122, 53.399569 ], [ -10.20933, 53.399098 ], [ -10.209889, 53.398086 ] ] ], [ [ [ -10.236321, 53.400168 ], [ -10.226802, 53.39992 ], [ -10.225457, 53.399208 ], [ -10.23051, 53.396809 ], [ -10.236321, 53.400168 ] ] ], [ [ [ -10.207779, 53.399655 ], [ -10.205778, 53.399018 ], [ -10.208465, 53.398788 ], [ -10.207779, 53.399655 ] ] ], [ [ [ -10.236546, 53.39943 ], [ -10.237713, 53.39912 ], [ -10.238479, 53.400034 ], [ -10.236546, 53.39943 ] ] ], [ [ [ -10.21988, 53.399438 ], [ -10.221894, 53.399707 ], [ -10.220141, 53.400039 ], [ -10.21988, 53.399438 ] ] ], [ [ [ -10.23955, 53.400332 ], [ -10.239418, 53.399393 ], [ -10.240208, 53.400465 ], [ -10.23955, 53.400332 ] ] ], [ [ [ -10.222791, 53.401615 ], [ -10.222185, 53.401545 ], [ -10.223589, 53.401419 ], [ -10.222791, 53.401615 ] ] ], [ [ [ -10.206412, 53.401488 ], [ -10.207284, 53.401459 ], [ -10.206508, 53.40176 ], [ -10.206412, 53.401488 ] ] ], [ [ [ -10.208331, 53.401406 ], [ -10.208005, 53.402073 ], [ -10.206767, 53.401865 ], [ -10.208331, 53.401406 ] ] ], [ [ [ -10.222356, 53.40187 ], [ -10.22385, 53.401643 ], [ -10.22348, 53.401945 ], [ -10.222356, 53.40187 ] ] ], [ [ [ -10.21467, 53.401792 ], [ -10.212462, 53.402242 ], [ -10.213212, 53.401787 ], [ -10.21467, 53.401792 ] ] ], [ [ [ -10.210009, 53.403568 ], [ -10.208077, 53.402995 ], [ -10.210158, 53.402944 ], [ -10.210009, 53.403568 ] ] ], [ [ [ -10.208997, 53.524805 ], [ -10.215175, 53.522445 ], [ -10.227396, 53.523625 ], [ -10.223323, 53.526823 ], [ -10.208997, 53.524805 ] ] ], [ [ [ -10.266622, 53.540997 ], [ -10.264655, 53.541333 ], [ -10.266638, 53.540328 ], [ -10.266622, 53.540997 ] ] ], [ [ [ -10.268684, 53.540853 ], [ -10.268556, 53.541365 ], [ -10.268279, 53.540781 ], [ -10.268684, 53.540853 ] ] ], [ [ [ -10.214488, 53.544253 ], [ -10.211821, 53.543706 ], [ -10.214973, 53.543585 ], [ -10.214488, 53.544253 ] ] ], [ [ [ -10.256841, 53.549842 ], [ -10.247446, 53.547415 ], [ -10.255936, 53.545766 ], [ -10.258332, 53.542233 ], [ -10.263647, 53.542919 ], [ -10.256841, 53.549842 ] ] ], [ [ [ -10.228448, 53.547584 ], [ -10.234345, 53.54951 ], [ -10.227602, 53.549515 ], [ -10.228448, 53.547584 ] ] ], [ [ [ -10.227903, 53.552735 ], [ -10.228018, 53.550709 ], [ -10.229714, 53.551542 ], [ -10.227903, 53.552735 ] ] ], [ [ [ -10.214818, 53.555025 ], [ -10.214582, 53.555247 ], [ -10.214561, 53.554943 ], [ -10.214818, 53.555025 ] ] ], [ [ [ -10.276224, 53.594117 ], [ -10.275885, 53.594483 ], [ -10.277172, 53.593642 ], [ -10.276224, 53.594117 ] ] ], [ [ [ -10.271769, 53.594762 ], [ -10.270576, 53.5944 ], [ -10.271914, 53.594164 ], [ -10.271769, 53.594762 ] ] ], [ [ [ -10.265862, 53.593784 ], [ -10.262912, 53.595443 ], [ -10.266746, 53.597856 ], [ -10.260201, 53.596547 ], [ -10.265862, 53.593784 ] ] ], [ [ [ -10.245354, 53.605782 ], [ -10.248899, 53.604105 ], [ -10.249591, 53.606234 ], [ -10.245354, 53.605782 ] ] ], [ [ [ -10.262582, 53.608736 ], [ -10.262629, 53.607889 ], [ -10.263103, 53.608067 ], [ -10.262582, 53.608736 ] ] ], [ [ [ -10.3004, 53.608783 ], [ -10.300859, 53.60793 ], [ -10.301149, 53.608864 ], [ -10.3004, 53.608783 ] ] ], [ [ [ -10.209691, 53.607491 ], [ -10.21694, 53.608802 ], [ -10.216804, 53.610729 ], [ -10.209691, 53.607491 ] ] ], [ [ [ -10.263154, 53.609121 ], [ -10.263249, 53.608691 ], [ -10.263381, 53.608982 ], [ -10.263154, 53.609121 ] ] ], [ [ [ -10.220809, 53.60967 ], [ -10.218529, 53.609311 ], [ -10.21932, 53.608781 ], [ -10.220809, 53.60967 ] ] ], [ [ [ -10.283116, 53.615696 ], [ -10.268234, 53.613073 ], [ -10.262628, 53.606193 ], [ -10.27219, 53.604221 ], [ -10.284635, 53.607515 ], [ -10.295078, 53.600411 ], [ -10.302221, 53.602395 ], [ -10.291983, 53.610701 ], [ -10.294584, 53.613539 ], [ -10.28965, 53.616463 ], [ -10.290883, 53.618405 ], [ -10.285993, 53.618956 ], [ -10.283116, 53.615696 ] ] ], [ [ [ -10.24812, 53.609324 ], [ -10.250769, 53.609976 ], [ -10.2494, 53.610391 ], [ -10.24812, 53.609324 ] ] ], [ [ [ -10.22788, 53.610439 ], [ -10.227794, 53.61064 ], [ -10.227488, 53.610176 ], [ -10.22788, 53.610439 ] ] ], [ [ [ -10.236282, 53.611326 ], [ -10.236459, 53.611184 ], [ -10.236801, 53.611562 ], [ -10.236282, 53.611326 ] ] ], [ [ [ -10.295617, 53.612279 ], [ -10.294962, 53.613798 ], [ -10.294436, 53.611702 ], [ -10.295617, 53.612279 ] ] ], [ [ [ -10.251096, 53.614562 ], [ -10.251029, 53.61478 ], [ -10.250767, 53.614563 ], [ -10.251096, 53.614562 ] ] ], [ [ [ -10.253695, 53.615301 ], [ -10.25335, 53.615347 ], [ -10.253361, 53.615253 ], [ -10.253695, 53.615301 ] ] ], [ [ [ -10.258716, 53.617399 ], [ -10.258491, 53.616679 ], [ -10.258995, 53.616951 ], [ -10.258716, 53.617399 ] ] ], [ [ [ -10.259199, 53.617323 ], [ -10.259976, 53.617653 ], [ -10.259773, 53.617859 ], [ -10.259199, 53.617323 ] ] ], [ [ [ -10.194159, 53.63359 ], [ -10.178173, 53.630912 ], [ -10.178978, 53.626949 ], [ -10.189504, 53.623187 ], [ -10.17576, 53.61751 ], [ -10.192839, 53.606202 ], [ -10.211315, 53.609495 ], [ -10.208069, 53.611658 ], [ -10.204049, 53.609824 ], [ -10.20542, 53.613624 ], [ -10.228945, 53.613897 ], [ -10.231116, 53.610341 ], [ -10.255751, 53.618303 ], [ -10.260128, 53.623387 ], [ -10.258246, 53.62729 ], [ -10.246769, 53.631154 ], [ -10.243096, 53.622384 ], [ -10.233479, 53.620369 ], [ -10.23017, 53.621469 ], [ -10.2325, 53.626254 ], [ -10.223826, 53.628924 ], [ -10.223971, 53.632314 ], [ -10.208195, 53.626144 ], [ -10.204823, 53.629194 ], [ -10.207421, 53.635338 ], [ -10.200579, 53.637014 ], [ -10.194159, 53.63359 ] ] ], [ [ [ -10.237253, 53.62224 ], [ -10.237315, 53.621789 ], [ -10.237587, 53.622031 ], [ -10.237253, 53.62224 ] ] ], [ [ [ -10.235454, 53.62339 ], [ -10.235264, 53.623638 ], [ -10.235084, 53.623118 ], [ -10.235454, 53.62339 ] ] ], [ [ [ -10.261043, 53.629285 ], [ -10.26106, 53.628721 ], [ -10.261875, 53.628932 ], [ -10.261043, 53.629285 ] ] ], [ [ [ -10.24473, 53.628819 ], [ -10.244375, 53.629633 ], [ -10.2439, 53.629064 ], [ -10.24473, 53.628819 ] ] ], [ [ [ -10.258184, 53.631113 ], [ -10.257645, 53.630393 ], [ -10.258479, 53.630471 ], [ -10.258184, 53.631113 ] ] ], [ [ [ -10.261585, 53.631772 ], [ -10.259061, 53.631671 ], [ -10.258775, 53.630369 ], [ -10.260474, 53.629523 ], [ -10.261585, 53.631772 ] ] ], [ [ [ -10.26113, 53.632681 ], [ -10.260366, 53.633014 ], [ -10.259679, 53.632293 ], [ -10.26113, 53.632681 ] ] ], [ [ [ -10.261684, 53.633105 ], [ -10.261063, 53.633286 ], [ -10.261353, 53.632869 ], [ -10.261684, 53.633105 ] ] ], [ [ [ -10.260975, 53.633945 ], [ -10.260098, 53.634051 ], [ -10.262226, 53.633916 ], [ -10.260975, 53.633945 ] ] ], [ [ [ -10.200956, 53.40277 ], [ -10.204001, 53.399945 ], [ -10.20761, 53.399707 ], [ -10.20369, 53.403053 ], [ -10.200956, 53.40277 ] ] ], [ [ [ -10.201888, 53.404081 ], [ -10.202659, 53.403559 ], [ -10.203149, 53.403781 ], [ -10.201888, 53.404081 ] ] ], [ [ [ -10.17444, 53.406673 ], [ -10.174472, 53.405808 ], [ -10.175284, 53.406195 ], [ -10.17444, 53.406673 ] ] ], [ [ [ -10.185571, 53.406158 ], [ -10.184334, 53.406611 ], [ -10.184948, 53.406132 ], [ -10.185571, 53.406158 ] ] ], [ [ [ -10.190009, 53.406232 ], [ -10.191078, 53.406227 ], [ -10.190098, 53.406822 ], [ -10.190009, 53.406232 ] ] ], [ [ [ -10.191205, 53.40656 ], [ -10.191409, 53.406466 ], [ -10.191514, 53.406592 ], [ -10.191205, 53.40656 ] ] ], [ [ [ -10.159503, 53.40748 ], [ -10.15862, 53.407319 ], [ -10.159195, 53.40605 ], [ -10.159503, 53.40748 ] ] ], [ [ [ -10.19415, 53.406797 ], [ -10.193798, 53.406776 ], [ -10.194348, 53.406746 ], [ -10.19415, 53.406797 ] ] ], [ [ [ -10.191027, 53.407074 ], [ -10.190633, 53.406814 ], [ -10.191467, 53.406722 ], [ -10.191027, 53.407074 ] ] ], [ [ [ -10.157558, 53.406753 ], [ -10.157789, 53.407133 ], [ -10.156896, 53.406889 ], [ -10.157558, 53.406753 ] ] ], [ [ [ -10.193108, 53.407395 ], [ -10.193727, 53.406877 ], [ -10.194346, 53.406902 ], [ -10.193108, 53.407395 ] ] ], [ [ [ -10.19488, 53.407416 ], [ -10.194495, 53.407369 ], [ -10.195427, 53.407178 ], [ -10.19488, 53.407416 ] ] ], [ [ [ -10.157757, 53.407403 ], [ -10.158439, 53.407017 ], [ -10.157776, 53.407644 ], [ -10.15721, 53.407316 ], [ -10.157757, 53.407403 ] ] ], [ [ [ -10.193679, 53.407627 ], [ -10.193779, 53.407448 ], [ -10.194325, 53.407405 ], [ -10.193679, 53.407627 ] ] ], [ [ [ -10.189002, 53.406724 ], [ -10.184053, 53.408666 ], [ -10.18354, 53.406944 ], [ -10.189002, 53.406724 ] ] ], [ [ [ -10.158307, 53.407783 ], [ -10.158253, 53.407673 ], [ -10.158337, 53.407689 ], [ -10.158307, 53.407783 ] ] ], [ [ [ -10.15827, 53.40809 ], [ -10.157857, 53.407974 ], [ -10.158377, 53.407918 ], [ -10.15827, 53.40809 ] ] ], [ [ [ -10.192143, 53.409453 ], [ -10.191593, 53.407832 ], [ -10.194777, 53.407953 ], [ -10.192143, 53.409453 ] ] ], [ [ [ -10.191437, 53.410106 ], [ -10.190488, 53.410437 ], [ -10.191005, 53.410069 ], [ -10.191437, 53.410106 ] ] ], [ [ [ -10.19254, 53.417331 ], [ -10.191831, 53.416891 ], [ -10.192763, 53.41684 ], [ -10.19254, 53.417331 ] ] ], [ [ [ -10.203705, 53.419522 ], [ -10.203573, 53.419391 ], [ -10.203816, 53.419488 ], [ -10.203705, 53.419522 ] ] ], [ [ [ -10.202811, 53.419624 ], [ -10.202064, 53.419785 ], [ -10.202502, 53.419608 ], [ -10.202811, 53.419624 ] ] ], [ [ [ -10.203075, 53.419685 ], [ -10.202871, 53.419827 ], [ -10.202903, 53.419678 ], [ -10.203075, 53.419685 ] ] ], [ [ [ -10.206112, 53.419911 ], [ -10.205366, 53.420075 ], [ -10.205851, 53.419804 ], [ -10.206112, 53.419911 ] ] ], [ [ [ -10.205046, 53.420202 ], [ -10.206259, 53.420035 ], [ -10.205151, 53.420443 ], [ -10.205046, 53.420202 ] ] ], [ [ [ -10.178719, 53.421376 ], [ -10.178988, 53.421538 ], [ -10.176145, 53.422304 ], [ -10.178719, 53.421376 ] ] ], [ [ [ -10.18358, 53.423491 ], [ -10.182648, 53.423484 ], [ -10.184039, 53.423019 ], [ -10.18358, 53.423491 ] ] ], [ [ [ -10.184898, 53.423711 ], [ -10.184644, 53.4238 ], [ -10.183627, 53.423917 ], [ -10.184684, 53.42342 ], [ -10.184898, 53.423711 ] ] ], [ [ [ -10.17703, 53.424455 ], [ -10.175943, 53.424334 ], [ -10.178252, 53.423855 ], [ -10.17703, 53.424455 ] ] ], [ [ [ -10.179381, 53.42432 ], [ -10.179476, 53.424137 ], [ -10.179615, 53.42413 ], [ -10.179381, 53.42432 ] ] ], [ [ [ -10.177937, 53.424229 ], [ -10.179259, 53.424281 ], [ -10.176576, 53.424776 ], [ -10.177937, 53.424229 ] ] ], [ [ [ -10.177856, 53.425088 ], [ -10.177922, 53.424886 ], [ -10.17966, 53.424453 ], [ -10.177856, 53.425088 ] ] ], [ [ [ -10.177291, 53.426812 ], [ -10.178369, 53.426786 ], [ -10.176652, 53.427221 ], [ -10.177291, 53.426812 ] ] ], [ [ [ -10.168256, 53.435013 ], [ -10.177154, 53.431622 ], [ -10.178362, 53.432134 ], [ -10.171842, 53.435509 ], [ -10.168256, 53.435013 ] ] ], [ [ [ -10.167281, 53.436695 ], [ -10.163665, 53.437026 ], [ -10.166122, 53.43629 ], [ -10.167281, 53.436695 ] ] ], [ [ [ -10.171024, 53.437136 ], [ -10.176494, 53.43786 ], [ -10.170618, 53.437973 ], [ -10.171024, 53.437136 ] ] ], [ [ [ -10.167304, 53.440588 ], [ -10.1641, 53.441329 ], [ -10.163321, 53.440868 ], [ -10.164663, 53.439865 ], [ -10.167304, 53.440588 ] ] ], [ [ [ -10.164275, 53.44332 ], [ -10.162126, 53.444455 ], [ -10.159735, 53.444225 ], [ -10.162316, 53.442154 ], [ -10.164275, 53.44332 ] ] ], [ [ [ -10.152024, 53.444316 ], [ -10.159435, 53.443402 ], [ -10.160642, 53.442816 ], [ -10.157674, 53.444998 ], [ -10.154458, 53.445605 ], [ -10.152024, 53.444316 ] ] ], [ [ [ -10.200584, 53.527523 ], [ -10.200962, 53.527419 ], [ -10.201026, 53.527562 ], [ -10.200584, 53.527523 ] ] ], [ [ [ -10.188828, 53.530261 ], [ -10.188549, 53.530372 ], [ -10.188395, 53.530063 ], [ -10.188828, 53.530261 ] ] ], [ [ [ -10.153803, 53.537045 ], [ -10.149191, 53.526418 ], [ -10.170111, 53.523089 ], [ -10.173737, 53.526698 ], [ -10.165551, 53.529412 ], [ -10.172984, 53.529962 ], [ -10.181613, 53.535382 ], [ -10.161181, 53.538752 ], [ -10.153803, 53.537045 ] ] ], [ [ [ -10.184682, 53.535474 ], [ -10.182924, 53.535517 ], [ -10.185595, 53.534401 ], [ -10.184682, 53.535474 ] ] ], [ [ [ -10.186417, 53.55736 ], [ -10.187148, 53.557248 ], [ -10.186283, 53.557617 ], [ -10.186417, 53.55736 ] ] ], [ [ [ -10.16688, 53.568435 ], [ -10.16566, 53.568085 ], [ -10.167751, 53.567817 ], [ -10.16688, 53.568435 ] ] ], [ [ [ -10.159547, 53.569526 ], [ -10.157093, 53.569416 ], [ -10.157041, 53.569195 ], [ -10.159547, 53.569526 ] ] ], [ [ [ -10.158417, 53.612202 ], [ -10.169983, 53.610262 ], [ -10.17839, 53.612398 ], [ -10.162172, 53.614088 ], [ -10.158417, 53.612202 ] ] ], [ [ [ -10.176441, 53.618995 ], [ -10.177009, 53.619328 ], [ -10.175511, 53.618999 ], [ -10.176441, 53.618995 ] ] ], [ [ [ -10.185338, 53.622367 ], [ -10.185898, 53.622304 ], [ -10.185406, 53.622534 ], [ -10.185338, 53.622367 ] ] ], [ [ [ -10.168699, 53.625964 ], [ -10.169645, 53.625867 ], [ -10.168724, 53.626299 ], [ -10.168699, 53.625964 ] ] ], [ [ [ -10.170453, 53.626347 ], [ -10.170174, 53.626557 ], [ -10.170049, 53.626135 ], [ -10.170453, 53.626347 ] ] ], [ [ [ -10.169683, 53.626603 ], [ -10.169829, 53.626231 ], [ -10.170055, 53.626517 ], [ -10.169683, 53.626603 ] ] ], [ [ [ -10.194031, 53.634937 ], [ -10.193695, 53.634195 ], [ -10.195108, 53.63453 ], [ -10.194031, 53.634937 ] ] ], [ [ [ -10.094001, 53.38138 ], [ -10.09481, 53.382678 ], [ -10.093407, 53.381994 ], [ -10.094001, 53.38138 ] ] ], [ [ [ -10.12394, 53.390964 ], [ -10.121229, 53.390424 ], [ -10.121568, 53.389663 ], [ -10.12394, 53.390964 ] ] ], [ [ [ -10.094946, 53.392606 ], [ -10.094173, 53.392086 ], [ -10.095107, 53.392299 ], [ -10.094946, 53.392606 ] ] ], [ [ [ -10.136426, 53.392639 ], [ -10.137153, 53.392289 ], [ -10.137296, 53.392772 ], [ -10.136426, 53.392639 ] ] ], [ [ [ -10.136271, 53.392718 ], [ -10.136289, 53.39324 ], [ -10.135618, 53.392491 ], [ -10.136271, 53.392718 ] ] ], [ [ [ -10.105293, 53.394086 ], [ -10.105583, 53.394339 ], [ -10.104513, 53.394335 ], [ -10.105293, 53.394086 ] ] ], [ [ [ -10.127621, 53.392611 ], [ -10.124619, 53.394957 ], [ -10.126303, 53.396811 ], [ -10.123502, 53.397156 ], [ -10.121975, 53.394699 ], [ -10.127621, 53.392611 ] ] ], [ [ [ -10.066877, 53.39454 ], [ -10.067711, 53.395284 ], [ -10.066128, 53.395164 ], [ -10.066877, 53.39454 ] ] ], [ [ [ -10.069151, 53.395595 ], [ -10.068439, 53.395153 ], [ -10.069636, 53.395239 ], [ -10.069151, 53.395595 ] ] ], [ [ [ -10.051947, 53.396142 ], [ -10.052617, 53.395728 ], [ -10.05289, 53.39613 ], [ -10.051947, 53.396142 ] ] ], [ [ [ -10.106498, 53.396634 ], [ -10.106708, 53.39626 ], [ -10.106928, 53.396475 ], [ -10.106498, 53.396634 ] ] ], [ [ [ -10.088806, 53.396655 ], [ -10.087476, 53.396744 ], [ -10.088651, 53.396229 ], [ -10.088806, 53.396655 ] ] ], [ [ [ -10.142762, 53.39798 ], [ -10.144099, 53.399457 ], [ -10.1414, 53.398887 ], [ -10.142762, 53.39798 ] ] ], [ [ [ -10.039911, 53.399368 ], [ -10.040689, 53.399325 ], [ -10.040225, 53.400021 ], [ -10.039911, 53.399368 ] ] ], [ [ [ -10.107495, 53.399992 ], [ -10.106821, 53.400129 ], [ -10.106588, 53.399772 ], [ -10.107495, 53.399992 ] ] ], [ [ [ -10.0432, 53.403118 ], [ -10.042563, 53.397935 ], [ -10.04605, 53.402754 ], [ -10.0432, 53.403118 ] ] ], [ [ [ -10.130536, 53.401507 ], [ -10.130562, 53.401207 ], [ -10.13076, 53.401312 ], [ -10.130536, 53.401507 ] ] ], [ [ [ -10.097072, 53.401894 ], [ -10.097379, 53.401047 ], [ -10.09802, 53.401328 ], [ -10.097072, 53.401894 ] ] ], [ [ [ -10.096368, 53.401822 ], [ -10.095285, 53.403104 ], [ -10.094106, 53.403254 ], [ -10.094207, 53.40138 ], [ -10.096368, 53.401822 ] ] ], [ [ [ -10.137187, 53.401033 ], [ -10.134951, 53.400589 ], [ -10.140043, 53.400261 ], [ -10.140557, 53.401103 ], [ -10.135863, 53.404134 ], [ -10.137187, 53.401033 ] ] ], [ [ [ -10.059754, 53.40659 ], [ -10.058508, 53.406129 ], [ -10.059198, 53.405285 ], [ -10.059754, 53.40659 ] ] ], [ [ [ -10.087106, 53.407566 ], [ -10.088599, 53.407846 ], [ -10.088265, 53.408245 ], [ -10.087106, 53.407566 ] ] ], [ [ [ -10.109256, 53.408219 ], [ -10.107428, 53.410408 ], [ -10.104574, 53.408555 ], [ -10.1049, 53.407842 ], [ -10.109256, 53.408219 ] ] ], [ [ [ -10.067455, 53.41826 ], [ -10.066845, 53.416991 ], [ -10.06791, 53.417835 ], [ -10.067455, 53.41826 ] ] ], [ [ [ -10.151798, 53.503542 ], [ -10.13576, 53.499037 ], [ -10.160027, 53.499117 ], [ -10.158959, 53.502183 ], [ -10.151798, 53.503542 ] ] ], [ [ [ -10.064312, 53.509725 ], [ -10.068339, 53.50903 ], [ -10.069544, 53.510685 ], [ -10.064312, 53.509725 ] ] ], [ [ [ -10.144513, 53.512643 ], [ -10.151181, 53.507065 ], [ -10.160405, 53.508033 ], [ -10.157311, 53.508878 ], [ -10.159528, 53.513505 ], [ -10.157171, 53.514387 ], [ -10.146877, 53.513967 ], [ -10.144513, 53.512643 ] ] ], [ [ [ -9.987669, 53.566374 ], [ -9.993695, 53.56444 ], [ -9.996759, 53.566847 ], [ -9.987669, 53.566374 ] ] ], [ [ [ -9.989032, 53.567097 ], [ -9.988845, 53.56714 ], [ -9.988375, 53.567049 ], [ -9.989032, 53.567097 ] ] ], [ [ [ -10.053443, 53.575591 ], [ -10.050371, 53.575484 ], [ -10.049465, 53.574932 ], [ -10.053443, 53.575591 ] ] ], [ [ [ -10.039913, 53.576217 ], [ -10.044107, 53.575643 ], [ -10.04896, 53.577451 ], [ -10.045097, 53.577313 ], [ -10.047874, 53.580057 ], [ -10.043483, 53.57972 ], [ -10.039913, 53.576217 ] ] ], [ [ [ -10.048525, 53.579471 ], [ -10.048525, 53.577651 ], [ -10.05124, 53.57981 ], [ -10.048525, 53.579471 ] ] ], [ [ [ -10.045317, 53.586411 ], [ -10.046776, 53.586746 ], [ -10.046524, 53.586868 ], [ -10.045317, 53.586411 ] ] ], [ [ [ -10.039533, 53.588289 ], [ -10.041555, 53.587129 ], [ -10.042352, 53.587878 ], [ -10.039533, 53.588289 ] ] ], [ [ [ -10.05028, 53.601315 ], [ -10.049907, 53.601984 ], [ -10.049138, 53.601029 ], [ -10.05028, 53.601315 ] ] ], [ [ [ -10.070231, 53.6093 ], [ -10.061396, 53.609196 ], [ -10.06143, 53.607123 ], [ -10.070231, 53.6093 ] ] ], [ [ [ -10.051853, 53.609823 ], [ -10.050827, 53.610674 ], [ -10.050447, 53.609575 ], [ -10.051853, 53.609823 ] ] ], [ [ [ -10.070381, 53.610705 ], [ -10.071227, 53.609602 ], [ -10.071772, 53.610585 ], [ -10.070381, 53.610705 ] ] ], [ [ [ -10.055193, 53.610538 ], [ -10.054194, 53.610562 ], [ -10.053095, 53.610234 ], [ -10.055193, 53.610538 ] ] ], [ [ [ -10.123262, 53.614555 ], [ -10.122366, 53.614106 ], [ -10.124045, 53.614483 ], [ -10.123262, 53.614555 ] ] ], [ [ [ -10.124245, 53.614577 ], [ -10.124169, 53.614413 ], [ -10.12424, 53.614424 ], [ -10.124245, 53.614577 ] ] ], [ [ [ -10.124887, 53.614617 ], [ -10.124775, 53.614568 ], [ -10.125125, 53.614639 ], [ -10.124887, 53.614617 ] ] ], [ [ [ -10.009928, 53.615191 ], [ -10.009571, 53.616592 ], [ -10.007799, 53.615763 ], [ -10.009928, 53.615191 ] ] ], [ [ [ -10.015736, 53.616759 ], [ -10.013016, 53.616237 ], [ -10.01961, 53.617114 ], [ -10.015736, 53.616759 ] ] ], [ [ [ -10.118157, 53.616936 ], [ -10.116819, 53.616513 ], [ -10.118261, 53.616717 ], [ -10.118157, 53.616936 ] ] ], [ [ [ -10.119252, 53.616874 ], [ -10.119076, 53.616787 ], [ -10.119433, 53.616867 ], [ -10.119252, 53.616874 ] ] ], [ [ [ -10.120994, 53.617079 ], [ -10.121982, 53.616842 ], [ -10.121329, 53.617118 ], [ -10.120994, 53.617079 ] ] ], [ [ [ -10.120541, 53.617122 ], [ -10.120028, 53.616952 ], [ -10.120543, 53.616902 ], [ -10.120541, 53.617122 ] ] ], [ [ [ -10.119565, 53.617084 ], [ -10.119421, 53.617044 ], [ -10.119794, 53.616965 ], [ -10.119565, 53.617084 ] ] ], [ [ [ -10.122215, 53.617162 ], [ -10.121895, 53.617124 ], [ -10.122647, 53.617068 ], [ -10.122215, 53.617162 ] ] ], [ [ [ -9.985922, 53.617586 ], [ -9.990347, 53.617666 ], [ -9.990484, 53.618599 ], [ -9.98851, 53.619704 ], [ -9.985922, 53.617586 ] ] ], [ [ [ -10.145399, 53.627235 ], [ -10.128376, 53.628676 ], [ -10.125638, 53.627232 ], [ -10.145399, 53.627235 ] ] ], [ [ [ -10.145858, 53.627221 ], [ -10.147416, 53.628098 ], [ -10.145141, 53.628018 ], [ -10.145858, 53.627221 ] ] ], [ [ [ -9.833657, 53.137499 ], [ -9.83176, 53.138751 ], [ -9.832216, 53.137065 ], [ -9.833657, 53.137499 ] ] ], [ [ [ -9.843414, 53.142018 ], [ -9.843537, 53.139303 ], [ -9.844447, 53.141431 ], [ -9.843414, 53.142018 ] ] ], [ [ [ -9.848974, 53.142267 ], [ -9.846345, 53.142331 ], [ -9.850072, 53.140705 ], [ -9.848974, 53.142267 ] ] ], [ [ [ -9.836182, 53.143324 ], [ -9.842229, 53.144355 ], [ -9.846507, 53.142549 ], [ -9.844606, 53.147044 ], [ -9.837057, 53.14911 ], [ -9.836182, 53.143324 ] ] ], [ [ [ -9.862432, 53.149636 ], [ -9.856045, 53.149988 ], [ -9.853935, 53.145843 ], [ -9.858782, 53.146009 ], [ -9.862432, 53.149636 ] ] ], [ [ [ -9.828582, 53.273104 ], [ -9.825069, 53.276531 ], [ -9.822984, 53.275503 ], [ -9.822878, 53.273682 ], [ -9.828582, 53.273104 ] ] ], [ [ [ -9.814869, 53.298547 ], [ -9.800977, 53.299035 ], [ -9.822666, 53.288377 ], [ -9.814869, 53.298547 ] ] ], [ [ [ -9.88104, 53.297464 ], [ -9.880526, 53.298575 ], [ -9.879721, 53.298412 ], [ -9.88104, 53.297464 ] ] ], [ [ [ -9.881577, 53.299552 ], [ -9.892222, 53.296967 ], [ -9.894853, 53.298309 ], [ -9.888465, 53.302953 ], [ -9.880835, 53.303032 ], [ -9.881577, 53.299552 ] ] ], [ [ [ -9.855817, 53.314286 ], [ -9.848194, 53.310695 ], [ -9.851938, 53.305994 ], [ -9.84485, 53.305148 ], [ -9.838073, 53.288886 ], [ -9.851152, 53.291042 ], [ -9.850798, 53.300061 ], [ -9.866061, 53.300619 ], [ -9.863351, 53.304176 ], [ -9.875217, 53.302907 ], [ -9.862952, 53.310767 ], [ -9.858167, 53.310077 ], [ -9.855817, 53.314286 ] ] ], [ [ [ -9.892566, 53.303661 ], [ -9.894829, 53.303173 ], [ -9.895262, 53.304009 ], [ -9.894605, 53.304325 ], [ -9.892566, 53.303661 ] ] ], [ [ [ -9.919196, 53.302657 ], [ -9.926123, 53.307101 ], [ -9.916276, 53.305189 ], [ -9.919196, 53.302657 ] ] ], [ [ [ -9.845646, 53.308824 ], [ -9.846002, 53.310482 ], [ -9.844634, 53.309888 ], [ -9.845646, 53.308824 ] ] ], [ [ [ -9.836708, 53.311029 ], [ -9.833191, 53.311473 ], [ -9.83117, 53.310356 ], [ -9.831545, 53.308679 ], [ -9.837024, 53.30965 ], [ -9.833469, 53.307921 ], [ -9.836961, 53.306168 ], [ -9.843494, 53.30794 ], [ -9.839445, 53.310655 ], [ -9.842521, 53.314097 ], [ -9.836708, 53.311029 ] ] ], [ [ [ -9.847921, 53.310871 ], [ -9.84756, 53.310541 ], [ -9.847812, 53.310238 ], [ -9.847921, 53.310871 ] ] ], [ [ [ -9.845982, 53.316895 ], [ -9.850031, 53.313423 ], [ -9.851292, 53.315113 ], [ -9.845982, 53.316895 ] ] ], [ [ [ -9.964422, 53.328608 ], [ -9.973122, 53.320387 ], [ -9.979267, 53.327796 ], [ -9.975581, 53.329268 ], [ -9.964422, 53.328608 ] ] ], [ [ [ -9.907299, 53.327786 ], [ -9.903378, 53.328818 ], [ -9.904767, 53.32779 ], [ -9.907299, 53.327786 ] ] ], [ [ [ -9.957499, 53.339085 ], [ -9.957348, 53.340657 ], [ -9.95673, 53.338865 ], [ -9.957499, 53.339085 ] ] ], [ [ [ -9.960665, 53.34432 ], [ -9.96331, 53.345313 ], [ -9.963623, 53.346811 ], [ -9.961411, 53.346787 ], [ -9.960665, 53.34432 ] ] ], [ [ [ -9.89236, 53.348441 ], [ -9.889378, 53.347419 ], [ -9.893993, 53.347016 ], [ -9.89236, 53.348441 ] ] ], [ [ [ -9.905936, 53.349117 ], [ -9.90905, 53.351522 ], [ -9.901023, 53.352948 ], [ -9.900492, 53.351362 ], [ -9.905936, 53.349117 ] ] ], [ [ [ -9.900188, 53.370273 ], [ -9.897148, 53.370416 ], [ -9.894348, 53.369031 ], [ -9.895601, 53.367827 ], [ -9.900188, 53.370273 ] ] ], [ [ [ -9.921178, 53.373274 ], [ -9.923624, 53.367421 ], [ -9.931962, 53.366633 ], [ -9.930218, 53.371302 ], [ -9.93252, 53.37354 ], [ -9.929494, 53.375469 ], [ -9.923411, 53.37598 ], [ -9.921178, 53.373274 ] ] ], [ [ [ -9.834854, 53.380876 ], [ -9.834699, 53.381919 ], [ -9.833864, 53.381484 ], [ -9.834854, 53.380876 ] ] ], [ [ [ -9.882398, 53.384602 ], [ -9.884659, 53.386289 ], [ -9.879102, 53.386275 ], [ -9.882398, 53.384602 ] ] ], [ [ [ -9.810837, 53.386675 ], [ -9.808738, 53.388505 ], [ -9.808254, 53.387701 ], [ -9.810837, 53.386675 ] ] ], [ [ [ -9.821639, 53.39049 ], [ -9.821638, 53.39149 ], [ -9.818136, 53.392772 ], [ -9.821639, 53.39049 ] ] ], [ [ [ -9.813445, 53.389783 ], [ -9.811817, 53.394193 ], [ -9.810805, 53.393001 ], [ -9.813445, 53.389783 ] ] ], [ [ [ -9.826572, 53.396926 ], [ -9.822764, 53.393628 ], [ -9.830636, 53.394656 ], [ -9.826572, 53.396926 ] ] ], [ [ [ -9.898137, 53.41542 ], [ -9.898899, 53.410867 ], [ -9.894575, 53.410719 ], [ -9.897464, 53.408457 ], [ -9.895932, 53.40544 ], [ -9.906465, 53.403081 ], [ -9.892498, 53.401583 ], [ -9.886502, 53.394556 ], [ -9.891548, 53.391389 ], [ -9.90245, 53.39204 ], [ -9.88863, 53.381194 ], [ -9.895976, 53.375386 ], [ -9.908316, 53.379852 ], [ -9.903314, 53.384241 ], [ -9.90571, 53.391123 ], [ -9.901734, 53.39279 ], [ -9.906876, 53.394016 ], [ -9.908551, 53.399249 ], [ -9.905485, 53.401765 ], [ -9.909687, 53.402588 ], [ -9.906217, 53.407495 ], [ -9.911005, 53.409251 ], [ -9.904251, 53.411454 ], [ -9.907991, 53.415597 ], [ -9.898137, 53.41542 ] ] ], [ [ [ -9.830351, 53.397653 ], [ -9.830818, 53.397053 ], [ -9.831159, 53.397509 ], [ -9.830351, 53.397653 ] ] ], [ [ [ -9.913282, 53.404685 ], [ -9.913783, 53.405492 ], [ -9.913447, 53.4055 ], [ -9.913282, 53.404685 ] ] ], [ [ [ -9.835861, 53.406654 ], [ -9.835601, 53.407507 ], [ -9.835374, 53.4066 ], [ -9.835861, 53.406654 ] ] ], [ [ [ -9.914766, 53.409898 ], [ -9.91562, 53.409184 ], [ -9.915622, 53.409753 ], [ -9.914766, 53.409898 ] ] ], [ [ [ -9.811596, 53.416193 ], [ -9.812348, 53.415823 ], [ -9.812619, 53.416178 ], [ -9.811596, 53.416193 ] ] ], [ [ [ -9.977658, 53.562478 ], [ -9.976962, 53.562495 ], [ -9.978796, 53.562524 ], [ -9.977658, 53.562478 ] ] ], [ [ [ -9.977057, 53.569311 ], [ -9.977411, 53.570964 ], [ -9.975284, 53.570435 ], [ -9.977057, 53.569311 ] ] ], [ [ [ -9.927518, 53.610797 ], [ -9.927504, 53.610848 ], [ -9.92741, 53.610798 ], [ -9.927518, 53.610797 ] ] ], [ [ [ -9.924527, 53.610971 ], [ -9.924177, 53.610936 ], [ -9.924109, 53.610818 ], [ -9.924527, 53.610971 ] ] ], [ [ [ -9.926828, 53.610905 ], [ -9.926697, 53.61092 ], [ -9.926631, 53.61087 ], [ -9.926828, 53.610905 ] ] ], [ [ [ -9.924242, 53.611204 ], [ -9.923808, 53.61105 ], [ -9.924591, 53.611116 ], [ -9.924242, 53.611204 ] ] ], [ [ [ -9.925113, 53.611163 ], [ -9.925287, 53.61113 ], [ -9.925319, 53.611211 ], [ -9.925113, 53.611163 ] ] ], [ [ [ -9.925632, 53.61131 ], [ -9.926309, 53.611071 ], [ -9.926415, 53.611404 ], [ -9.925632, 53.61131 ] ] ], [ [ [ -9.920571, 53.613447 ], [ -9.920466, 53.613476 ], [ -9.920362, 53.613419 ], [ -9.920571, 53.613447 ] ] ], [ [ [ -9.904927, 53.613228 ], [ -9.904688, 53.614001 ], [ -9.904303, 53.613236 ], [ -9.904927, 53.613228 ] ] ], [ [ [ -9.920758, 53.613614 ], [ -9.920978, 53.613602 ], [ -9.920864, 53.613679 ], [ -9.920758, 53.613614 ] ] ], [ [ [ -9.924632, 53.61395 ], [ -9.924786, 53.613704 ], [ -9.925021, 53.613934 ], [ -9.924632, 53.61395 ] ] ], [ [ [ -9.886265, 53.616253 ], [ -9.886308, 53.616361 ], [ -9.885988, 53.616235 ], [ -9.886265, 53.616253 ] ] ], [ [ [ -9.885193, 53.617675 ], [ -9.884246, 53.617401 ], [ -9.885536, 53.61747 ], [ -9.885193, 53.617675 ] ] ], [ [ [ -9.890644, 53.618361 ], [ -9.887899, 53.618054 ], [ -9.886757, 53.617286 ], [ -9.888247, 53.61713 ], [ -9.890644, 53.618361 ] ] ], [ [ [ -9.877445, 53.619895 ], [ -9.87709, 53.619611 ], [ -9.877733, 53.619751 ], [ -9.877445, 53.619895 ] ] ], [ [ [ -9.872104, 53.628314 ], [ -9.879373, 53.628665 ], [ -9.88429, 53.62936 ], [ -9.872104, 53.628314 ] ] ], [ [ [ -9.791997, 53.152036 ], [ -9.75984, 53.147884 ], [ -9.750705, 53.131169 ], [ -9.735626, 53.137535 ], [ -9.711761, 53.137792 ], [ -9.708385, 53.141789 ], [ -9.687845, 53.138436 ], [ -9.685024, 53.13302 ], [ -9.660156, 53.132802 ], [ -9.653755, 53.130672 ], [ -9.654532, 53.126084 ], [ -9.660801, 53.125693 ], [ -9.664018, 53.119741 ], [ -9.673705, 53.117912 ], [ -9.675386, 53.113101 ], [ -9.668301, 53.112102 ], [ -9.666257, 53.107313 ], [ -9.659711, 53.104242 ], [ -9.654479, 53.104815 ], [ -9.658653, 53.106712 ], [ -9.657073, 53.10881 ], [ -9.649542, 53.107749 ], [ -9.65441, 53.10305 ], [ -9.647423, 53.099929 ], [ -9.638817, 53.10195 ], [ -9.648183, 53.105963 ], [ -9.636659, 53.106109 ], [ -9.631702, 53.111019 ], [ -9.629451, 53.105852 ], [ -9.632789, 53.100077 ], [ -9.638496, 53.099339 ], [ -9.636473, 53.096246 ], [ -9.639841, 53.088878 ], [ -9.654195, 53.089192 ], [ -9.684747, 53.102329 ], [ -9.684616, 53.10467 ], [ -9.688564, 53.103696 ], [ -9.691342, 53.108101 ], [ -9.710179, 53.107893 ], [ -9.714016, 53.111711 ], [ -9.717098, 53.110316 ], [ -9.716428, 53.112969 ], [ -9.742158, 53.116887 ], [ -9.747483, 53.121443 ], [ -9.757, 53.121238 ], [ -9.759017, 53.125193 ], [ -9.805902, 53.135142 ], [ -9.827211, 53.136232 ], [ -9.830094, 53.138868 ], [ -9.828712, 53.142951 ], [ -9.815594, 53.149275 ], [ -9.791997, 53.152036 ] ] ], [ [ [ -9.694817, 53.220575 ], [ -9.694684, 53.221527 ], [ -9.693919, 53.221176 ], [ -9.694817, 53.220575 ] ] ], [ [ [ -9.689388, 53.222597 ], [ -9.69228, 53.221332 ], [ -9.696098, 53.22252 ], [ -9.691486, 53.224783 ], [ -9.689388, 53.222597 ] ] ], [ [ [ -9.728581, 53.227424 ], [ -9.731332, 53.228047 ], [ -9.728949, 53.228145 ], [ -9.728581, 53.227424 ] ] ], [ [ [ -9.765701, 53.23284 ], [ -9.762416, 53.229785 ], [ -9.771638, 53.229721 ], [ -9.765701, 53.23284 ] ] ], [ [ [ -9.79752, 53.232167 ], [ -9.795207, 53.234134 ], [ -9.793731, 53.2337 ], [ -9.79752, 53.232167 ] ] ], [ [ [ -9.765909, 53.235713 ], [ -9.770637, 53.236146 ], [ -9.763763, 53.238466 ], [ -9.765909, 53.235713 ] ] ], [ [ [ -9.796447, 53.237739 ], [ -9.796177, 53.238533 ], [ -9.795966, 53.238232 ], [ -9.796447, 53.237739 ] ] ], [ [ [ -9.73157, 53.249948 ], [ -9.718631, 53.245586 ], [ -9.72415, 53.237638 ], [ -9.718161, 53.231094 ], [ -9.721053, 53.227177 ], [ -9.73327, 53.232718 ], [ -9.736547, 53.228455 ], [ -9.749631, 53.230302 ], [ -9.755794, 53.226902 ], [ -9.760472, 53.230015 ], [ -9.752044, 53.234807 ], [ -9.753395, 53.232183 ], [ -9.738143, 53.23497 ], [ -9.745011, 53.236829 ], [ -9.740946, 53.237733 ], [ -9.742532, 53.241213 ], [ -9.739751, 53.240713 ], [ -9.743353, 53.247001 ], [ -9.733742, 53.246633 ], [ -9.73157, 53.249948 ] ] ], [ [ [ -9.743024, 53.241716 ], [ -9.748818, 53.238588 ], [ -9.759769, 53.240551 ], [ -9.75377, 53.24556 ], [ -9.743024, 53.241716 ] ] ], [ [ [ -9.767033, 53.240749 ], [ -9.766299, 53.242854 ], [ -9.760525, 53.243594 ], [ -9.761388, 53.240518 ], [ -9.767033, 53.240749 ] ] ], [ [ [ -9.757509, 53.252447 ], [ -9.749781, 53.248482 ], [ -9.752457, 53.246219 ], [ -9.760898, 53.247589 ], [ -9.757509, 53.252447 ] ] ], [ [ [ -9.734778, 53.252234 ], [ -9.733935, 53.252194 ], [ -9.734605, 53.251973 ], [ -9.734778, 53.252234 ] ] ], [ [ [ -9.652091, 53.281606 ], [ -9.655011, 53.279102 ], [ -9.648636, 53.277725 ], [ -9.646725, 53.274006 ], [ -9.655997, 53.271593 ], [ -9.660471, 53.277352 ], [ -9.66255, 53.276416 ], [ -9.65438, 53.265785 ], [ -9.64466, 53.264027 ], [ -9.642734, 53.259634 ], [ -9.641903, 53.242072 ], [ -9.651059, 53.23367 ], [ -9.647021, 53.229221 ], [ -9.653279, 53.229624 ], [ -9.666399, 53.223778 ], [ -9.683355, 53.227499 ], [ -9.681783, 53.227307 ], [ -9.678608, 53.229699 ], [ -9.688997, 53.227188 ], [ -9.693761, 53.229544 ], [ -9.700175, 53.225163 ], [ -9.704082, 53.233567 ], [ -9.714267, 53.235548 ], [ -9.711717, 53.236265 ], [ -9.717278, 53.244895 ], [ -9.712635, 53.244184 ], [ -9.702645, 53.251158 ], [ -9.708471, 53.253986 ], [ -9.712483, 53.252482 ], [ -9.714287, 53.256163 ], [ -9.717444, 53.253248 ], [ -9.719066, 53.254481 ], [ -9.715926, 53.255807 ], [ -9.721531, 53.258349 ], [ -9.723166, 53.264176 ], [ -9.681453, 53.270772 ], [ -9.683694, 53.274112 ], [ -9.680386, 53.275084 ], [ -9.683555, 53.280102 ], [ -9.681542, 53.281821 ], [ -9.660278, 53.27991 ], [ -9.662867, 53.28294 ], [ -9.660359, 53.284987 ], [ -9.652091, 53.281606 ] ] ], [ [ [ -9.750248, 53.262017 ], [ -9.741252, 53.259692 ], [ -9.738217, 53.248502 ], [ -9.746312, 53.248456 ], [ -9.750299, 53.253939 ], [ -9.750248, 53.262017 ] ] ], [ [ [ -9.735419, 53.255106 ], [ -9.737886, 53.255155 ], [ -9.739746, 53.257906 ], [ -9.736373, 53.25823 ], [ -9.735419, 53.255106 ] ] ], [ [ [ -9.75535, 53.257973 ], [ -9.760834, 53.263738 ], [ -9.75387, 53.267751 ], [ -9.751372, 53.258341 ], [ -9.75535, 53.257973 ] ], [ [ -9.751678, 53.258971 ], [ -9.752022, 53.258838 ], [ -9.751598, 53.258862 ], [ -9.751678, 53.258971 ] ] ], [ [ [ -9.697592, 53.271634 ], [ -9.698116, 53.270994 ], [ -9.699078, 53.270636 ], [ -9.699202, 53.271192 ], [ -9.697592, 53.271634 ] ] ], [ [ [ -9.702755, 53.272489 ], [ -9.700523, 53.271757 ], [ -9.701857, 53.271143 ], [ -9.702755, 53.272489 ] ] ], [ [ [ -9.796688, 53.273706 ], [ -9.791885, 53.276687 ], [ -9.790205, 53.274191 ], [ -9.793516, 53.270868 ], [ -9.796688, 53.273706 ] ] ], [ [ [ -9.693936, 53.273231 ], [ -9.697057, 53.276145 ], [ -9.695753, 53.276434 ], [ -9.693936, 53.273231 ] ] ], [ [ [ -9.797958, 53.275654 ], [ -9.797115, 53.275472 ], [ -9.797816, 53.275278 ], [ -9.797958, 53.275654 ] ] ], [ [ [ -9.698582, 53.278553 ], [ -9.700133, 53.27716 ], [ -9.70175, 53.278843 ], [ -9.698582, 53.278553 ] ] ], [ [ [ -9.716562, 53.284532 ], [ -9.703618, 53.27945 ], [ -9.700938, 53.275365 ], [ -9.70348, 53.273638 ], [ -9.708678, 53.276293 ], [ -9.717455, 53.272247 ], [ -9.722245, 53.282418 ], [ -9.716562, 53.284532 ] ] ], [ [ [ -9.734476, 53.281861 ], [ -9.732476, 53.27752 ], [ -9.73451, 53.276535 ], [ -9.743581, 53.280604 ], [ -9.741787, 53.284243 ], [ -9.734476, 53.281861 ] ] ], [ [ [ -9.79131, 53.280017 ], [ -9.789903, 53.281989 ], [ -9.78846, 53.281548 ], [ -9.79131, 53.280017 ] ] ], [ [ [ -9.757795, 53.285278 ], [ -9.758413, 53.286561 ], [ -9.756883, 53.285788 ], [ -9.757795, 53.285278 ] ] ], [ [ [ -9.675078, 53.285865 ], [ -9.676713, 53.287376 ], [ -9.675073, 53.287166 ], [ -9.675078, 53.285865 ] ] ], [ [ [ -9.711397, 53.285902 ], [ -9.710351, 53.287805 ], [ -9.709886, 53.285375 ], [ -9.711397, 53.285902 ] ] ], [ [ [ -9.671823, 53.306996 ], [ -9.672703, 53.305008 ], [ -9.66839, 53.306956 ], [ -9.653479, 53.299973 ], [ -9.646767, 53.304018 ], [ -9.636551, 53.302317 ], [ -9.630073, 53.297348 ], [ -9.633732, 53.293978 ], [ -9.648639, 53.293304 ], [ -9.649418, 53.28833 ], [ -9.660918, 53.289397 ], [ -9.673312, 53.286178 ], [ -9.676148, 53.28823 ], [ -9.684737, 53.288895 ], [ -9.687797, 53.284849 ], [ -9.68399, 53.283157 ], [ -9.689247, 53.279649 ], [ -9.710551, 53.288962 ], [ -9.694332, 53.286435 ], [ -9.690035, 53.289882 ], [ -9.711918, 53.29731 ], [ -9.704797, 53.304573 ], [ -9.685726, 53.309776 ], [ -9.671823, 53.306996 ] ] ], [ [ [ -9.714298, 53.297874 ], [ -9.718489, 53.292624 ], [ -9.721201, 53.294947 ], [ -9.714298, 53.297874 ] ] ], [ [ [ -9.654329, 53.309405 ], [ -9.654668, 53.313019 ], [ -9.652935, 53.312777 ], [ -9.654329, 53.309405 ] ] ], [ [ [ -9.659682, 53.313707 ], [ -9.661361, 53.314767 ], [ -9.659739, 53.314804 ], [ -9.659682, 53.313707 ] ] ], [ [ [ -9.69226, 53.316839 ], [ -9.696002, 53.315829 ], [ -9.697586, 53.316762 ], [ -9.69226, 53.316839 ] ] ], [ [ [ -9.683467, 53.323415 ], [ -9.675689, 53.322481 ], [ -9.674285, 53.318888 ], [ -9.672551, 53.322377 ], [ -9.664166, 53.323567 ], [ -9.661807, 53.321836 ], [ -9.665897, 53.320792 ], [ -9.660385, 53.318412 ], [ -9.673064, 53.318797 ], [ -9.68285, 53.315154 ], [ -9.684904, 53.319635 ], [ -9.683467, 53.323415 ] ] ], [ [ [ -9.712639, 53.31896 ], [ -9.71165, 53.320523 ], [ -9.710971, 53.319848 ], [ -9.712639, 53.31896 ] ] ], [ [ [ -9.664062, 53.325234 ], [ -9.667903, 53.326453 ], [ -9.665894, 53.32682 ], [ -9.664062, 53.325234 ] ] ], [ [ [ -9.658773, 53.326356 ], [ -9.662305, 53.327068 ], [ -9.663303, 53.327915 ], [ -9.661278, 53.328383 ], [ -9.658773, 53.326356 ] ] ], [ [ [ -9.687573, 53.32796 ], [ -9.683546, 53.32764 ], [ -9.687218, 53.326383 ], [ -9.687573, 53.32796 ] ] ], [ [ [ -9.693708, 53.329085 ], [ -9.690429, 53.331329 ], [ -9.689727, 53.329834 ], [ -9.693708, 53.329085 ] ] ], [ [ [ -9.675621, 53.337607 ], [ -9.675312, 53.336542 ], [ -9.676445, 53.336884 ], [ -9.675621, 53.337607 ] ] ], [ [ [ -9.666975, 53.341429 ], [ -9.66876, 53.339303 ], [ -9.668766, 53.34084 ], [ -9.666975, 53.341429 ] ] ], [ [ [ -9.64668, 53.349027 ], [ -9.646076, 53.350578 ], [ -9.645326, 53.350495 ], [ -9.64668, 53.349027 ] ] ], [ [ [ -9.665418, 53.35141 ], [ -9.677859, 53.349349 ], [ -9.678999, 53.351817 ], [ -9.669697, 53.353665 ], [ -9.665418, 53.35141 ] ] ], [ [ [ -9.650989, 53.351759 ], [ -9.664526, 53.35077 ], [ -9.657455, 53.356432 ], [ -9.649708, 53.355005 ], [ -9.650989, 53.351759 ] ] ], [ [ [ -9.675453, 53.35549 ], [ -9.671029, 53.356852 ], [ -9.670607, 53.354534 ], [ -9.675453, 53.35549 ] ] ], [ [ [ -9.654083, 53.361945 ], [ -9.656904, 53.357934 ], [ -9.659301, 53.358829 ], [ -9.654083, 53.361945 ] ] ], [ [ [ -9.647299, 53.377985 ], [ -9.648147, 53.376504 ], [ -9.648563, 53.377263 ], [ -9.647299, 53.377985 ] ] ], [ [ [ -9.802949, 53.387918 ], [ -9.801417, 53.388381 ], [ -9.799388, 53.388001 ], [ -9.802949, 53.387918 ] ] ], [ [ [ -9.806012, 53.398719 ], [ -9.811257, 53.394458 ], [ -9.812208, 53.396121 ], [ -9.806012, 53.398719 ] ] ], [ [ [ -9.798117, 53.400753 ], [ -9.797425, 53.400836 ], [ -9.798606, 53.400004 ], [ -9.798117, 53.400753 ] ] ], [ [ [ -9.804261, 53.402894 ], [ -9.804012, 53.402759 ], [ -9.804752, 53.402463 ], [ -9.804261, 53.402894 ] ] ], [ [ [ -9.789762, 53.40679 ], [ -9.789457, 53.407672 ], [ -9.788967, 53.407005 ], [ -9.789762, 53.40679 ] ] ], [ [ [ -9.507077, 53.064509 ], [ -9.50174, 53.059471 ], [ -9.501978, 53.055239 ], [ -9.525793, 53.045426 ], [ -9.55616, 53.049696 ], [ -9.546486, 53.062544 ], [ -9.533973, 53.06826 ], [ -9.507077, 53.064509 ] ] ], [ [ [ -9.566205, 53.098918 ], [ -9.562663, 53.085491 ], [ -9.575076, 53.079599 ], [ -9.576022, 53.073086 ], [ -9.607242, 53.064977 ], [ -9.620464, 53.068028 ], [ -9.613629, 53.083876 ], [ -9.59783, 53.092897 ], [ -9.600471, 53.095065 ], [ -9.596399, 53.098594 ], [ -9.581359, 53.09853 ], [ -9.577718, 53.099865 ], [ -9.579012, 53.102317 ], [ -9.566205, 53.098918 ] ] ], [ [ [ -9.628726, 53.115611 ], [ -9.630951, 53.1181 ], [ -9.628114, 53.117026 ], [ -9.628726, 53.115611 ] ] ], [ [ [ -9.011759, 53.147298 ], [ -9.01139, 53.147086 ], [ -9.011595, 53.146946 ], [ -9.011759, 53.147298 ] ] ], [ [ [ -8.943594, 53.14748 ], [ -8.944836, 53.148286 ], [ -8.943832, 53.147934 ], [ -8.943594, 53.14748 ] ] ], [ [ [ -8.945864, 53.150462 ], [ -8.946049, 53.149792 ], [ -8.946821, 53.150283 ], [ -8.945864, 53.150462 ] ] ], [ [ [ -9.000807, 53.150698 ], [ -9.000446, 53.150784 ], [ -9.000457, 53.150617 ], [ -9.000807, 53.150698 ] ] ], [ [ [ -9.002477, 53.150948 ], [ -9.002015, 53.150832 ], [ -9.003361, 53.150799 ], [ -9.002477, 53.150948 ] ] ], [ [ [ -9.00748, 53.151073 ], [ -9.007213, 53.15068 ], [ -9.00796, 53.151029 ], [ -9.00748, 53.151073 ] ] ], [ [ [ -8.99755, 53.150794 ], [ -8.996736, 53.151402 ], [ -8.995686, 53.150942 ], [ -8.99755, 53.150794 ] ] ], [ [ [ -9.010618, 53.15236 ], [ -9.011619, 53.152176 ], [ -9.011171, 53.1526 ], [ -9.010618, 53.15236 ] ] ], [ [ [ -8.948326, 53.152878 ], [ -8.945227, 53.152507 ], [ -8.945492, 53.151822 ], [ -8.948326, 53.152878 ] ] ], [ [ [ -8.952651, 53.155583 ], [ -8.958672, 53.155655 ], [ -8.955129, 53.156507 ], [ -8.952651, 53.155583 ] ] ], [ [ [ -8.964882, 53.158786 ], [ -8.964786, 53.160298 ], [ -8.964084, 53.160136 ], [ -8.964882, 53.158786 ] ] ], [ [ [ -8.971815, 53.160568 ], [ -8.970614, 53.160194 ], [ -8.973663, 53.159443 ], [ -8.971815, 53.160568 ] ] ], [ [ [ -8.960141, 53.160297 ], [ -8.958227, 53.159587 ], [ -8.961063, 53.159613 ], [ -8.960141, 53.160297 ] ] ], [ [ [ -8.980927, 53.162296 ], [ -8.981053, 53.161708 ], [ -8.981752, 53.162072 ], [ -8.980927, 53.162296 ] ] ], [ [ [ -8.965472, 53.16261 ], [ -8.965081, 53.162827 ], [ -8.965312, 53.162566 ], [ -8.965472, 53.16261 ] ] ], [ [ [ -8.983972, 53.164533 ], [ -8.983485, 53.164414 ], [ -8.983635, 53.164064 ], [ -8.983972, 53.164533 ] ] ], [ [ [ -8.979978, 53.164603 ], [ -8.980525, 53.164555 ], [ -8.980636, 53.164694 ], [ -8.979978, 53.164603 ] ] ], [ [ [ -8.975029, 53.165299 ], [ -8.974363, 53.16474 ], [ -8.975077, 53.164969 ], [ -8.975029, 53.165299 ] ] ], [ [ [ -8.9682, 53.165545 ], [ -8.967847, 53.165774 ], [ -8.967881, 53.165437 ], [ -8.9682, 53.165545 ] ] ], [ [ [ -8.967544, 53.189234 ], [ -8.965164, 53.190614 ], [ -8.961609, 53.19105 ], [ -8.965053, 53.189013 ], [ -8.967544, 53.189234 ] ] ], [ [ [ -8.992132, 53.1918 ], [ -8.993958, 53.18982 ], [ -9.003362, 53.189833 ], [ -9.008347, 53.190728 ], [ -8.990716, 53.199368 ], [ -8.988982, 53.199278 ], [ -8.987049, 53.19851 ], [ -8.986653, 53.197944 ], [ -8.992298, 53.19725 ], [ -8.982329, 53.194359 ], [ -8.979942, 53.194779 ], [ -8.976165, 53.19462 ], [ -8.986089, 53.197354 ], [ -8.966485, 53.195116 ], [ -8.971893, 53.192578 ], [ -8.994003, 53.194842 ], [ -9.003001, 53.192427 ], [ -8.992132, 53.1918 ] ], [ [ -9.001595, 53.190885 ], [ -9.004842, 53.190907 ], [ -9.005147, 53.190605 ], [ -9.001595, 53.190885 ] ] ], [ [ [ -8.977927, 53.205458 ], [ -8.968235, 53.203843 ], [ -8.974847, 53.203261 ], [ -8.988904, 53.208399 ], [ -8.990646, 53.209841 ], [ -8.978178, 53.208543 ], [ -8.977927, 53.205458 ] ] ], [ [ [ -9.015683, 53.214127 ], [ -8.981935, 53.214211 ], [ -8.976837, 53.212701 ], [ -8.992025, 53.210726 ], [ -9.015683, 53.214127 ] ] ], [ [ [ -9.008234, 53.217223 ], [ -9.004953, 53.220133 ], [ -8.99916, 53.21954 ], [ -9.004408, 53.216148 ], [ -9.008234, 53.217223 ] ] ], [ [ [ -9.034331, 53.215645 ], [ -9.016969, 53.213352 ], [ -9.02726, 53.213324 ], [ -9.049426, 53.219855 ], [ -9.02535, 53.225154 ], [ -9.019974, 53.22527 ], [ -9.014564, 53.223741 ], [ -9.021034, 53.225094 ], [ -9.024838, 53.224359 ], [ -9.020222, 53.220185 ], [ -9.034331, 53.215645 ] ], [ [ -9.034899, 53.216271 ], [ -9.035606, 53.216164 ], [ -9.034331, 53.215645 ], [ -9.034899, 53.216271 ] ] ], [ [ [ -8.997628, 53.218555 ], [ -8.998215, 53.219784 ], [ -8.996532, 53.219702 ], [ -8.997628, 53.218555 ] ] ], [ [ [ -9.01639, 53.222899 ], [ -9.006814, 53.222269 ], [ -9.004623, 53.221689 ], [ -9.025985, 53.217087 ], [ -9.020632, 53.21999 ], [ -9.016628, 53.220433 ], [ -9.016744, 53.221247 ], [ -9.014531, 53.22114 ], [ -9.013444, 53.22199 ], [ -9.01639, 53.222899 ] ] ], [ [ [ -8.996409, 53.221813 ], [ -8.998559, 53.221767 ], [ -9.003688, 53.221835 ], [ -8.999754, 53.224439 ], [ -8.996409, 53.221813 ] ] ], [ [ [ -9.55901, 53.271213 ], [ -9.559578, 53.269774 ], [ -9.560746, 53.27029 ], [ -9.55901, 53.271213 ] ] ], [ [ [ -9.624102, 53.274311 ], [ -9.625254, 53.275112 ], [ -9.623947, 53.274948 ], [ -9.624102, 53.274311 ] ] ], [ [ [ -9.631044, 53.275952 ], [ -9.627668, 53.277361 ], [ -9.628838, 53.274303 ], [ -9.631044, 53.275952 ] ] ], [ [ [ -9.615377, 53.280129 ], [ -9.620953, 53.275286 ], [ -9.620215, 53.277661 ], [ -9.625706, 53.281356 ], [ -9.62435, 53.284236 ], [ -9.617103, 53.284726 ], [ -9.615377, 53.280129 ] ] ], [ [ [ -9.603005, 53.285042 ], [ -9.609427, 53.28338 ], [ -9.61227, 53.284111 ], [ -9.605857, 53.289671 ], [ -9.603005, 53.285042 ] ] ], [ [ [ -9.638889, 53.290544 ], [ -9.640915, 53.285984 ], [ -9.643589, 53.287567 ], [ -9.638889, 53.290544 ] ] ], [ [ [ -9.613629, 53.293691 ], [ -9.612535, 53.291225 ], [ -9.614421, 53.291007 ], [ -9.613629, 53.293691 ] ] ], [ [ [ -9.630994, 53.292244 ], [ -9.629759, 53.292097 ], [ -9.630834, 53.291753 ], [ -9.630994, 53.292244 ] ] ], [ [ [ -9.614952, 53.296394 ], [ -9.617578, 53.294758 ], [ -9.61694, 53.297297 ], [ -9.614952, 53.296394 ] ] ], [ [ [ -9.637595, 53.305093 ], [ -9.636703, 53.302648 ], [ -9.638898, 53.303785 ], [ -9.637595, 53.305093 ] ] ], [ [ [ -9.640076, 53.303062 ], [ -9.641409, 53.30407 ], [ -9.639357, 53.305066 ], [ -9.640076, 53.303062 ] ] ], [ [ [ -9.630727, 53.319076 ], [ -9.638422, 53.313724 ], [ -9.630908, 53.310753 ], [ -9.625295, 53.312755 ], [ -9.625593, 53.308592 ], [ -9.630355, 53.309497 ], [ -9.635074, 53.304243 ], [ -9.635103, 53.311981 ], [ -9.651133, 53.311405 ], [ -9.648361, 53.317077 ], [ -9.640345, 53.320409 ], [ -9.630727, 53.319076 ] ] ], [ [ [ -9.640866, 53.321735 ], [ -9.63728, 53.322816 ], [ -9.636251, 53.322179 ], [ -9.640866, 53.321735 ] ] ], [ [ [ -9.579544, 53.332537 ], [ -9.584342, 53.328075 ], [ -9.586078, 53.327727 ], [ -9.582181, 53.333866 ], [ -9.579544, 53.332537 ] ] ], [ [ [ -9.585222, 53.336423 ], [ -9.581849, 53.338022 ], [ -9.579487, 53.337197 ], [ -9.585222, 53.336423 ] ] ], [ [ [ -9.587313, 53.338143 ], [ -9.58616, 53.337623 ], [ -9.587884, 53.337947 ], [ -9.587313, 53.338143 ] ] ], [ [ [ -9.590823, 53.338452 ], [ -9.590916, 53.337859 ], [ -9.591277, 53.338056 ], [ -9.590823, 53.338452 ] ] ], [ [ [ -9.58913, 53.338737 ], [ -9.595905, 53.346966 ], [ -9.585351, 53.346615 ], [ -9.58913, 53.338737 ] ] ], [ [ [ -10.122861, 53.500713 ], [ -10.12586, 53.505075 ], [ -10.110857, 53.50175 ], [ -10.124543, 53.510321 ], [ -10.130219, 53.510585 ], [ -10.127128, 53.508114 ], [ -10.131031, 53.507169 ], [ -10.136207, 53.508595 ], [ -10.138188, 53.514618 ], [ -10.104751, 53.512285 ], [ -10.126774, 53.516338 ], [ -10.121664, 53.516231 ], [ -10.1335, 53.518577 ], [ -10.136225, 53.522193 ], [ -10.097479, 53.517365 ], [ -10.091902, 53.514562 ], [ -10.095924, 53.512162 ], [ -10.072575, 53.509262 ], [ -10.08656, 53.50752 ], [ -10.061786, 53.502773 ], [ -10.041478, 53.505696 ], [ -10.044307, 53.507403 ], [ -10.040488, 53.508829 ], [ -10.047351, 53.51141 ], [ -10.052705, 53.508017 ], [ -10.054695, 53.512072 ], [ -10.057938, 53.509696 ], [ -10.075911, 53.515205 ], [ -10.080527, 53.512903 ], [ -10.101832, 53.520274 ], [ -10.135559, 53.522891 ], [ -10.137579, 53.524048 ], [ -10.135191, 53.527059 ], [ -10.145141, 53.531933 ], [ -10.145384, 53.542229 ], [ -10.167727, 53.542853 ], [ -10.178502, 53.539141 ], [ -10.189008, 53.543841 ], [ -10.201131, 53.544529 ], [ -10.188739, 53.549494 ], [ -10.193096, 53.552202 ], [ -10.190234, 53.55604 ], [ -10.174381, 53.560736 ], [ -10.164734, 53.561874 ], [ -10.158029, 53.557173 ], [ -10.160246, 53.553276 ], [ -10.152566, 53.553105 ], [ -10.158065, 53.555714 ], [ -10.154808, 53.558693 ], [ -10.157979, 53.559162 ], [ -10.158196, 53.559714 ], [ -10.150261, 53.562524 ], [ -10.15534, 53.563961 ], [ -10.152309, 53.566751 ], [ -10.135648, 53.557796 ], [ -10.122461, 53.560899 ], [ -10.095049, 53.554319 ], [ -10.092745, 53.557362 ], [ -10.129391, 53.5743 ], [ -10.122152, 53.576672 ], [ -10.118003, 53.573246 ], [ -10.11799, 53.575711 ], [ -10.110382, 53.57716 ], [ -10.099408, 53.577073 ], [ -10.095478, 53.572697 ], [ -10.073953, 53.574619 ], [ -10.06503, 53.56788 ], [ -10.045566, 53.572449 ], [ -10.010891, 53.566658 ], [ -10.010747, 53.561509 ], [ -10.020939, 53.560173 ], [ -10.00972, 53.554209 ], [ -10.011112, 53.551317 ], [ -10.005418, 53.549788 ], [ -10.002312, 53.543994 ], [ -9.997461, 53.544174 ], [ -10.002638, 53.54897 ], [ -9.981543, 53.546531 ], [ -9.991417, 53.550951 ], [ -9.983856, 53.552094 ], [ -9.980694, 53.55639 ], [ -9.975156, 53.554785 ], [ -9.972733, 53.550527 ], [ -9.969019, 53.548935 ], [ -9.954066, 53.552037 ], [ -9.966634, 53.558301 ], [ -9.979453, 53.559769 ], [ -9.985485, 53.557301 ], [ -9.983672, 53.55628 ], [ -9.999197, 53.556187 ], [ -9.995777, 53.559608 ], [ -10.001564, 53.559419 ], [ -10.000485, 53.561625 ], [ -9.992548, 53.561366 ], [ -9.992923, 53.560248 ], [ -9.991711, 53.55874 ], [ -9.990382, 53.55865 ], [ -9.984951, 53.564754 ], [ -9.979191, 53.562897 ], [ -9.9822, 53.561783 ], [ -9.97204, 53.561323 ], [ -9.978493, 53.567025 ], [ -9.967946, 53.566729 ], [ -9.962013, 53.571705 ], [ -9.998148, 53.573208 ], [ -10.020415, 53.577593 ], [ -10.044647, 53.594305 ], [ -10.043493, 53.601073 ], [ -10.050742, 53.603216 ], [ -10.04711, 53.605409 ], [ -10.049216, 53.609424 ], [ -10.034537, 53.610626 ], [ -10.018858, 53.606482 ], [ -10.010543, 53.607878 ], [ -10.006901, 53.611639 ], [ -9.99686, 53.611048 ], [ -9.987995, 53.607096 ], [ -9.975754, 53.607136 ], [ -9.975948, 53.603506 ], [ -9.9687, 53.600657 ], [ -9.930324, 53.597477 ], [ -9.910451, 53.600868 ], [ -9.906098, 53.607471 ], [ -9.891196, 53.606729 ], [ -9.904323, 53.608831 ], [ -9.901604, 53.612243 ], [ -9.90353, 53.613349 ], [ -9.898483, 53.614466 ], [ -9.878826, 53.613435 ], [ -9.875665, 53.61745 ], [ -9.848764, 53.609043 ], [ -9.847801, 53.613266 ], [ -9.867546, 53.617905 ], [ -9.859754, 53.619208 ], [ -9.872269, 53.620443 ], [ -9.879184, 53.624953 ], [ -9.871948, 53.62545 ], [ -9.810171, 53.606336 ], [ -9.785318, 53.593017 ], [ -9.783693, 53.596044 ], [ -9.733362, 53.600231 ], [ -9.694778, 53.595759 ], [ -9.688207, 53.606421 ], [ -9.678362, 53.610087 ], [ -9.6721, 53.606846 ], [ -9.669545, 53.612773 ], [ -9.659947, 53.610265 ], [ -9.647088, 53.600388 ], [ -9.629127, 53.605719 ], [ -9.61062, 53.606564 ], [ -9.580882, 53.599352 ], [ -9.564781, 53.612601 ], [ -9.55554, 53.608043 ], [ -9.55698, 53.599695 ], [ -9.544211, 53.580821 ], [ -9.511995, 53.578296 ], [ -9.505849, 53.571938 ], [ -9.490336, 53.568124 ], [ -9.486394, 53.564347 ], [ -9.481429, 53.566129 ], [ -9.48131, 53.562282 ], [ -9.42339, 53.564065 ], [ -9.408755, 53.568372 ], [ -9.360905, 53.573606 ], [ -9.356656, 53.567883 ], [ -9.345668, 53.563367 ], [ -9.353422, 53.551869 ], [ -9.353171, 53.54685 ], [ -9.338085, 53.539947 ], [ -9.321116, 53.542587 ], [ -9.32026, 53.550156 ], [ -9.314562, 53.5508 ], [ -9.310787, 53.555375 ], [ -9.303474, 53.55533 ], [ -9.306797, 53.545533 ], [ -9.29606, 53.544448 ], [ -9.284516, 53.548016 ], [ -9.283866, 53.54214 ], [ -9.289278, 53.540546 ], [ -9.282701, 53.534083 ], [ -9.285516, 53.531455 ], [ -9.278717, 53.525377 ], [ -9.279146, 53.515357 ], [ -9.235549, 53.49945 ], [ -9.236582, 53.480246 ], [ -9.212495, 53.478497 ], [ -9.209225, 53.472384 ], [ -9.19172, 53.475685 ], [ -9.182015, 53.471927 ], [ -9.174999, 53.473882 ], [ -9.175414, 53.47653 ], [ -9.169377, 53.479751 ], [ -9.155812, 53.48283 ], [ -9.135328, 53.477373 ], [ -9.129526, 53.482405 ], [ -9.124822, 53.481994 ], [ -9.115131, 53.494525 ], [ -9.099359, 53.493815 ], [ -9.092069, 53.516098 ], [ -9.058246, 53.527587 ], [ -9.055086, 53.535257 ], [ -9.035744, 53.537084 ], [ -9.036948, 53.542898 ], [ -9.02531, 53.55154 ], [ -9.028816, 53.552148 ], [ -9.030267, 53.557318 ], [ -9.041418, 53.56168 ], [ -9.038721, 53.564399 ], [ -9.04618, 53.576736 ], [ -9.039218, 53.581616 ], [ -9.029178, 53.579289 ], [ -9.006827, 53.584078 ], [ -9.015403, 53.598207 ], [ -8.999734, 53.602265 ], [ -8.992744, 53.597146 ], [ -8.990024, 53.603167 ], [ -8.980262, 53.604998 ], [ -8.988229, 53.618657 ], [ -8.97383, 53.627801 ], [ -8.975058, 53.638093 ], [ -8.971574, 53.642521 ], [ -8.979061, 53.645194 ], [ -8.9714, 53.655359 ], [ -8.954785, 53.655734 ], [ -8.942917, 53.661883 ], [ -8.912014, 53.64394 ], [ -8.90135, 53.642161 ], [ -8.895485, 53.648718 ], [ -8.899488, 53.652954 ], [ -8.88275, 53.652494 ], [ -8.866437, 53.656722 ], [ -8.842539, 53.652999 ], [ -8.819147, 53.665926 ], [ -8.814931, 53.66201 ], [ -8.794291, 53.65704 ], [ -8.773529, 53.666435 ], [ -8.769028, 53.664084 ], [ -8.755843, 53.665882 ], [ -8.745104, 53.661982 ], [ -8.733848, 53.665825 ], [ -8.729078, 53.671215 ], [ -8.724663, 53.669665 ], [ -8.723445, 53.665056 ], [ -8.659029, 53.675795 ], [ -8.650804, 53.683045 ], [ -8.640988, 53.685792 ], [ -8.645257, 53.693982 ], [ -8.635453, 53.698718 ], [ -8.63475, 53.704193 ], [ -8.608835, 53.705965 ], [ -8.604315, 53.710496 ], [ -8.581072, 53.708644 ], [ -8.582829, 53.713753 ], [ -8.573706, 53.718912 ], [ -8.559403, 53.715892 ], [ -8.550655, 53.718709 ], [ -8.533871, 53.716307 ], [ -8.534534, 53.718888 ], [ -8.51977, 53.712272 ], [ -8.467833, 53.715295 ], [ -8.452608, 53.705822 ], [ -8.441887, 53.703313 ], [ -8.448881, 53.697871 ], [ -8.459421, 53.700263 ], [ -8.457966, 53.69679 ], [ -8.444002, 53.691479 ], [ -8.446429, 53.686267 ], [ -8.433932, 53.681966 ], [ -8.437376, 53.677004 ], [ -8.428137, 53.670227 ], [ -8.398338, 53.665059 ], [ -8.377937, 53.653289 ], [ -8.371742, 53.654912 ], [ -8.363257, 53.651536 ], [ -8.361652, 53.645702 ], [ -8.364446, 53.641126 ], [ -8.377215, 53.643685 ], [ -8.383222, 53.639841 ], [ -8.393464, 53.640193 ], [ -8.396333, 53.631395 ], [ -8.410906, 53.624945 ], [ -8.389893, 53.626665 ], [ -8.393408, 53.62367 ], [ -8.379069, 53.61695 ], [ -8.383556, 53.607473 ], [ -8.382604, 53.60309 ], [ -8.378116, 53.598717 ], [ -8.367501, 53.601066 ], [ -8.354013, 53.598786 ], [ -8.349717, 53.591661 ], [ -8.337467, 53.588087 ], [ -8.342284, 53.583021 ], [ -8.342115, 53.578642 ], [ -8.30654, 53.578174 ], [ -8.301062, 53.572453 ], [ -8.283333, 53.565147 ], [ -8.288285, 53.561881 ], [ -8.297703, 53.566003 ], [ -8.308085, 53.560118 ], [ -8.295314, 53.553901 ], [ -8.298487, 53.548515 ], [ -8.291266, 53.545091 ], [ -8.296748, 53.542424 ], [ -8.284931, 53.537462 ], [ -8.293908, 53.530363 ], [ -8.276942, 53.523947 ], [ -8.277382, 53.519889 ], [ -8.291267, 53.51795 ], [ -8.292993, 53.509622 ], [ -8.275198, 53.495935 ], [ -8.281636, 53.488449 ], [ -8.270519, 53.479573 ], [ -8.287452, 53.471713 ], [ -8.266686, 53.463657 ], [ -8.262708, 53.461178 ], [ -8.262679, 53.45583 ], [ -8.238328, 53.445559 ], [ -8.23886, 53.440902 ], [ -8.244239, 53.436638 ], [ -8.248907, 53.438183 ], [ -8.263113, 53.432718 ], [ -8.256738, 53.420507 ], [ -8.257221, 53.413588 ], [ -8.239575, 53.412316 ], [ -8.238242, 53.406253 ], [ -8.224615, 53.395995 ], [ -8.234493, 53.3816 ], [ -8.246241, 53.37457 ], [ -8.243795, 53.367449 ], [ -8.237674, 53.364944 ], [ -8.237581, 53.358213 ], [ -8.227563, 53.356147 ], [ -8.232503, 53.349652 ], [ -8.213566, 53.344106 ], [ -8.199946, 53.347778 ], [ -8.19351, 53.335541 ], [ -8.187613, 53.336187 ], [ -8.190578, 53.328873 ], [ -8.186851, 53.322284 ], [ -8.192223, 53.31899 ], [ -8.190329, 53.313309 ], [ -8.195321, 53.30769 ], [ -8.187283, 53.304318 ], [ -8.187945, 53.301299 ], [ -8.183278, 53.299948 ], [ -8.180153, 53.291358 ], [ -8.174067, 53.287543 ], [ -8.153542, 53.287346 ], [ -8.149009, 53.283846 ], [ -8.149723, 53.280555 ], [ -8.142358, 53.279019 ], [ -8.13369, 53.281933 ], [ -8.075677, 53.272375 ], [ -8.056565, 53.271577 ], [ -8.055683, 53.274079 ], [ -8.042807, 53.271524 ], [ -8.034945, 53.263945 ], [ -8.029342, 53.263145 ], [ -8.027284, 53.253164 ], [ -8.003315, 53.249143 ], [ -7.999478, 53.244703 ], [ -7.981375, 53.239177 ], [ -7.967334, 53.226464 ], [ -7.971062, 53.213451 ], [ -7.991945, 53.193836 ], [ -8.023307, 53.195805 ], [ -8.05025, 53.193491 ], [ -8.081996, 53.17202 ], [ -8.084343, 53.16301 ], [ -8.118093, 53.16071 ], [ -8.130921, 53.156461 ], [ -8.148088, 53.145116 ], [ -8.146491, 53.14251 ], [ -8.150162, 53.139797 ], [ -8.161175, 53.134573 ], [ -8.165367, 53.125907 ], [ -8.172024, 53.121592 ], [ -8.168679, 53.114489 ], [ -8.197025, 53.090081 ], [ -8.198723, 53.083986 ], [ -8.213552, 53.078401 ], [ -8.218741, 53.067614 ], [ -8.249338, 53.063275 ], [ -8.267759, 53.056364 ], [ -8.268703, 53.036633 ], [ -8.278474, 53.018682 ], [ -8.301826, 53.007454 ], [ -8.316738, 52.985144 ], [ -8.33886, 52.987549 ], [ -8.345507, 52.985048 ], [ -8.351561, 52.975687 ], [ -8.35881, 52.971272 ], [ -8.366485, 52.972042 ], [ -8.366481, 52.975959 ], [ -8.371445, 52.979957 ], [ -8.403265, 52.986755 ], [ -8.408653, 52.994815 ], [ -8.418537, 52.993332 ], [ -8.424065, 52.983388 ], [ -8.450077, 52.972266 ], [ -8.461154, 52.982165 ], [ -8.485239, 52.988813 ], [ -8.502505, 52.98314 ], [ -8.510057, 52.998623 ], [ -8.508535, 53.006275 ], [ -8.516897, 53.012141 ], [ -8.523948, 53.011665 ], [ -8.528197, 53.023717 ], [ -8.551395, 53.022342 ], [ -8.556163, 53.026202 ], [ -8.560234, 53.036385 ], [ -8.554491, 53.042196 ], [ -8.60669, 53.038534 ], [ -8.626742, 53.034093 ], [ -8.628348, 53.038579 ], [ -8.634534, 53.041768 ], [ -8.675456, 53.037581 ], [ -8.696767, 53.025414 ], [ -8.719689, 53.025422 ], [ -8.738683, 53.010967 ], [ -8.73696, 53.005954 ], [ -8.741288, 53.002514 ], [ -8.77878, 52.987698 ], [ -8.779379, 52.975271 ], [ -8.786257, 52.971901 ], [ -8.794474, 52.976577 ], [ -8.799381, 52.974629 ], [ -8.802373, 52.979217 ], [ -8.811095, 52.974969 ], [ -8.826135, 52.978717 ], [ -8.827216, 52.981821 ], [ -8.83227, 52.981326 ], [ -8.833021, 52.988765 ], [ -8.836776, 52.990499 ], [ -8.840588, 52.98664 ], [ -8.84999, 52.986215 ], [ -8.849887, 52.983508 ], [ -8.846334, 52.983325 ], [ -8.846465, 52.977617 ], [ -8.858438, 52.968151 ], [ -8.860294, 52.978948 ], [ -8.885003, 52.977853 ], [ -8.884862, 52.985404 ], [ -8.89081, 52.990918 ], [ -8.886605, 52.996053 ], [ -8.896278, 53.000747 ], [ -8.898166, 53.011646 ], [ -8.893587, 53.010519 ], [ -8.883451, 53.016397 ], [ -8.887862, 53.028019 ], [ -8.9004, 53.034631 ], [ -8.898996, 53.040653 ], [ -8.901807, 53.046315 ], [ -8.890627, 53.055348 ], [ -8.891612, 53.060678 ], [ -8.905293, 53.066172 ], [ -8.920143, 53.066212 ], [ -8.932947, 53.077862 ], [ -8.952445, 53.086822 ], [ -8.970302, 53.086452 ], [ -8.974527, 53.092216 ], [ -8.993319, 53.09471 ], [ -8.998512, 53.099875 ], [ -9.011064, 53.10284 ], [ -9.019325, 53.110599 ], [ -9.020214, 53.116651 ], [ -9.025922, 53.123203 ], [ -9.027955, 53.130173 ], [ -9.024739, 53.134813 ], [ -9.025867, 53.140216 ], [ -9.009387, 53.14015 ], [ -9.005898, 53.141946 ], [ -9.010247, 53.14411 ], [ -9.005221, 53.150297 ], [ -8.996122, 53.147057 ], [ -9.000513, 53.144627 ], [ -8.99214, 53.14627 ], [ -8.989158, 53.143764 ], [ -8.990686, 53.147282 ], [ -8.993711, 53.14759 ], [ -8.990969, 53.150641 ], [ -8.995609, 53.151743 ], [ -8.99465, 53.154823 ], [ -9.000919, 53.154878 ], [ -8.999301, 53.156914 ], [ -9.007308, 53.151563 ], [ -9.01032, 53.154952 ], [ -9.007052, 53.154884 ], [ -9.007094, 53.157853 ], [ -9.01612, 53.154768 ], [ -9.021694, 53.1581 ], [ -9.042871, 53.160084 ], [ -9.046712, 53.165919 ], [ -9.05427, 53.164758 ], [ -9.021146, 53.17095 ], [ -8.988167, 53.169859 ], [ -8.984201, 53.173915 ], [ -8.968729, 53.176699 ], [ -8.967552, 53.171505 ], [ -8.969867, 53.171354 ], [ -8.966812, 53.167469 ], [ -8.984379, 53.165114 ], [ -8.986376, 53.160921 ], [ -8.959253, 53.156852 ], [ -8.958446, 53.15397 ], [ -8.946632, 53.149991 ], [ -8.950219, 53.149143 ], [ -8.943446, 53.146587 ], [ -8.939367, 53.140759 ], [ -8.92819, 53.140556 ], [ -8.921274, 53.144564 ], [ -8.934932, 53.14531 ], [ -8.935713, 53.153355 ], [ -8.938842, 53.153487 ], [ -8.942867, 53.162526 ], [ -8.938869, 53.163973 ], [ -8.949691, 53.169184 ], [ -8.949203, 53.171517 ], [ -8.954089, 53.171648 ], [ -8.946701, 53.175955 ], [ -8.954655, 53.177383 ], [ -8.946037, 53.183229 ], [ -8.950201, 53.184801 ], [ -8.94911, 53.186996 ], [ -8.948412, 53.184223 ], [ -8.940509, 53.184621 ], [ -8.945854, 53.186549 ], [ -8.946347, 53.189393 ], [ -8.942415, 53.191232 ], [ -8.946259, 53.192062 ], [ -8.939116, 53.192083 ], [ -8.931133, 53.197378 ], [ -8.955912, 53.191414 ], [ -8.931205, 53.199252 ], [ -8.927897, 53.201978 ], [ -8.931554, 53.204323 ], [ -8.922764, 53.208919 ], [ -8.906787, 53.210749 ], [ -8.890451, 53.207845 ], [ -8.879805, 53.209316 ], [ -8.87344, 53.213473 ], [ -8.887641, 53.209822 ], [ -8.913127, 53.212452 ], [ -8.899072, 53.218583 ], [ -8.902248, 53.219044 ], [ -8.901649, 53.221751 ], [ -8.888431, 53.223557 ], [ -8.882986, 53.227668 ], [ -8.885113, 53.22828 ], [ -8.889317, 53.225154 ], [ -8.910538, 53.221869 ], [ -8.929701, 53.211656 ], [ -8.933325, 53.21222 ], [ -8.929542, 53.214427 ], [ -8.961502, 53.20819 ], [ -8.976677, 53.212711 ], [ -8.976235, 53.218045 ], [ -8.992129, 53.218712 ], [ -8.977976, 53.225482 ], [ -8.996357, 53.221829 ], [ -8.997782, 53.22542 ], [ -9.003179, 53.225461 ], [ -8.985754, 53.228763 ], [ -8.984211, 53.232683 ], [ -8.976015, 53.23495 ], [ -8.949287, 53.235247 ], [ -8.944854, 53.238355 ], [ -8.961614, 53.238732 ], [ -8.960948, 53.240655 ], [ -8.972254, 53.23599 ], [ -8.984008, 53.237149 ], [ -9.007158, 53.232435 ], [ -8.978915, 53.240209 ], [ -8.971133, 53.238331 ], [ -8.963693, 53.24056 ], [ -8.962791, 53.245737 ], [ -8.970712, 53.243608 ], [ -8.992265, 53.245578 ], [ -8.984247, 53.24851 ], [ -8.977095, 53.256294 ], [ -8.942789, 53.257492 ], [ -8.942889, 53.261016 ], [ -8.937274, 53.259005 ], [ -8.94197, 53.26245 ], [ -8.948125, 53.262321 ], [ -8.933918, 53.268487 ], [ -8.934879, 53.272488 ], [ -8.946944, 53.273427 ], [ -8.952556, 53.270186 ], [ -8.958521, 53.279631 ], [ -8.963715, 53.279765 ], [ -8.962994, 53.290106 ], [ -8.956843, 53.29066 ], [ -8.954858, 53.294367 ], [ -8.960932, 53.300529 ], [ -8.983706, 53.292314 ], [ -8.987608, 53.300084 ], [ -9.003153, 53.303629 ], [ -9.007688, 53.300173 ], [ -9.006675, 53.303601 ], [ -9.026983, 53.306567 ], [ -9.012945, 53.314773 ], [ -9.03269, 53.314565 ], [ -9.049077, 53.310163 ], [ -9.051643, 53.314235 ], [ -9.063637, 53.319263 ], [ -9.077108, 53.30811 ], [ -9.07676, 53.302707 ], [ -9.088298, 53.303716 ], [ -9.09482, 53.296964 ], [ -9.099316, 53.298881 ], [ -9.112189, 53.286246 ], [ -9.112468, 53.282308 ], [ -9.130768, 53.283909 ], [ -9.142668, 53.277725 ], [ -9.13536, 53.267741 ], [ -9.134751, 53.258618 ], [ -9.128022, 53.251193 ], [ -9.134252, 53.249443 ], [ -9.146227, 53.250367 ], [ -9.162898, 53.245736 ], [ -9.219168, 53.245323 ], [ -9.223975, 53.250321 ], [ -9.247661, 53.244542 ], [ -9.293623, 53.242062 ], [ -9.29947, 53.244017 ], [ -9.308663, 53.243112 ], [ -9.311352, 53.240414 ], [ -9.309126, 53.240214 ], [ -9.313456, 53.239392 ], [ -9.331454, 53.23867 ], [ -9.33571, 53.241254 ], [ -9.339515, 53.238443 ], [ -9.342913, 53.241287 ], [ -9.344841, 53.239102 ], [ -9.36054, 53.242467 ], [ -9.394929, 53.23415 ], [ -9.455277, 53.233732 ], [ -9.465994, 53.226179 ], [ -9.486276, 53.228982 ], [ -9.492479, 53.224954 ], [ -9.50012, 53.227476 ], [ -9.501057, 53.224087 ], [ -9.509751, 53.221929 ], [ -9.527404, 53.222288 ], [ -9.531567, 53.229526 ], [ -9.554941, 53.238726 ], [ -9.551341, 53.24433 ], [ -9.542495, 53.242602 ], [ -9.54473, 53.246513 ], [ -9.550553, 53.245903 ], [ -9.547762, 53.261966 ], [ -9.551406, 53.261428 ], [ -9.554357, 53.251063 ], [ -9.558836, 53.250545 ], [ -9.567402, 53.264556 ], [ -9.554742, 53.268435 ], [ -9.553471, 53.274952 ], [ -9.538854, 53.278927 ], [ -9.543102, 53.284785 ], [ -9.557799, 53.289223 ], [ -9.563999, 53.286161 ], [ -9.550128, 53.283114 ], [ -9.550015, 53.280665 ], [ -9.562433, 53.282577 ], [ -9.583768, 53.271851 ], [ -9.573619, 53.260782 ], [ -9.578562, 53.2545 ], [ -9.577296, 53.246798 ], [ -9.585436, 53.241229 ], [ -9.585481, 53.237104 ], [ -9.591024, 53.236651 ], [ -9.590383, 53.234414 ], [ -9.594523, 53.238268 ], [ -9.592813, 53.241077 ], [ -9.601988, 53.240144 ], [ -9.614139, 53.231529 ], [ -9.626598, 53.238834 ], [ -9.625341, 53.243705 ], [ -9.631392, 53.250455 ], [ -9.620283, 53.267003 ], [ -9.605443, 53.272244 ], [ -9.607398, 53.276506 ], [ -9.603658, 53.275558 ], [ -9.597976, 53.279793 ], [ -9.598346, 53.286089 ], [ -9.600723, 53.284674 ], [ -9.604867, 53.289026 ], [ -9.595313, 53.290405 ], [ -9.59975, 53.291224 ], [ -9.60016, 53.295219 ], [ -9.610288, 53.293859 ], [ -9.607335, 53.299242 ], [ -9.614541, 53.307375 ], [ -9.609614, 53.312006 ], [ -9.623245, 53.312498 ], [ -9.620075, 53.313776 ], [ -9.625197, 53.318512 ], [ -9.620084, 53.323794 ], [ -9.622557, 53.325588 ], [ -9.607879, 53.32812 ], [ -9.600753, 53.326073 ], [ -9.589395, 53.329574 ], [ -9.585163, 53.326057 ], [ -9.586595, 53.3225 ], [ -9.579401, 53.321535 ], [ -9.575334, 53.317513 ], [ -9.575539, 53.32585 ], [ -9.582719, 53.328996 ], [ -9.567477, 53.333839 ], [ -9.568702, 53.338048 ], [ -9.576056, 53.341715 ], [ -9.569549, 53.346449 ], [ -9.570431, 53.344063 ], [ -9.563613, 53.340232 ], [ -9.562211, 53.335577 ], [ -9.563391, 53.329636 ], [ -9.567387, 53.32837 ], [ -9.564675, 53.326857 ], [ -9.566942, 53.323716 ], [ -9.559894, 53.322418 ], [ -9.555917, 53.310621 ], [ -9.553101, 53.313052 ], [ -9.554412, 53.317491 ], [ -9.549125, 53.32179 ], [ -9.555893, 53.318797 ], [ -9.564574, 53.328462 ], [ -9.56165, 53.328812 ], [ -9.560006, 53.33685 ], [ -9.547124, 53.344014 ], [ -9.55967, 53.343906 ], [ -9.562126, 53.347985 ], [ -9.571769, 53.351382 ], [ -9.578089, 53.345979 ], [ -9.579672, 53.357462 ], [ -9.576713, 53.359776 ], [ -9.579249, 53.360357 ], [ -9.583205, 53.352324 ], [ -9.59671, 53.359025 ], [ -9.599184, 53.363538 ], [ -9.593717, 53.367793 ], [ -9.59568, 53.372222 ], [ -9.580352, 53.373801 ], [ -9.574134, 53.378353 ], [ -9.558088, 53.376505 ], [ -9.55496, 53.380145 ], [ -9.549874, 53.375002 ], [ -9.545555, 53.375723 ], [ -9.550438, 53.381133 ], [ -9.564993, 53.383568 ], [ -9.566287, 53.386433 ], [ -9.5654, 53.383186 ], [ -9.569721, 53.379728 ], [ -9.577398, 53.383311 ], [ -9.571533, 53.388614 ], [ -9.575059, 53.386895 ], [ -9.575698, 53.391096 ], [ -9.569908, 53.393567 ], [ -9.559667, 53.390009 ], [ -9.550377, 53.391453 ], [ -9.552044, 53.395105 ], [ -9.565103, 53.395809 ], [ -9.565623, 53.396423 ], [ -9.563314, 53.397747 ], [ -9.562253, 53.400765 ], [ -9.562643, 53.398613 ], [ -9.553519, 53.396331 ], [ -9.551078, 53.399363 ], [ -9.5453, 53.399316 ], [ -9.547652, 53.400408 ], [ -9.543957, 53.402785 ], [ -9.543909, 53.403364 ], [ -9.562413, 53.401047 ], [ -9.567652, 53.395549 ], [ -9.578186, 53.395182 ], [ -9.573924, 53.392925 ], [ -9.580028, 53.389537 ], [ -9.577123, 53.387691 ], [ -9.588689, 53.386884 ], [ -9.577274, 53.385934 ], [ -9.578439, 53.382729 ], [ -9.576952, 53.378372 ], [ -9.594176, 53.381642 ], [ -9.598038, 53.379907 ], [ -9.596613, 53.377748 ], [ -9.602368, 53.377076 ], [ -9.606695, 53.38308 ], [ -9.614237, 53.379528 ], [ -9.60767, 53.369913 ], [ -9.598516, 53.367227 ], [ -9.602912, 53.36356 ], [ -9.603131, 53.35141 ], [ -9.606821, 53.348339 ], [ -9.611756, 53.350381 ], [ -9.615231, 53.346711 ], [ -9.600682, 53.346076 ], [ -9.594303, 53.340228 ], [ -9.59686, 53.33551 ], [ -9.602149, 53.336668 ], [ -9.611837, 53.332668 ], [ -9.618417, 53.335561 ], [ -9.623523, 53.330662 ], [ -9.62927, 53.330036 ], [ -9.631092, 53.332929 ], [ -9.643692, 53.331307 ], [ -9.648287, 53.335826 ], [ -9.666423, 53.339613 ], [ -9.650375, 53.344023 ], [ -9.642469, 53.340144 ], [ -9.623068, 53.347545 ], [ -9.644204, 53.347938 ], [ -9.643441, 53.352599 ], [ -9.646247, 53.354235 ], [ -9.626743, 53.361278 ], [ -9.634788, 53.365221 ], [ -9.634031, 53.371551 ], [ -9.637246, 53.373944 ], [ -9.628628, 53.376078 ], [ -9.629537, 53.373857 ], [ -9.625731, 53.374643 ], [ -9.625241, 53.372286 ], [ -9.621919, 53.37458 ], [ -9.631105, 53.380593 ], [ -9.646954, 53.371169 ], [ -9.633049, 53.388312 ], [ -9.637417, 53.385354 ], [ -9.638878, 53.39097 ], [ -9.641892, 53.386731 ], [ -9.655594, 53.385748 ], [ -9.657069, 53.386276 ], [ -9.655105, 53.388284 ], [ -9.655986, 53.390749 ], [ -9.659019, 53.385662 ], [ -9.655466, 53.383685 ], [ -9.656167, 53.380414 ], [ -9.664703, 53.377712 ], [ -9.662431, 53.372205 ], [ -9.667487, 53.368942 ], [ -9.677993, 53.366528 ], [ -9.682814, 53.369582 ], [ -9.679998, 53.366063 ], [ -9.695569, 53.361441 ], [ -9.694705, 53.357876 ], [ -9.713408, 53.359575 ], [ -9.710588, 53.356402 ], [ -9.696871, 53.355754 ], [ -9.707571, 53.345018 ], [ -9.70697, 53.34085 ], [ -9.710162, 53.343517 ], [ -9.713337, 53.341665 ], [ -9.715006, 53.337194 ], [ -9.709293, 53.333727 ], [ -9.720118, 53.332675 ], [ -9.721278, 53.327533 ], [ -9.733953, 53.325029 ], [ -9.730536, 53.319171 ], [ -9.732597, 53.309493 ], [ -9.739823, 53.305985 ], [ -9.749445, 53.308098 ], [ -9.767046, 53.304495 ], [ -9.770025, 53.301108 ], [ -9.7743, 53.302562 ], [ -9.771089, 53.294523 ], [ -9.774452, 53.292135 ], [ -9.782426, 53.295919 ], [ -9.779565, 53.302768 ], [ -9.787018, 53.299478 ], [ -9.792396, 53.306863 ], [ -9.79265, 53.30385 ], [ -9.81353, 53.308346 ], [ -9.815084, 53.312356 ], [ -9.811798, 53.314894 ], [ -9.815886, 53.31467 ], [ -9.811826, 53.318628 ], [ -9.815851, 53.322889 ], [ -9.819147, 53.319857 ], [ -9.823193, 53.321838 ], [ -9.822615, 53.317955 ], [ -9.817493, 53.315866 ], [ -9.820568, 53.313274 ], [ -9.817664, 53.313031 ], [ -9.822473, 53.311925 ], [ -9.816756, 53.311647 ], [ -9.824282, 53.308685 ], [ -9.827996, 53.315233 ], [ -9.829503, 53.310478 ], [ -9.836113, 53.313154 ], [ -9.833257, 53.317265 ], [ -9.839563, 53.319485 ], [ -9.838407, 53.323976 ], [ -9.855647, 53.319593 ], [ -9.854679, 53.325087 ], [ -9.865114, 53.331832 ], [ -9.868745, 53.331182 ], [ -9.862602, 53.32347 ], [ -9.863301, 53.319688 ], [ -9.865083, 53.314361 ], [ -9.870815, 53.312155 ], [ -9.874705, 53.312681 ], [ -9.874755, 53.316818 ], [ -9.880063, 53.31155 ], [ -9.883881, 53.315659 ], [ -9.886811, 53.314584 ], [ -9.888235, 53.317645 ], [ -9.884921, 53.322453 ], [ -9.8957, 53.318129 ], [ -9.906939, 53.325079 ], [ -9.896461, 53.328834 ], [ -9.900019, 53.336709 ], [ -9.893328, 53.342005 ], [ -9.882917, 53.340067 ], [ -9.880627, 53.344902 ], [ -9.884939, 53.34597 ], [ -9.885648, 53.349287 ], [ -9.875058, 53.352145 ], [ -9.877638, 53.354708 ], [ -9.875516, 53.356211 ], [ -9.879714, 53.355235 ], [ -9.877433, 53.358144 ], [ -9.878346, 53.358288 ], [ -9.886455, 53.351931 ], [ -9.894153, 53.352841 ], [ -9.895247, 53.354902 ], [ -9.884826, 53.359525 ], [ -9.891864, 53.360254 ], [ -9.892528, 53.365386 ], [ -9.889125, 53.36855 ], [ -9.867035, 53.367893 ], [ -9.855733, 53.374016 ], [ -9.84029, 53.374392 ], [ -9.834422, 53.380283 ], [ -9.823883, 53.378332 ], [ -9.820523, 53.372138 ], [ -9.81438, 53.380962 ], [ -9.816683, 53.380618 ], [ -9.807187, 53.386219 ], [ -9.781084, 53.389758 ], [ -9.793659, 53.388971 ], [ -9.787386, 53.391778 ], [ -9.794851, 53.395812 ], [ -9.801723, 53.393358 ], [ -9.795688, 53.403382 ], [ -9.784057, 53.405324 ], [ -9.784652, 53.406976 ], [ -9.789775, 53.408551 ], [ -9.800741, 53.406748 ], [ -9.815755, 53.401125 ], [ -9.822539, 53.406201 ], [ -9.821025, 53.411175 ], [ -9.797059, 53.4152 ], [ -9.810225, 53.419041 ], [ -9.812402, 53.416396 ], [ -9.824847, 53.417924 ], [ -9.834492, 53.411632 ], [ -9.837302, 53.405767 ], [ -9.844002, 53.403969 ], [ -9.842522, 53.405905 ], [ -9.844355, 53.406746 ], [ -9.845571, 53.406147 ], [ -9.849813, 53.40145 ], [ -9.845632, 53.401843 ], [ -9.84583, 53.395122 ], [ -9.855015, 53.394441 ], [ -9.850397, 53.401548 ], [ -9.853394, 53.404069 ], [ -9.862709, 53.401506 ], [ -9.862738, 53.396963 ], [ -9.858794, 53.394018 ], [ -9.865248, 53.387932 ], [ -9.882079, 53.393328 ], [ -9.879478, 53.404141 ], [ -9.887648, 53.407806 ], [ -9.885645, 53.412516 ], [ -9.870948, 53.418181 ], [ -9.862747, 53.417699 ], [ -9.861046, 53.414704 ], [ -9.858842, 53.415987 ], [ -9.863782, 53.418572 ], [ -9.862329, 53.420727 ], [ -9.857931, 53.418479 ], [ -9.848024, 53.420483 ], [ -9.856866, 53.423202 ], [ -9.849575, 53.427473 ], [ -9.849715, 53.425378 ], [ -9.841841, 53.425207 ], [ -9.840473, 53.421503 ], [ -9.831566, 53.42109 ], [ -9.833464, 53.423339 ], [ -9.826217, 53.424649 ], [ -9.835613, 53.426366 ], [ -9.838181, 53.430452 ], [ -9.843028, 53.427946 ], [ -9.852085, 53.43407 ], [ -9.862039, 53.433101 ], [ -9.870362, 53.436492 ], [ -9.860983, 53.429154 ], [ -9.858399, 53.43003 ], [ -9.862591, 53.431682 ], [ -9.860192, 53.432567 ], [ -9.854977, 53.429882 ], [ -9.863079, 53.422744 ], [ -9.87625, 53.420638 ], [ -9.885476, 53.414973 ], [ -9.897473, 53.421035 ], [ -9.887437, 53.426274 ], [ -9.903106, 53.423192 ], [ -9.900141, 53.421262 ], [ -9.90877, 53.41916 ], [ -9.911928, 53.416419 ], [ -9.909721, 53.415 ], [ -9.914324, 53.415878 ], [ -9.916208, 53.408584 ], [ -9.919955, 53.406106 ], [ -9.918867, 53.396418 ], [ -9.915444, 53.392599 ], [ -9.917392, 53.387297 ], [ -9.9299, 53.38397 ], [ -9.936787, 53.378654 ], [ -9.955795, 53.38031 ], [ -9.961402, 53.372792 ], [ -9.951208, 53.370596 ], [ -9.957361, 53.367581 ], [ -9.967229, 53.373606 ], [ -9.972661, 53.371339 ], [ -9.977146, 53.374228 ], [ -9.97249, 53.37792 ], [ -9.964233, 53.377399 ], [ -9.962883, 53.380164 ], [ -9.967845, 53.383174 ], [ -9.989462, 53.379461 ], [ -10.002456, 53.383734 ], [ -10.011049, 53.380453 ], [ -10.018956, 53.386591 ], [ -10.030023, 53.385214 ], [ -10.032068, 53.390373 ], [ -10.036716, 53.390875 ], [ -10.032702, 53.395007 ], [ -10.037428, 53.397805 ], [ -10.033204, 53.404589 ], [ -10.038287, 53.40904 ], [ -10.035998, 53.409308 ], [ -10.056217, 53.416288 ], [ -10.053575, 53.413951 ], [ -10.061872, 53.414733 ], [ -10.068024, 53.422559 ], [ -10.068757, 53.420042 ], [ -10.074809, 53.422866 ], [ -10.079298, 53.417293 ], [ -10.077981, 53.413081 ], [ -10.084745, 53.408144 ], [ -10.088526, 53.408675 ], [ -10.084397, 53.410756 ], [ -10.085599, 53.415166 ], [ -10.098511, 53.414964 ], [ -10.097151, 53.411101 ], [ -10.105235, 53.409513 ], [ -10.111853, 53.414263 ], [ -10.120683, 53.40752 ], [ -10.115712, 53.405775 ], [ -10.11785, 53.401377 ], [ -10.126478, 53.403771 ], [ -10.127538, 53.407472 ], [ -10.137527, 53.410056 ], [ -10.14057, 53.416227 ], [ -10.151735, 53.420542 ], [ -10.157063, 53.415926 ], [ -10.177369, 53.411398 ], [ -10.179528, 53.406938 ], [ -10.182971, 53.408902 ], [ -10.181469, 53.413053 ], [ -10.185445, 53.412464 ], [ -10.162863, 53.428782 ], [ -10.165406, 53.432028 ], [ -10.154616, 53.43423 ], [ -10.152001, 53.437696 ], [ -10.155642, 53.439387 ], [ -10.151286, 53.440099 ], [ -10.153527, 53.442408 ], [ -10.146109, 53.443552 ], [ -10.145774, 53.438894 ], [ -10.139585, 53.442469 ], [ -10.140295, 53.446734 ], [ -10.134662, 53.447431 ], [ -10.136379, 53.450024 ], [ -10.133001, 53.451295 ], [ -10.134987, 53.455853 ], [ -10.127955, 53.457764 ], [ -10.120837, 53.451455 ], [ -10.097829, 53.450114 ], [ -10.09382, 53.442244 ], [ -10.089102, 53.442853 ], [ -10.091301, 53.439231 ], [ -10.087365, 53.436338 ], [ -10.086027, 53.438015 ], [ -10.080371, 53.438219 ], [ -10.080131, 53.439267 ], [ -10.083739, 53.438626 ], [ -10.084769, 53.446029 ], [ -10.08745, 53.444635 ], [ -10.090224, 53.446823 ], [ -10.08395, 53.446917 ], [ -10.075133, 53.438441 ], [ -10.071582, 53.439236 ], [ -10.072334, 53.441662 ], [ -10.06266, 53.442924 ], [ -10.062049, 53.451539 ], [ -10.058549, 53.451589 ], [ -10.056595, 53.458506 ], [ -10.051048, 53.456394 ], [ -10.033991, 53.460259 ], [ -10.048752, 53.464444 ], [ -10.064366, 53.463033 ], [ -10.07555, 53.46817 ], [ -10.079426, 53.465445 ], [ -10.091022, 53.467296 ], [ -10.089456, 53.470302 ], [ -10.079729, 53.472784 ], [ -10.099914, 53.481396 ], [ -10.08817, 53.484189 ], [ -10.089382, 53.486598 ], [ -10.083392, 53.488948 ], [ -10.056843, 53.481333 ], [ -10.063241, 53.480034 ], [ -10.053529, 53.478456 ], [ -10.050973, 53.474792 ], [ -10.016998, 53.465676 ], [ -10.021055, 53.475431 ], [ -10.034109, 53.473146 ], [ -10.045882, 53.479507 ], [ -10.042534, 53.482569 ], [ -10.028467, 53.482853 ], [ -10.023138, 53.487642 ], [ -10.031989, 53.484387 ], [ -10.050216, 53.48586 ], [ -10.048962, 53.484175 ], [ -10.061787, 53.491059 ], [ -10.087436, 53.496336 ], [ -10.107592, 53.496013 ], [ -10.113428, 53.500988 ], [ -10.122861, 53.500713 ] ], [ [ -9.008224, 53.145177 ], [ -9.00713, 53.145053 ], [ -9.006382, 53.14611 ], [ -9.008224, 53.145177 ] ], [ [ -8.996403, 53.14391 ], [ -8.996409, 53.143774 ], [ -8.996748, 53.143655 ], [ -8.996403, 53.14391 ] ], [ [ -9.555917, 53.310621 ], [ -9.559212, 53.305922 ], [ -9.55644, 53.303833 ], [ -9.555917, 53.310621 ] ], [ [ -10.110051, 53.499208 ], [ -10.111247, 53.499372 ], [ -10.111272, 53.499303 ], [ -10.110051, 53.499208 ] ] ], [ [ [ -9.599109, 53.355337 ], [ -9.590298, 53.35074 ], [ -9.593449, 53.348317 ], [ -9.600923, 53.352758 ], [ -9.599109, 53.355337 ] ] ] ] } },
{ "type": "Feature", "properties": { "local_authority": "Kerry" }, "geometry": { "type": "MultiPolygon", "coordinates": [ [ [ [ -10.540702, 51.768582 ], [ -10.544638, 51.769443 ], [ -10.543423, 51.772026 ], [ -10.536318, 51.774493 ], [ -10.540702, 51.768582 ] ] ], [ [ [ -10.503368, 51.782604 ], [ -10.509305, 51.780314 ], [ -10.511142, 51.782904 ], [ -10.506867, 51.782221 ], [ -10.503368, 51.782604 ] ] ], [ [ [ -10.40364, 51.843419 ], [ -10.401109, 51.836928 ], [ -10.404997, 51.834969 ], [ -10.406328, 51.83717 ], [ -10.415103, 51.830982 ], [ -10.408333, 51.836624 ], [ -10.41159, 51.836955 ], [ -10.410829, 51.839617 ], [ -10.406603, 51.839063 ], [ -10.40364, 51.843419 ] ] ], [ [ [ -10.390069, 51.870999 ], [ -10.388614, 51.87103 ], [ -10.391547, 51.869997 ], [ -10.390069, 51.870999 ] ] ], [ [ [ -10.400008, 51.878842 ], [ -10.400395, 51.87817 ], [ -10.401874, 51.877836 ], [ -10.400008, 51.878842 ] ] ], [ [ [ -10.408257, 51.877941 ], [ -10.400644, 51.880886 ], [ -10.399855, 51.880704 ], [ -10.408257, 51.877941 ] ] ], [ [ [ -10.399227, 51.880381 ], [ -10.399262, 51.879555 ], [ -10.402137, 51.879001 ], [ -10.399227, 51.880381 ] ] ], [ [ [ -10.400057, 51.883347 ], [ -10.399927, 51.882193 ], [ -10.400693, 51.882596 ], [ -10.400057, 51.883347 ] ] ], [ [ [ -10.354021, 51.933926 ], [ -10.331606, 51.927767 ], [ -10.321003, 51.93429 ], [ -10.317032, 51.92402 ], [ -10.296174, 51.928378 ], [ -10.285832, 51.926309 ], [ -10.29225, 51.913298 ], [ -10.307442, 51.905933 ], [ -10.345366, 51.897478 ], [ -10.354354, 51.890745 ], [ -10.359302, 51.892686 ], [ -10.369237, 51.888185 ], [ -10.382536, 51.887005 ], [ -10.392233, 51.889484 ], [ -10.389273, 51.891379 ], [ -10.391104, 51.892589 ], [ -10.430091, 51.880097 ], [ -10.431173, 51.883061 ], [ -10.425159, 51.887423 ], [ -10.424929, 51.896215 ], [ -10.421605, 51.899333 ], [ -10.416136, 51.89866 ], [ -10.415737, 51.902118 ], [ -10.409603, 51.904905 ], [ -10.407036, 51.908453 ], [ -10.410081, 51.911386 ], [ -10.369245, 51.916381 ], [ -10.35031, 51.925215 ], [ -10.351953, 51.931258 ], [ -10.349357, 51.931247 ], [ -10.354021, 51.933926 ] ] ], [ [ [ -10.607523, 52.037953 ], [ -10.605765, 52.036914 ], [ -10.607632, 52.037755 ], [ -10.607523, 52.037953 ] ] ], [ [ [ -10.617001, 52.049746 ], [ -10.601216, 52.047257 ], [ -10.597571, 52.043631 ], [ -10.604144, 52.039534 ], [ -10.605093, 52.041905 ], [ -10.614885, 52.041952 ], [ -10.613329, 52.045057 ], [ -10.61866, 52.046096 ], [ -10.617001, 52.049746 ] ] ], [ [ [ -10.604162, 52.063399 ], [ -10.604211, 52.057291 ], [ -10.616829, 52.052878 ], [ -10.608022, 52.063028 ], [ -10.604162, 52.063399 ] ] ], [ [ [ -10.650849, 52.076566 ], [ -10.657455, 52.07384 ], [ -10.66285, 52.076282 ], [ -10.65343, 52.078536 ], [ -10.650849, 52.076566 ] ] ], [ [ [ -10.519537, 52.110797 ], [ -10.507168, 52.10451 ], [ -10.5161, 52.09529 ], [ -10.523327, 52.094818 ], [ -10.538045, 52.08691 ], [ -10.54207, 52.089139 ], [ -10.551433, 52.085916 ], [ -10.564565, 52.078736 ], [ -10.563699, 52.076549 ], [ -10.580118, 52.072841 ], [ -10.560632, 52.09009 ], [ -10.522521, 52.103366 ], [ -10.519537, 52.110797 ] ] ], [ [ [ -10.482829, 52.10696 ], [ -10.484656, 52.106602 ], [ -10.481562, 52.107257 ], [ -10.482829, 52.10696 ] ] ], [ [ [ -10.524043, 52.112606 ], [ -10.523098, 52.111317 ], [ -10.525431, 52.111278 ], [ -10.524043, 52.112606 ] ] ], [ [ [ -10.523571, 52.115571 ], [ -10.52491, 52.113509 ], [ -10.525895, 52.11348 ], [ -10.523571, 52.115571 ] ] ], [ [ [ -10.502821, 52.11689 ], [ -10.507807, 52.11339 ], [ -10.510365, 52.115128 ], [ -10.508448, 52.117815 ], [ -10.502821, 52.11689 ] ] ], [ [ [ -10.503616, 52.118751 ], [ -10.505473, 52.119462 ], [ -10.505478, 52.120178 ], [ -10.504113, 52.120164 ], [ -10.503616, 52.118751 ] ] ], [ [ [ -10.574488, 52.137923 ], [ -10.572589, 52.127358 ], [ -10.577232, 52.127517 ], [ -10.579129, 52.124171 ], [ -10.59222, 52.125593 ], [ -10.574488, 52.137923 ] ] ], [ [ [ -10.468043, 52.142523 ], [ -10.468517, 52.142335 ], [ -10.468329, 52.142599 ], [ -10.468043, 52.142523 ] ] ], [ [ [ -10.473105, 52.177109 ], [ -10.474748, 52.177184 ], [ -10.472882, 52.177433 ], [ -10.473105, 52.177109 ] ] ], [ [ [ -10.379317, 52.197119 ], [ -10.379539, 52.196764 ], [ -10.379717, 52.196978 ], [ -10.379317, 52.197119 ] ] ], [ [ [ -10.410954, 52.209022 ], [ -10.411171, 52.209064 ], [ -10.410088, 52.209625 ], [ -10.410954, 52.209022 ] ] ], [ [ [ -10.378808, 52.218758 ], [ -10.378561, 52.218918 ], [ -10.37848, 52.218814 ], [ -10.378808, 52.218758 ] ] ], [ [ [ -10.383461, 52.219508 ], [ -10.381784, 52.220145 ], [ -10.382469, 52.219443 ], [ -10.383461, 52.219508 ] ] ], [ [ [ -10.373429, 52.225078 ], [ -10.371959, 52.226468 ], [ -10.371193, 52.225962 ], [ -10.373429, 52.225078 ] ] ], [ [ [ -10.32932, 52.236912 ], [ -10.329323, 52.236686 ], [ -10.329634, 52.236834 ], [ -10.32932, 52.236912 ] ] ], [ [ [ -10.237378, 51.7351 ], [ -10.246565, 51.725503 ], [ -10.263995, 51.72562 ], [ -10.262864, 51.729985 ], [ -10.254977, 51.735807 ], [ -10.237378, 51.7351 ] ] ], [ [ [ -10.219125, 51.738219 ], [ -10.214111, 51.735762 ], [ -10.215206, 51.733221 ], [ -10.226056, 51.731735 ], [ -10.222773, 51.739371 ], [ -10.2178, 51.742493 ], [ -10.216191, 51.740535 ], [ -10.219125, 51.738219 ] ] ], [ [ [ -10.149613, 51.737808 ], [ -10.156307, 51.735639 ], [ -10.147394, 51.740178 ], [ -10.149613, 51.737808 ] ] ], [ [ [ -10.16983, 51.740699 ], [ -10.173844, 51.737566 ], [ -10.175341, 51.737238 ], [ -10.16983, 51.740699 ] ] ], [ [ [ -10.104029, 51.747268 ], [ -10.101645, 51.747907 ], [ -10.099658, 51.747829 ], [ -10.10043, 51.746918 ], [ -10.104029, 51.747268 ] ] ], [ [ [ -10.141933, 51.756925 ], [ -10.146344, 51.751634 ], [ -10.152129, 51.752873 ], [ -10.150871, 51.758291 ], [ -10.141933, 51.756925 ] ] ], [ [ [ -10.148506, 51.759481 ], [ -10.151778, 51.761614 ], [ -10.15374, 51.761085 ], [ -10.151665, 51.762046 ], [ -10.148506, 51.759481 ] ] ], [ [ [ -10.014718, 51.767413 ], [ -10.012399, 51.768685 ], [ -10.012079, 51.768366 ], [ -10.014718, 51.767413 ] ] ], [ [ [ -10.016565, 51.770225 ], [ -10.016662, 51.768127 ], [ -10.017607, 51.768324 ], [ -10.016565, 51.770225 ] ] ], [ [ [ -10.00104, 51.773612 ], [ -10.001967, 51.775611 ], [ -10.000273, 51.775052 ], [ -10.00104, 51.773612 ] ] ], [ [ [ -9.98373, 51.782454 ], [ -9.990731, 51.780368 ], [ -9.982318, 51.784039 ], [ -9.98373, 51.782454 ] ] ], [ [ [ -10.227101, 51.78101 ], [ -10.22738, 51.783393 ], [ -10.225013, 51.783682 ], [ -10.224689, 51.782544 ], [ -10.227101, 51.78101 ] ] ], [ [ [ -9.942955, 51.794469 ], [ -9.944054, 51.794712 ], [ -9.939426, 51.797159 ], [ -9.942955, 51.794469 ] ] ], [ [ [ -9.902544, 51.798825 ], [ -9.909818, 51.797179 ], [ -9.90266, 51.799172 ], [ -9.902544, 51.798825 ] ] ], [ [ [ -10.259761, 51.811774 ], [ -10.265604, 51.807232 ], [ -10.268546, 51.809129 ], [ -10.259761, 51.811774 ] ] ], [ [ [ -10.312381, 51.941265 ], [ -10.299091, 51.937743 ], [ -10.289194, 51.940072 ], [ -10.288001, 51.936867 ], [ -10.295119, 51.937225 ], [ -10.303968, 51.931451 ], [ -10.307863, 51.935488 ], [ -10.316424, 51.935364 ], [ -10.312381, 51.941265 ] ] ], [ [ [ -10.297286, 51.943414 ], [ -10.301024, 51.941808 ], [ -10.301172, 51.942607 ], [ -10.297286, 51.943414 ] ] ], [ [ [ -10.252608, 51.943794 ], [ -10.247996, 51.946194 ], [ -10.246928, 51.946054 ], [ -10.252608, 51.943794 ] ] ], [ [ [ -10.222171, 52.133801 ], [ -10.222495, 52.133686 ], [ -10.222517, 52.133773 ], [ -10.222171, 52.133801 ] ] ], [ [ [ -10.154862, 52.24804 ], [ -10.155382, 52.247772 ], [ -10.155679, 52.247962 ], [ -10.154862, 52.24804 ] ] ], [ [ [ -10.158479, 52.249342 ], [ -10.159521, 52.24888 ], [ -10.159313, 52.249271 ], [ -10.158479, 52.249342 ] ] ], [ [ [ -10.070224, 52.327512 ], [ -10.071654, 52.325081 ], [ -10.072909, 52.326006 ], [ -10.070224, 52.327512 ] ] ], [ [ [ -10.025675, 52.325177 ], [ -10.023831, 52.329122 ], [ -10.020084, 52.328164 ], [ -10.020621, 52.325145 ], [ -10.025675, 52.325177 ] ] ], [ [ [ -10.016393, 52.33051 ], [ -10.018898, 52.329116 ], [ -10.019986, 52.329863 ], [ -10.016393, 52.33051 ] ] ], [ [ [ -10.024973, 52.330637 ], [ -10.027387, 52.329984 ], [ -10.026212, 52.331893 ], [ -10.024973, 52.330637 ] ] ], [ [ [ -10.053455, 52.332643 ], [ -10.053199, 52.333465 ], [ -10.052338, 52.333709 ], [ -10.053455, 52.332643 ] ] ], [ [ [ -10.045867, 52.332345 ], [ -10.052745, 52.332192 ], [ -10.045395, 52.335304 ], [ -10.045867, 52.332345 ] ] ], [ [ [ -10.051721, 52.337477 ], [ -10.056643, 52.334718 ], [ -10.054978, 52.337485 ], [ -10.051721, 52.337477 ] ] ], [ [ [ -9.851801, 51.756604 ], [ -9.854425, 51.756471 ], [ -9.851144, 51.75779 ], [ -9.851801, 51.756604 ] ] ], [ [ [ -9.896426, 51.789932 ], [ -9.907847, 51.785593 ], [ -9.911666, 51.78605 ], [ -9.90161, 51.791992 ], [ -9.896366, 51.792616 ], [ -9.896426, 51.789932 ] ] ], [ [ [ -9.890397, 51.793714 ], [ -9.893026, 51.791985 ], [ -9.895628, 51.792939 ], [ -9.894411, 51.795301 ], [ -9.890397, 51.793714 ] ] ], [ [ [ -9.889263, 51.797885 ], [ -9.89431, 51.798063 ], [ -9.890043, 51.799175 ], [ -9.889263, 51.797885 ] ] ], [ [ [ -9.907227, 51.803783 ], [ -9.894239, 51.809461 ], [ -9.898763, 51.804064 ], [ -9.907227, 51.803783 ] ] ], [ [ [ -9.900357, 51.810976 ], [ -9.898269, 51.810315 ], [ -9.901624, 51.808401 ], [ -9.900357, 51.810976 ] ] ], [ [ [ -9.88975, 51.810761 ], [ -9.883312, 51.81322 ], [ -9.886138, 51.81023 ], [ -9.88975, 51.810761 ] ] ], [ [ [ -9.88082, 51.81275 ], [ -9.880106, 51.815631 ], [ -9.877759, 51.816531 ], [ -9.88082, 51.81275 ] ] ], [ [ [ -9.787742, 51.832769 ], [ -9.793516, 51.824151 ], [ -9.812042, 51.816694 ], [ -9.805628, 51.821067 ], [ -9.813336, 51.821387 ], [ -9.80881, 51.827974 ], [ -9.787742, 51.832769 ] ] ], [ [ [ -9.744067, 51.826197 ], [ -9.756316, 51.824343 ], [ -9.752151, 51.826634 ], [ -9.744067, 51.826197 ] ] ], [ [ [ -9.658511, 51.847174 ], [ -9.657025, 51.848669 ], [ -9.651354, 51.84855 ], [ -9.65486, 51.845939 ], [ -9.658511, 51.847174 ] ] ], [ [ [ -9.662662, 51.863418 ], [ -9.666889, 51.859512 ], [ -9.668858, 51.860536 ], [ -9.662662, 51.863418 ] ] ], [ [ [ -9.636297, 51.863031 ], [ -9.645694, 51.859875 ], [ -9.649326, 51.861037 ], [ -9.647546, 51.863208 ], [ -9.646621, 51.862099 ], [ -9.636937, 51.86369 ], [ -9.636297, 51.863031 ] ] ], [ [ [ -9.629728, 51.863802 ], [ -9.6367, 51.863751 ], [ -9.629249, 51.864853 ], [ -9.629728, 51.863802 ] ] ], [ [ [ -9.893614, 52.133791 ], [ -9.896578, 52.134037 ], [ -9.896594, 52.134304 ], [ -9.893614, 52.133791 ] ] ], [ [ [ -10.223558, 52.133409 ], [ -10.214625, 52.131305 ], [ -10.214128, 52.125916 ], [ -10.221952, 52.121319 ], [ -10.221625, 52.118037 ], [ -10.237176, 52.119634 ], [ -10.2481, 52.11646 ], [ -10.251394, 52.118392 ], [ -10.250242, 52.121513 ], [ -10.262385, 52.124038 ], [ -10.261585, 52.128211 ], [ -10.273355, 52.13444 ], [ -10.271955, 52.138402 ], [ -10.277929, 52.138872 ], [ -10.276863, 52.136396 ], [ -10.288606, 52.14283 ], [ -10.287264, 52.136745 ], [ -10.294968, 52.134304 ], [ -10.300385, 52.136674 ], [ -10.313651, 52.128122 ], [ -10.305485, 52.129355 ], [ -10.266999, 52.123566 ], [ -10.261014, 52.119373 ], [ -10.264451, 52.114448 ], [ -10.283919, 52.113902 ], [ -10.29175, 52.110516 ], [ -10.304377, 52.115189 ], [ -10.325371, 52.114563 ], [ -10.328644, 52.120239 ], [ -10.326901, 52.121974 ], [ -10.336844, 52.121089 ], [ -10.335079, 52.123342 ], [ -10.339498, 52.126206 ], [ -10.360972, 52.132458 ], [ -10.369313, 52.12946 ], [ -10.378825, 52.119375 ], [ -10.378572, 52.118078 ], [ -10.377346, 52.116324 ], [ -10.376818, 52.120671 ], [ -10.372676, 52.1147 ], [ -10.364715, 52.115932 ], [ -10.359876, 52.11096 ], [ -10.347771, 52.108667 ], [ -10.357486, 52.104731 ], [ -10.371924, 52.108525 ], [ -10.377695, 52.105679 ], [ -10.386979, 52.107841 ], [ -10.423912, 52.098708 ], [ -10.429886, 52.101012 ], [ -10.451156, 52.09668 ], [ -10.456073, 52.097403 ], [ -10.456266, 52.10584 ], [ -10.464026, 52.109852 ], [ -10.480024, 52.108491 ], [ -10.475552, 52.112682 ], [ -10.465372, 52.113728 ], [ -10.458893, 52.122917 ], [ -10.463475, 52.124058 ], [ -10.461573, 52.127176 ], [ -10.466042, 52.129065 ], [ -10.465146, 52.131241 ], [ -10.470024, 52.132051 ], [ -10.465882, 52.14435 ], [ -10.478591, 52.149436 ], [ -10.477914, 52.151473 ], [ -10.467393, 52.151219 ], [ -10.459889, 52.156019 ], [ -10.464862, 52.155979 ], [ -10.465208, 52.158591 ], [ -10.459717, 52.161181 ], [ -10.462122, 52.162327 ], [ -10.454259, 52.164552 ], [ -10.449194, 52.172322 ], [ -10.439843, 52.172848 ], [ -10.445658, 52.176381 ], [ -10.459922, 52.172329 ], [ -10.453939, 52.175372 ], [ -10.456954, 52.176229 ], [ -10.454472, 52.178639 ], [ -10.472123, 52.177643 ], [ -10.468903, 52.183248 ], [ -10.448309, 52.192305 ], [ -10.437367, 52.192435 ], [ -10.431878, 52.195524 ], [ -10.434206, 52.196025 ], [ -10.432714, 52.198973 ], [ -10.422244, 52.203725 ], [ -10.414564, 52.203374 ], [ -10.407098, 52.208918 ], [ -10.403889, 52.203917 ], [ -10.414726, 52.194758 ], [ -10.415102, 52.190897 ], [ -10.410448, 52.188383 ], [ -10.415103, 52.183708 ], [ -10.398997, 52.179101 ], [ -10.386359, 52.181217 ], [ -10.380843, 52.174929 ], [ -10.371718, 52.17162 ], [ -10.373975, 52.173071 ], [ -10.364392, 52.184556 ], [ -10.378776, 52.191119 ], [ -10.377773, 52.197023 ], [ -10.379435, 52.197473 ], [ -10.35634, 52.211665 ], [ -10.3581, 52.217385 ], [ -10.353596, 52.216494 ], [ -10.356805, 52.218612 ], [ -10.373876, 52.216504 ], [ -10.372768, 52.224919 ], [ -10.368859, 52.226236 ], [ -10.363502, 52.233843 ], [ -10.357178, 52.236673 ], [ -10.354367, 52.233014 ], [ -10.351403, 52.234868 ], [ -10.345771, 52.232506 ], [ -10.343732, 52.237439 ], [ -10.339897, 52.238489 ], [ -10.332075, 52.234214 ], [ -10.314863, 52.241315 ], [ -10.310718, 52.237013 ], [ -10.311275, 52.240893 ], [ -10.30592, 52.239197 ], [ -10.303844, 52.244563 ], [ -10.293721, 52.251415 ], [ -10.296707, 52.255744 ], [ -10.29336, 52.258134 ], [ -10.27045, 52.259103 ], [ -10.261543, 52.270447 ], [ -10.24318, 52.275922 ], [ -10.22767, 52.277317 ], [ -10.215763, 52.272002 ], [ -10.210178, 52.272664 ], [ -10.208047, 52.274363 ], [ -10.209992, 52.281382 ], [ -10.176325, 52.291579 ], [ -10.156881, 52.287852 ], [ -10.160095, 52.278799 ], [ -10.155646, 52.275285 ], [ -10.162447, 52.264081 ], [ -10.146359, 52.26168 ], [ -10.1602, 52.251417 ], [ -10.16023, 52.246898 ], [ -10.18048, 52.236591 ], [ -10.181516, 52.230234 ], [ -10.176791, 52.229987 ], [ -10.171076, 52.236078 ], [ -10.150033, 52.238819 ], [ -10.142096, 52.234659 ], [ -10.130404, 52.240637 ], [ -10.144542, 52.243079 ], [ -10.142431, 52.24587 ], [ -10.102437, 52.244527 ], [ -10.073619, 52.253628 ], [ -10.048546, 52.268624 ], [ -10.033871, 52.283116 ], [ -10.034341, 52.295942 ], [ -10.041407, 52.303191 ], [ -10.050593, 52.302653 ], [ -10.058131, 52.306925 ], [ -10.057712, 52.30929 ], [ -10.043653, 52.311159 ], [ -10.038537, 52.309066 ], [ -10.033118, 52.311751 ], [ -10.035091, 52.306411 ], [ -10.02632, 52.304393 ], [ -10.016557, 52.307696 ], [ -10.019586, 52.31202 ], [ -10.013989, 52.315419 ], [ -10.005451, 52.309945 ], [ -10.018339, 52.301649 ], [ -10.018024, 52.291052 ], [ -10.013914, 52.284728 ], [ -10.024667, 52.280772 ], [ -10.024843, 52.27052 ], [ -9.994696, 52.249055 ], [ -10.003274, 52.254105 ], [ -10.005768, 52.25312 ], [ -9.997862, 52.249265 ], [ -9.978909, 52.24578 ], [ -9.973727, 52.238888 ], [ -9.955034, 52.231886 ], [ -9.934168, 52.231547 ], [ -9.923834, 52.234386 ], [ -9.912319, 52.229212 ], [ -9.901625, 52.228909 ], [ -9.861257, 52.236291 ], [ -9.849116, 52.24352 ], [ -9.837739, 52.25726 ], [ -9.819433, 52.260453 ], [ -9.811038, 52.259809 ], [ -9.83888, 52.248087 ], [ -9.827077, 52.245898 ], [ -9.824684, 52.242473 ], [ -9.805241, 52.244019 ], [ -9.782711, 52.252754 ], [ -9.767442, 52.249306 ], [ -9.766732, 52.248067 ], [ -9.762948, 52.247535 ], [ -9.76299, 52.251215 ], [ -9.754193, 52.25267 ], [ -9.753415, 52.250568 ], [ -9.749228, 52.247276 ], [ -9.748065, 52.247428 ], [ -9.753352, 52.254844 ], [ -9.735643, 52.257982 ], [ -9.753466, 52.26152 ], [ -9.749506, 52.262003 ], [ -9.752904, 52.267657 ], [ -9.766386, 52.269603 ], [ -9.776688, 52.275283 ], [ -9.805238, 52.271916 ], [ -9.850872, 52.280412 ], [ -9.864524, 52.275001 ], [ -9.86353, 52.270268 ], [ -9.859184, 52.270532 ], [ -9.863464, 52.268989 ], [ -9.864947, 52.275294 ], [ -9.875426, 52.27438 ], [ -9.874108, 52.28391 ], [ -9.881473, 52.286796 ], [ -9.881739, 52.292148 ], [ -9.889594, 52.296527 ], [ -9.885189, 52.302019 ], [ -9.877037, 52.303152 ], [ -9.870779, 52.295575 ], [ -9.862183, 52.293279 ], [ -9.869642, 52.28736 ], [ -9.877121, 52.286643 ], [ -9.872714, 52.282686 ], [ -9.873577, 52.27966 ], [ -9.86095, 52.283836 ], [ -9.859616, 52.289316 ], [ -9.837488, 52.291783 ], [ -9.834026, 52.298694 ], [ -9.828416, 52.30155 ], [ -9.864315, 52.297424 ], [ -9.869482, 52.302587 ], [ -9.851946, 52.309137 ], [ -9.841599, 52.30705 ], [ -9.840495, 52.313692 ], [ -9.825449, 52.312017 ], [ -9.827913, 52.316563 ], [ -9.822719, 52.320562 ], [ -9.835396, 52.324896 ], [ -9.848083, 52.312897 ], [ -9.846172, 52.30872 ], [ -9.849715, 52.311098 ], [ -9.834931, 52.338874 ], [ -9.837349, 52.355511 ], [ -9.831827, 52.375456 ], [ -9.833964, 52.384756 ], [ -9.840895, 52.390424 ], [ -9.914165, 52.396028 ], [ -9.919531, 52.40011 ], [ -9.939013, 52.403526 ], [ -9.947772, 52.409823 ], [ -9.942134, 52.416446 ], [ -9.945719, 52.420454 ], [ -9.932284, 52.425219 ], [ -9.933141, 52.427803 ], [ -9.928348, 52.425289 ], [ -9.919336, 52.431134 ], [ -9.90852, 52.430573 ], [ -9.907265, 52.433819 ], [ -9.893777, 52.430494 ], [ -9.887527, 52.432376 ], [ -9.882369, 52.428415 ], [ -9.874566, 52.431698 ], [ -9.860908, 52.426202 ], [ -9.841397, 52.433978 ], [ -9.826652, 52.433485 ], [ -9.824132, 52.434746 ], [ -9.826184, 52.437337 ], [ -9.820989, 52.436061 ], [ -9.81053, 52.440923 ], [ -9.802248, 52.440616 ], [ -9.795989, 52.446091 ], [ -9.782418, 52.445655 ], [ -9.780015, 52.450106 ], [ -9.768502, 52.449047 ], [ -9.758096, 52.456247 ], [ -9.751639, 52.456593 ], [ -9.744866, 52.46892 ], [ -9.731436, 52.470971 ], [ -9.726258, 52.475898 ], [ -9.718099, 52.476193 ], [ -9.710202, 52.481381 ], [ -9.696184, 52.479545 ], [ -9.689404, 52.482793 ], [ -9.68013, 52.499183 ], [ -9.681789, 52.509512 ], [ -9.675511, 52.514426 ], [ -9.680432, 52.516742 ], [ -9.675582, 52.519565 ], [ -9.684251, 52.52255 ], [ -9.67412, 52.528095 ], [ -9.682172, 52.527918 ], [ -9.677691, 52.528806 ], [ -9.682038, 52.530104 ], [ -9.671905, 52.53062 ], [ -9.672841, 52.536734 ], [ -9.668064, 52.539016 ], [ -9.680541, 52.54519 ], [ -9.661409, 52.556512 ], [ -9.664636, 52.559275 ], [ -9.66284, 52.562236 ], [ -9.679546, 52.572752 ], [ -9.657206, 52.592695 ], [ -9.635339, 52.599261 ], [ -9.437244, 52.596347 ], [ -9.407954, 52.591755 ], [ -9.364942, 52.602453 ], [ -9.356689, 52.600883 ], [ -9.344824, 52.589544 ], [ -9.360111, 52.582811 ], [ -9.367645, 52.57433 ], [ -9.353697, 52.567402 ], [ -9.356887, 52.564122 ], [ -9.354592, 52.562056 ], [ -9.337732, 52.561821 ], [ -9.342552, 52.555832 ], [ -9.350515, 52.555005 ], [ -9.343552, 52.550062 ], [ -9.350343, 52.544958 ], [ -9.348342, 52.541483 ], [ -9.336136, 52.538914 ], [ -9.33128, 52.533019 ], [ -9.331517, 52.527212 ], [ -9.30532, 52.521615 ], [ -9.297233, 52.495918 ], [ -9.314915, 52.494374 ], [ -9.318369, 52.490725 ], [ -9.316122, 52.479513 ], [ -9.322366, 52.471615 ], [ -9.336486, 52.470479 ], [ -9.336818, 52.472601 ], [ -9.34328, 52.473099 ], [ -9.339172, 52.471286 ], [ -9.340013, 52.46261 ], [ -9.333303, 52.457137 ], [ -9.325665, 52.442676 ], [ -9.318919, 52.442448 ], [ -9.314185, 52.435 ], [ -9.304175, 52.434786 ], [ -9.307637, 52.428155 ], [ -9.327377, 52.423663 ], [ -9.341403, 52.407673 ], [ -9.336951, 52.40278 ], [ -9.314817, 52.397206 ], [ -9.31527, 52.39248 ], [ -9.303207, 52.388746 ], [ -9.302301, 52.381827 ], [ -9.318245, 52.373624 ], [ -9.343836, 52.367375 ], [ -9.347903, 52.361465 ], [ -9.339393, 52.353986 ], [ -9.330702, 52.355004 ], [ -9.314727, 52.348171 ], [ -9.300106, 52.332951 ], [ -9.276286, 52.331284 ], [ -9.240292, 52.321506 ], [ -9.23052, 52.303865 ], [ -9.217494, 52.298223 ], [ -9.210893, 52.289972 ], [ -9.216283, 52.281873 ], [ -9.249304, 52.277765 ], [ -9.245715, 52.266975 ], [ -9.247626, 52.264583 ], [ -9.273716, 52.254554 ], [ -9.27027, 52.249532 ], [ -9.276055, 52.229637 ], [ -9.265612, 52.221294 ], [ -9.262852, 52.216682 ], [ -9.264705, 52.213974 ], [ -9.252127, 52.206722 ], [ -9.247934, 52.19456 ], [ -9.244635, 52.193492 ], [ -9.249291, 52.187582 ], [ -9.245634, 52.182319 ], [ -9.2315, 52.176517 ], [ -9.235252, 52.169671 ], [ -9.231087, 52.163907 ], [ -9.235151, 52.160802 ], [ -9.233862, 52.157979 ], [ -9.240056, 52.146595 ], [ -9.234401, 52.14352 ], [ -9.236622, 52.140322 ], [ -9.228961, 52.13412 ], [ -9.23166, 52.132357 ], [ -9.226314, 52.130853 ], [ -9.229241, 52.1242 ], [ -9.226627, 52.11955 ], [ -9.221767, 52.118492 ], [ -9.217826, 52.111516 ], [ -9.210502, 52.110248 ], [ -9.21242, 52.108669 ], [ -9.208234, 52.105325 ], [ -9.211464, 52.098818 ], [ -9.201988, 52.089562 ], [ -9.205154, 52.087686 ], [ -9.189297, 52.080902 ], [ -9.191674, 52.084194 ], [ -9.184446, 52.082865 ], [ -9.191685, 52.075063 ], [ -9.208133, 52.072384 ], [ -9.21088, 52.065614 ], [ -9.21972, 52.058163 ], [ -9.221344, 52.049 ], [ -9.21777, 52.04565 ], [ -9.21158, 52.023278 ], [ -9.182376, 52.027953 ], [ -9.178964, 52.014489 ], [ -9.161996, 52.004503 ], [ -9.158585, 52.007323 ], [ -9.136345, 52.004831 ], [ -9.125372, 52.007755 ], [ -9.118786, 51.998166 ], [ -9.13813, 51.982572 ], [ -9.156277, 51.986084 ], [ -9.165121, 51.983063 ], [ -9.193089, 51.982754 ], [ -9.212901, 51.975296 ], [ -9.255331, 51.969669 ], [ -9.262084, 51.959751 ], [ -9.303312, 51.946208 ], [ -9.307459, 51.94205 ], [ -9.30149, 51.932966 ], [ -9.301671, 51.923853 ], [ -9.285805, 51.914296 ], [ -9.290658, 51.906938 ], [ -9.289044, 51.902775 ], [ -9.273856, 51.895724 ], [ -9.279035, 51.89417 ], [ -9.285147, 51.885028 ], [ -9.301518, 51.879099 ], [ -9.29998, 51.872143 ], [ -9.307503, 51.867894 ], [ -9.305537, 51.86545 ], [ -9.327004, 51.857243 ], [ -9.32501, 51.85217 ], [ -9.329807, 51.846375 ], [ -9.349097, 51.843639 ], [ -9.35671, 51.836363 ], [ -9.388278, 51.836404 ], [ -9.407827, 51.825191 ], [ -9.434555, 51.826314 ], [ -9.446096, 51.807324 ], [ -9.443418, 51.80253 ], [ -9.460768, 51.799287 ], [ -9.463599, 51.798022 ], [ -9.461324, 51.794902 ], [ -9.481367, 51.789551 ], [ -9.524295, 51.786999 ], [ -9.539794, 51.790373 ], [ -9.554988, 51.787727 ], [ -9.566469, 51.789541 ], [ -9.581336, 51.784127 ], [ -9.599326, 51.787801 ], [ -9.622674, 51.785576 ], [ -9.65045, 51.76498 ], [ -9.657013, 51.764122 ], [ -9.664776, 51.749553 ], [ -9.669046, 51.747114 ], [ -9.723722, 51.739755 ], [ -9.730403, 51.732782 ], [ -9.760561, 51.719691 ], [ -9.760933, 51.711568 ], [ -9.787895, 51.697113 ], [ -9.791372, 51.688811 ], [ -9.79884, 51.692716 ], [ -9.821571, 51.688323 ], [ -9.833677, 51.694284 ], [ -9.826722, 51.700446 ], [ -9.823849, 51.717438 ], [ -9.843337, 51.722664 ], [ -9.833377, 51.733023 ], [ -9.845353, 51.738667 ], [ -9.854389, 51.749867 ], [ -9.857356, 51.749897 ], [ -9.845259, 51.759662 ], [ -9.851587, 51.758718 ], [ -9.85149, 51.763508 ], [ -9.855147, 51.763494 ], [ -9.856335, 51.767266 ], [ -9.849717, 51.769758 ], [ -9.854223, 51.771521 ], [ -9.848422, 51.77752 ], [ -9.84076, 51.777827 ], [ -9.843058, 51.773646 ], [ -9.834898, 51.774599 ], [ -9.834092, 51.771673 ], [ -9.846488, 51.765344 ], [ -9.809931, 51.769604 ], [ -9.823125, 51.764612 ], [ -9.821271, 51.765131 ], [ -9.822658, 51.76407 ], [ -9.821085, 51.764088 ], [ -9.821919, 51.762483 ], [ -9.820077, 51.762214 ], [ -9.803661, 51.767972 ], [ -9.793109, 51.767281 ], [ -9.804595, 51.760886 ], [ -9.781989, 51.764855 ], [ -9.780787, 51.762798 ], [ -9.785466, 51.762028 ], [ -9.786577, 51.758319 ], [ -9.780529, 51.755544 ], [ -9.781408, 51.753542 ], [ -9.780084, 51.755686 ], [ -9.784299, 51.758049 ], [ -9.779291, 51.758515 ], [ -9.78162, 51.761304 ], [ -9.779055, 51.763073 ], [ -9.780012, 51.765086 ], [ -9.775459, 51.765489 ], [ -9.783919, 51.765732 ], [ -9.787976, 51.770394 ], [ -9.780492, 51.771922 ], [ -9.796605, 51.774836 ], [ -9.796415, 51.775876 ], [ -9.792289, 51.776547 ], [ -9.791736, 51.777426 ], [ -9.805943, 51.775678 ], [ -9.805707, 51.780408 ], [ -9.821115, 51.779552 ], [ -9.825046, 51.784591 ], [ -9.788141, 51.798765 ], [ -9.777454, 51.797597 ], [ -9.774458, 51.799779 ], [ -9.779443, 51.79964 ], [ -9.780253, 51.802867 ], [ -9.777474, 51.807815 ], [ -9.776382, 51.805822 ], [ -9.773742, 51.806556 ], [ -9.778801, 51.808477 ], [ -9.739913, 51.823752 ], [ -9.742942, 51.828827 ], [ -9.733406, 51.834883 ], [ -9.717018, 51.839786 ], [ -9.645147, 51.844473 ], [ -9.64013, 51.84744 ], [ -9.643896, 51.849558 ], [ -9.631058, 51.85207 ], [ -9.623128, 51.858465 ], [ -9.581526, 51.870486 ], [ -9.585565, 51.874022 ], [ -9.601749, 51.87406 ], [ -9.604623, 51.870972 ], [ -9.608735, 51.872051 ], [ -9.610143, 51.871579 ], [ -9.609769, 51.86926 ], [ -9.627622, 51.869182 ], [ -9.630778, 51.866292 ], [ -9.633471, 51.868552 ], [ -9.630887, 51.87064 ], [ -9.653043, 51.867943 ], [ -9.653187, 51.871135 ], [ -9.680516, 51.863677 ], [ -9.676096, 51.864701 ], [ -9.676695, 51.862533 ], [ -9.742787, 51.848453 ], [ -9.743576, 51.856266 ], [ -9.746066, 51.849635 ], [ -9.751661, 51.845675 ], [ -9.774664, 51.841249 ], [ -9.791218, 51.832543 ], [ -9.810264, 51.8293 ], [ -9.806305, 51.832443 ], [ -9.829504, 51.825569 ], [ -9.841657, 51.819094 ], [ -9.842834, 51.816174 ], [ -9.838796, 51.817162 ], [ -9.845941, 51.812386 ], [ -9.838545, 51.81498 ], [ -9.838908, 51.820089 ], [ -9.826854, 51.823234 ], [ -9.8326, 51.816618 ], [ -9.830059, 51.815264 ], [ -9.849939, 51.80811 ], [ -9.861992, 51.808855 ], [ -9.865866, 51.80045 ], [ -9.863889, 51.799932 ], [ -9.871751, 51.795813 ], [ -9.870054, 51.806311 ], [ -9.859577, 51.810398 ], [ -9.861843, 51.812058 ], [ -9.8573, 51.816658 ], [ -9.878851, 51.813614 ], [ -9.876947, 51.816993 ], [ -9.877674, 51.817724 ], [ -9.88338, 51.81693 ], [ -9.878362, 51.821757 ], [ -9.896486, 51.812461 ], [ -9.900852, 51.816102 ], [ -9.894434, 51.823925 ], [ -9.899498, 51.821615 ], [ -9.901349, 51.82319 ], [ -9.897898, 51.827584 ], [ -9.903607, 51.825122 ], [ -9.905407, 51.827294 ], [ -9.899994, 51.833343 ], [ -9.904038, 51.833398 ], [ -9.901389, 51.837998 ], [ -9.910376, 51.829507 ], [ -9.904616, 51.823751 ], [ -9.906332, 51.819738 ], [ -9.901724, 51.820495 ], [ -9.90179, 51.808115 ], [ -9.908301, 51.804158 ], [ -9.92823, 51.805144 ], [ -9.936939, 51.800166 ], [ -9.950483, 51.800697 ], [ -9.970351, 51.788615 ], [ -9.975018, 51.788256 ], [ -9.976481, 51.791112 ], [ -9.97923, 51.786279 ], [ -9.991517, 51.785407 ], [ -9.993083, 51.781401 ], [ -10.012091, 51.771144 ], [ -10.033792, 51.773255 ], [ -10.03682, 51.77535 ], [ -10.034796, 51.777558 ], [ -10.044487, 51.770467 ], [ -10.051132, 51.773726 ], [ -10.053943, 51.769874 ], [ -10.054881, 51.771935 ], [ -10.068076, 51.765809 ], [ -10.053907, 51.767375 ], [ -10.055556, 51.761522 ], [ -10.067453, 51.758442 ], [ -10.075442, 51.761358 ], [ -10.079778, 51.760067 ], [ -10.080541, 51.75627 ], [ -10.100671, 51.755971 ], [ -10.104497, 51.752249 ], [ -10.100415, 51.748911 ], [ -10.122364, 51.745798 ], [ -10.129688, 51.737415 ], [ -10.14034, 51.74186 ], [ -10.111518, 51.763478 ], [ -10.121779, 51.76396 ], [ -10.121729, 51.755983 ], [ -10.127894, 51.759914 ], [ -10.145769, 51.759185 ], [ -10.142964, 51.761136 ], [ -10.151271, 51.76574 ], [ -10.160026, 51.761956 ], [ -10.166644, 51.761548 ], [ -10.163588, 51.762827 ], [ -10.16583, 51.768103 ], [ -10.179242, 51.766035 ], [ -10.199061, 51.77826 ], [ -10.214526, 51.775297 ], [ -10.223353, 51.777806 ], [ -10.22505, 51.781204 ], [ -10.201926, 51.781169 ], [ -10.193019, 51.786445 ], [ -10.183102, 51.786858 ], [ -10.178193, 51.791356 ], [ -10.179686, 51.799253 ], [ -10.171235, 51.805438 ], [ -10.179093, 51.809199 ], [ -10.172713, 51.825422 ], [ -10.177491, 51.830778 ], [ -10.192056, 51.834242 ], [ -10.206919, 51.845083 ], [ -10.198903, 51.847557 ], [ -10.194071, 51.845442 ], [ -10.185835, 51.849993 ], [ -10.18543, 51.853846 ], [ -10.181757, 51.853887 ], [ -10.183565, 51.855243 ], [ -10.181593, 51.85507 ], [ -10.175005, 51.856974 ], [ -10.172747, 51.858448 ], [ -10.181706, 51.855285 ], [ -10.190043, 51.857646 ], [ -10.196524, 51.853151 ], [ -10.197398, 51.855852 ], [ -10.196564, 51.850611 ], [ -10.204107, 51.851543 ], [ -10.211697, 51.844497 ], [ -10.24751, 51.843152 ], [ -10.254323, 51.838368 ], [ -10.254702, 51.831457 ], [ -10.272474, 51.8227 ], [ -10.27343, 51.816827 ], [ -10.26833, 51.820072 ], [ -10.274703, 51.812179 ], [ -10.270748, 51.809521 ], [ -10.272909, 51.806682 ], [ -10.28914, 51.803068 ], [ -10.285623, 51.807967 ], [ -10.28853, 51.808614 ], [ -10.30774, 51.794732 ], [ -10.343489, 51.783621 ], [ -10.341722, 51.788684 ], [ -10.346049, 51.789686 ], [ -10.343418, 51.791131 ], [ -10.348848, 51.79625 ], [ -10.35485, 51.797029 ], [ -10.33346, 51.804606 ], [ -10.333433, 51.809611 ], [ -10.339212, 51.808196 ], [ -10.335871, 51.811387 ], [ -10.340214, 51.81303 ], [ -10.331134, 51.821802 ], [ -10.338406, 51.824335 ], [ -10.33423, 51.830334 ], [ -10.336631, 51.835929 ], [ -10.331884, 51.838786 ], [ -10.335371, 51.846016 ], [ -10.360141, 51.844961 ], [ -10.356361, 51.847423 ], [ -10.373164, 51.841825 ], [ -10.396906, 51.842959 ], [ -10.382592, 51.859972 ], [ -10.386593, 51.861194 ], [ -10.384313, 51.864249 ], [ -10.392183, 51.863361 ], [ -10.385899, 51.868079 ], [ -10.390483, 51.868837 ], [ -10.387186, 51.871183 ], [ -10.389374, 51.871515 ], [ -10.387565, 51.873284 ], [ -10.393637, 51.871927 ], [ -10.391451, 51.877498 ], [ -10.395414, 51.876527 ], [ -10.391937, 51.878415 ], [ -10.399252, 51.877101 ], [ -10.39347, 51.886144 ], [ -10.385787, 51.883287 ], [ -10.36683, 51.886821 ], [ -10.350789, 51.884747 ], [ -10.337684, 51.892076 ], [ -10.323682, 51.891141 ], [ -10.30975, 51.898124 ], [ -10.298041, 51.894891 ], [ -10.294728, 51.896439 ], [ -10.294852, 51.901062 ], [ -10.282521, 51.901904 ], [ -10.28535, 51.905203 ], [ -10.278296, 51.912336 ], [ -10.264809, 51.913143 ], [ -10.250693, 51.897992 ], [ -10.248892, 51.900976 ], [ -10.253465, 51.909097 ], [ -10.248571, 51.910586 ], [ -10.257533, 51.913253 ], [ -10.251267, 51.919778 ], [ -10.278416, 51.92967 ], [ -10.247741, 51.93934 ], [ -10.242313, 51.945717 ], [ -10.227192, 51.948604 ], [ -10.210442, 51.95661 ], [ -10.204226, 51.94873 ], [ -10.202194, 51.956121 ], [ -10.184511, 51.960777 ], [ -10.179233, 51.963562 ], [ -10.185203, 51.962406 ], [ -10.186189, 51.963928 ], [ -10.182919, 51.966164 ], [ -10.19557, 51.965813 ], [ -10.199307, 51.962345 ], [ -10.215049, 51.959244 ], [ -10.225943, 51.950797 ], [ -10.243069, 51.950381 ], [ -10.254724, 51.945688 ], [ -10.261929, 51.950826 ], [ -10.263757, 51.942576 ], [ -10.275117, 51.938876 ], [ -10.275596, 51.944497 ], [ -10.282898, 51.946576 ], [ -10.277644, 51.949291 ], [ -10.279433, 51.951946 ], [ -10.300646, 51.950129 ], [ -10.305067, 51.952628 ], [ -10.320972, 51.952211 ], [ -10.320855, 51.954852 ], [ -10.308451, 51.962385 ], [ -10.292779, 51.964149 ], [ -10.287742, 51.969253 ], [ -10.283847, 51.967774 ], [ -10.279966, 51.970662 ], [ -10.274433, 51.965386 ], [ -10.268526, 51.9673 ], [ -10.264385, 51.964933 ], [ -10.268174, 51.972292 ], [ -10.266734, 51.977994 ], [ -10.257053, 51.991818 ], [ -10.252818, 51.989593 ], [ -10.230362, 51.993288 ], [ -10.224447, 51.996938 ], [ -10.223668, 51.993561 ], [ -10.212788, 51.988371 ], [ -10.208067, 52.001827 ], [ -10.182668, 52.01226 ], [ -10.156598, 52.016427 ], [ -10.154736, 52.021734 ], [ -10.149597, 52.023939 ], [ -10.145511, 52.022019 ], [ -10.143387, 52.025432 ], [ -10.131419, 52.029479 ], [ -10.130753, 52.024878 ], [ -10.124705, 52.026842 ], [ -10.119159, 52.024783 ], [ -10.107574, 52.029481 ], [ -10.106433, 52.025445 ], [ -10.100751, 52.024614 ], [ -10.100767, 52.028 ], [ -10.091957, 52.032978 ], [ -10.086846, 52.031921 ], [ -10.066858, 52.039738 ], [ -10.030728, 52.0367 ], [ -9.978646, 52.052494 ], [ -9.973101, 52.069451 ], [ -9.974378, 52.083534 ], [ -9.96794, 52.09023 ], [ -9.96619, 52.090572 ], [ -9.959931, 52.09014 ], [ -9.957758, 52.089243 ], [ -9.96375, 52.090228 ], [ -9.960673, 52.088247 ], [ -9.968818, 52.08385 ], [ -9.967468, 52.073958 ], [ -9.966659, 52.072615 ], [ -9.964402, 52.071515 ], [ -9.962987, 52.069932 ], [ -9.968749, 52.070347 ], [ -9.975431, 52.055414 ], [ -9.952519, 52.064952 ], [ -9.948454, 52.072275 ], [ -9.934096, 52.07884 ], [ -9.936039, 52.07431 ], [ -9.933125, 52.068951 ], [ -9.924962, 52.065087 ], [ -9.923979, 52.06888 ], [ -9.915514, 52.066059 ], [ -9.903562, 52.068402 ], [ -9.916425, 52.067127 ], [ -9.915669, 52.069277 ], [ -9.9257, 52.072392 ], [ -9.919792, 52.075627 ], [ -9.924213, 52.078172 ], [ -9.9268, 52.074461 ], [ -9.92998, 52.075008 ], [ -9.929925, 52.081451 ], [ -9.935702, 52.084872 ], [ -9.925926, 52.095042 ], [ -9.911553, 52.100864 ], [ -9.907503, 52.110317 ], [ -9.90353, 52.111977 ], [ -9.899669, 52.121874 ], [ -9.900764, 52.135041 ], [ -9.899586, 52.139025 ], [ -9.895703, 52.138082 ], [ -9.893777, 52.13623 ], [ -9.896433, 52.134842 ], [ -9.895445, 52.13693 ], [ -9.899039, 52.138638 ], [ -9.89823, 52.13044 ], [ -9.890262, 52.133216 ], [ -9.894989, 52.12022 ], [ -9.890914, 52.114441 ], [ -9.894204, 52.113842 ], [ -9.89501, 52.109236 ], [ -9.855042, 52.11733 ], [ -9.850112, 52.115833 ], [ -9.847596, 52.112195 ], [ -9.848403, 52.118945 ], [ -9.845351, 52.11963 ], [ -9.84814, 52.12075 ], [ -9.833916, 52.127437 ], [ -9.818849, 52.123872 ], [ -9.819242, 52.128181 ], [ -9.81718, 52.126861 ], [ -9.817096, 52.129331 ], [ -9.81553, 52.128232 ], [ -9.811043, 52.129995 ], [ -9.815026, 52.12933 ], [ -9.812962, 52.132057 ], [ -9.800679, 52.129324 ], [ -9.789718, 52.134592 ], [ -9.798054, 52.137227 ], [ -9.799731, 52.140926 ], [ -9.79181, 52.151635 ], [ -9.79416, 52.157374 ], [ -9.799998, 52.160211 ], [ -9.79847, 52.162267 ], [ -9.802326, 52.16008 ], [ -9.800319, 52.161531 ], [ -9.80063, 52.163827 ], [ -9.813941, 52.153428 ], [ -9.819453, 52.155286 ], [ -9.818459, 52.159141 ], [ -9.822076, 52.161746 ], [ -9.821099, 52.159512 ], [ -9.839977, 52.157155 ], [ -9.864948, 52.159579 ], [ -9.87063, 52.155037 ], [ -9.882406, 52.156786 ], [ -9.889776, 52.153121 ], [ -9.89908, 52.154001 ], [ -9.92314, 52.148018 ], [ -9.951597, 52.146511 ], [ -9.963404, 52.141573 ], [ -9.974672, 52.143309 ], [ -9.961698, 52.135667 ], [ -9.951566, 52.134282 ], [ -9.951765, 52.129778 ], [ -9.945838, 52.12694 ], [ -9.945313, 52.118405 ], [ -9.932425, 52.111295 ], [ -9.936499, 52.10617 ], [ -9.947619, 52.106731 ], [ -9.957324, 52.112735 ], [ -9.986566, 52.143535 ], [ -10.040668, 52.135685 ], [ -10.05114, 52.137284 ], [ -10.052546, 52.13455 ], [ -10.093124, 52.12356 ], [ -10.109122, 52.126666 ], [ -10.115873, 52.118739 ], [ -10.137541, 52.112213 ], [ -10.148053, 52.112796 ], [ -10.141179, 52.118802 ], [ -10.158807, 52.121481 ], [ -10.165135, 52.116693 ], [ -10.194419, 52.10769 ], [ -10.199486, 52.109359 ], [ -10.194271, 52.112781 ], [ -10.203625, 52.112513 ], [ -10.201772, 52.11609 ], [ -10.204524, 52.116107 ], [ -10.205261, 52.120589 ], [ -10.21524, 52.122279 ], [ -10.211345, 52.131913 ], [ -10.204419, 52.133721 ], [ -10.203948, 52.137071 ], [ -10.212098, 52.134486 ], [ -10.217502, 52.137465 ], [ -10.218085, 52.134734 ], [ -10.221754, 52.134793 ], [ -10.223558, 52.133409 ] ], [ [ -10.185006, 51.963947 ], [ -10.184489, 51.964324 ], [ -10.184561, 51.964355 ], [ -10.185006, 51.963947 ] ], [ [ -10.182106, 51.964665 ], [ -10.182063, 51.964174 ], [ -10.18125, 51.964099 ], [ -10.182106, 51.964665 ] ], [ [ -9.850999, 52.115858 ], [ -9.850333, 52.115711 ], [ -9.851017, 52.115882 ], [ -9.850999, 52.115858 ] ] ], [ [ [ -9.754823, 52.253875 ], [ -9.758418, 52.25299 ], [ -9.761848, 52.256598 ], [ -9.757432, 52.257036 ], [ -9.754823, 52.253875 ] ] ], [ [ [ -9.879234, 52.304128 ], [ -9.87933, 52.303961 ], [ -9.879523, 52.304186 ], [ -9.879234, 52.304128 ] ] ], [ [ [ -9.87209, 52.304894 ], [ -9.872347, 52.305008 ], [ -9.872129, 52.30526 ], [ -9.87209, 52.304894 ] ] ], [ [ [ -9.837822, 52.355372 ], [ -9.838022, 52.35545 ], [ -9.837744, 52.355909 ], [ -9.837822, 52.355372 ] ] ], [ [ [ -9.840735, 52.35869 ], [ -9.840899, 52.359743 ], [ -9.839743, 52.360557 ], [ -9.840735, 52.35869 ] ] ], [ [ [ -9.822545, 52.436764 ], [ -9.821979, 52.437105 ], [ -9.821753, 52.436921 ], [ -9.822545, 52.436764 ] ] ], [ [ [ -9.819761, 52.436901 ], [ -9.819664, 52.437065 ], [ -9.819525, 52.436932 ], [ -9.819761, 52.436901 ] ] ], [ [ [ -9.819735, 52.437134 ], [ -9.820425, 52.436585 ], [ -9.819986, 52.437408 ], [ -9.819735, 52.437134 ] ] ], [ [ [ -9.810258, 52.442347 ], [ -9.811392, 52.442411 ], [ -9.810585, 52.442889 ], [ -9.810258, 52.442347 ] ] ], [ [ [ -9.757657, 52.457058 ], [ -9.756833, 52.456612 ], [ -9.757894, 52.45638 ], [ -9.757657, 52.457058 ] ] ] ] } },
{ "type": "Feature", "properties": { "local_authority": "Kildare" }, "geometry": { "type": "Polygon", "coordinates": [ [ [ -6.965325, 53.450966 ], [ -6.949739, 53.44138 ], [ -6.917486, 53.449381 ], [ -6.915002, 53.437196 ], [ -6.904022, 53.429541 ], [ -6.891099, 53.425975 ], [ -6.883259, 53.414887 ], [ -6.864036, 53.412578 ], [ -6.853044, 53.405381 ], [ -6.832598, 53.400683 ], [ -6.81155, 53.398468 ], [ -6.804653, 53.403813 ], [ -6.801998, 53.41029 ], [ -6.795494, 53.413315 ], [ -6.795608, 53.41797 ], [ -6.769477, 53.428788 ], [ -6.752655, 53.429194 ], [ -6.719713, 53.420456 ], [ -6.70945, 53.420512 ], [ -6.669412, 53.407834 ], [ -6.664217, 53.398492 ], [ -6.654129, 53.394911 ], [ -6.609204, 53.398616 ], [ -6.567715, 53.387897 ], [ -6.570509, 53.39064 ], [ -6.568955, 53.392854 ], [ -6.54654, 53.405176 ], [ -6.538499, 53.396741 ], [ -6.495529, 53.384478 ], [ -6.48491, 53.38771 ], [ -6.485182, 53.39025 ], [ -6.459964, 53.388463 ], [ -6.470079, 53.379356 ], [ -6.474945, 53.36298 ], [ -6.490442, 53.361194 ], [ -6.494988, 53.353379 ], [ -6.493316, 53.350739 ], [ -6.498712, 53.346014 ], [ -6.496625, 53.341125 ], [ -6.48915, 53.337625 ], [ -6.50112, 53.320965 ], [ -6.505547, 53.324607 ], [ -6.52008, 53.324641 ], [ -6.53109, 53.317409 ], [ -6.528079, 53.313547 ], [ -6.542402, 53.306981 ], [ -6.526007, 53.299696 ], [ -6.530694, 53.287157 ], [ -6.543889, 53.282106 ], [ -6.546327, 53.275093 ], [ -6.539144, 53.275388 ], [ -6.518147, 53.264651 ], [ -6.506843, 53.264822 ], [ -6.524551, 53.256947 ], [ -6.526981, 53.259614 ], [ -6.535942, 53.253917 ], [ -6.532517, 53.25242 ], [ -6.532936, 53.248306 ], [ -6.516837, 53.248835 ], [ -6.471955, 53.237746 ], [ -6.492854, 53.221289 ], [ -6.497157, 53.222376 ], [ -6.508716, 53.214405 ], [ -6.51028, 53.210224 ], [ -6.49967, 53.204988 ], [ -6.500074, 53.202434 ], [ -6.51981, 53.186401 ], [ -6.538577, 53.190696 ], [ -6.555741, 53.185587 ], [ -6.561965, 53.179372 ], [ -6.555758, 53.17362 ], [ -6.540006, 53.167172 ], [ -6.552763, 53.160009 ], [ -6.549595, 53.153573 ], [ -6.562894, 53.156192 ], [ -6.578858, 53.146178 ], [ -6.574522, 53.140586 ], [ -6.576598, 53.135352 ], [ -6.565403, 53.132005 ], [ -6.575469, 53.127867 ], [ -6.571879, 53.123078 ], [ -6.579816, 53.124195 ], [ -6.583943, 53.119501 ], [ -6.590605, 53.119659 ], [ -6.594645, 53.117189 ], [ -6.59278, 53.113292 ], [ -6.599295, 53.112519 ], [ -6.595331, 53.108028 ], [ -6.610813, 53.105098 ], [ -6.610988, 53.101952 ], [ -6.624308, 53.104469 ], [ -6.629278, 53.092087 ], [ -6.662259, 53.088896 ], [ -6.666505, 53.082011 ], [ -6.681007, 53.081523 ], [ -6.683508, 53.07757 ], [ -6.69471, 53.073755 ], [ -6.707837, 53.07413 ], [ -6.733253, 53.065059 ], [ -6.729642, 53.059344 ], [ -6.731124, 53.047893 ], [ -6.737272, 53.040224 ], [ -6.755131, 53.02595 ], [ -6.764585, 53.026405 ], [ -6.777772, 53.018567 ], [ -6.773097, 53.017651 ], [ -6.776291, 53.013543 ], [ -6.76611, 53.008741 ], [ -6.787103, 52.999532 ], [ -6.792047, 52.992495 ], [ -6.788528, 52.988886 ], [ -6.791976, 52.986417 ], [ -6.789466, 52.980368 ], [ -6.785567, 52.976274 ], [ -6.779007, 52.978169 ], [ -6.770508, 52.966324 ], [ -6.742552, 52.948286 ], [ -6.736175, 52.938663 ], [ -6.740026, 52.935186 ], [ -6.733647, 52.932729 ], [ -6.73474, 52.929509 ], [ -6.730453, 52.926851 ], [ -6.739446, 52.912134 ], [ -6.745834, 52.912566 ], [ -6.748835, 52.90714 ], [ -6.745196, 52.899455 ], [ -6.749748, 52.889648 ], [ -6.765474, 52.889407 ], [ -6.767785, 52.879454 ], [ -6.786504, 52.871802 ], [ -6.788451, 52.865928 ], [ -6.811399, 52.87288 ], [ -6.818266, 52.870481 ], [ -6.826224, 52.872235 ], [ -6.828076, 52.870259 ], [ -6.825235, 52.869019 ], [ -6.833845, 52.863459 ], [ -6.845703, 52.863995 ], [ -6.848243, 52.860071 ], [ -6.855812, 52.861062 ], [ -6.871098, 52.876155 ], [ -6.877108, 52.876167 ], [ -6.868533, 52.861719 ], [ -6.879693, 52.857579 ], [ -6.903546, 52.866089 ], [ -6.912692, 52.874752 ], [ -6.921096, 52.877037 ], [ -6.92178, 52.885887 ], [ -6.939415, 52.880047 ], [ -6.943379, 52.890843 ], [ -6.935757, 52.899925 ], [ -6.935006, 52.915675 ], [ -6.954325, 52.938713 ], [ -6.954852, 52.947373 ], [ -6.970467, 52.959231 ], [ -6.972339, 52.972019 ], [ -6.983453, 52.977851 ], [ -7.019928, 52.966122 ], [ -7.022802, 52.97057 ], [ -7.017634, 52.975249 ], [ -7.035122, 52.978716 ], [ -7.043131, 52.976956 ], [ -7.049398, 52.98079 ], [ -7.056171, 52.978505 ], [ -7.065422, 52.983133 ], [ -7.070985, 52.992856 ], [ -7.088393, 52.999223 ], [ -7.090534, 53.004749 ], [ -7.085254, 53.01082 ], [ -7.086337, 53.014226 ], [ -7.068714, 53.021254 ], [ -7.071866, 53.031176 ], [ -7.068645, 53.036144 ], [ -7.048236, 53.041942 ], [ -7.060082, 53.04371 ], [ -7.059748, 53.052597 ], [ -7.047816, 53.056646 ], [ -7.053871, 53.067278 ], [ -7.047421, 53.068479 ], [ -7.04515, 53.073399 ], [ -7.055521, 53.090146 ], [ -7.052921, 53.094014 ], [ -7.058982, 53.105107 ], [ -7.067134, 53.108368 ], [ -7.073327, 53.106948 ], [ -7.078333, 53.121639 ], [ -7.085244, 53.1252 ], [ -7.083502, 53.127718 ], [ -7.10299, 53.136005 ], [ -7.096537, 53.14061 ], [ -7.093286, 53.149769 ], [ -7.1005, 53.158157 ], [ -7.085778, 53.157842 ], [ -7.072997, 53.149299 ], [ -7.063317, 53.162024 ], [ -7.063936, 53.166266 ], [ -7.066154, 53.169415 ], [ -7.08417, 53.173156 ], [ -7.098981, 53.172445 ], [ -7.106021, 53.168034 ], [ -7.124846, 53.180551 ], [ -7.159023, 53.181347 ], [ -7.168931, 53.184914 ], [ -7.151209, 53.192315 ], [ -7.100371, 53.186887 ], [ -7.069421, 53.191355 ], [ -7.036046, 53.190019 ], [ -7.035286, 53.204609 ], [ -7.041069, 53.208373 ], [ -7.014396, 53.21373 ], [ -7.012174, 53.218054 ], [ -7.023612, 53.224554 ], [ -7.036594, 53.228864 ], [ -7.040963, 53.224811 ], [ -7.049196, 53.224127 ], [ -7.058289, 53.228855 ], [ -7.071956, 53.230258 ], [ -7.072193, 53.234833 ], [ -7.052555, 53.235562 ], [ -7.04964, 53.237586 ], [ -7.054893, 53.240116 ], [ -7.054599, 53.242723 ], [ -7.019075, 53.253224 ], [ -7.034292, 53.278328 ], [ -7.003521, 53.28148 ], [ -6.991497, 53.28628 ], [ -7.007333, 53.290999 ], [ -7.013321, 53.296336 ], [ -6.977708, 53.307661 ], [ -6.979225, 53.313193 ], [ -6.990484, 53.321354 ], [ -7.024597, 53.33087 ], [ -7.024835, 53.33753 ], [ -7.021583, 53.339313 ], [ -7.023847, 53.343398 ], [ -7.042576, 53.35695 ], [ -7.063027, 53.354742 ], [ -7.089137, 53.369537 ], [ -7.076935, 53.386079 ], [ -7.075827, 53.394969 ], [ -7.045083, 53.408095 ], [ -7.03305, 53.409999 ], [ -7.02513, 53.420275 ], [ -7.013974, 53.424946 ], [ -7.006926, 53.437209 ], [ -6.965325, 53.450966 ] ] ] } },
{ "type": "Feature", "properties": { "local_authority": "Kilkenny" }, "geometry": { "type": "Polygon", "coordinates": [ [ [ -7.189097, 52.893951 ], [ -7.179908, 52.889618 ], [ -7.175358, 52.88342 ], [ -7.163156, 52.882234 ], [ -7.164258, 52.878389 ], [ -7.159468, 52.87079 ], [ -7.15058, 52.876919 ], [ -7.139955, 52.869119 ], [ -7.138665, 52.856015 ], [ -7.14166, 52.848525 ], [ -7.128622, 52.841122 ], [ -7.119871, 52.823928 ], [ -7.098796, 52.82692 ], [ -7.088899, 52.817278 ], [ -7.070269, 52.812759 ], [ -7.061482, 52.797437 ], [ -7.059877, 52.793577 ], [ -7.067628, 52.785178 ], [ -7.090679, 52.776163 ], [ -7.0818, 52.770131 ], [ -7.083305, 52.757076 ], [ -7.102337, 52.746434 ], [ -7.098998, 52.739428 ], [ -7.092, 52.737749 ], [ -7.090038, 52.733975 ], [ -7.104822, 52.731427 ], [ -7.107935, 52.725542 ], [ -7.080171, 52.726527 ], [ -7.065778, 52.708213 ], [ -7.056689, 52.710403 ], [ -7.052522, 52.702962 ], [ -7.04869, 52.711238 ], [ -7.042351, 52.715436 ], [ -7.036296, 52.709961 ], [ -7.017315, 52.704042 ], [ -7.003968, 52.693304 ], [ -7.006519, 52.691167 ], [ -6.999756, 52.688575 ], [ -7.005642, 52.684842 ], [ -6.995698, 52.681084 ], [ -6.997695, 52.679131 ], [ -6.991919, 52.676025 ], [ -6.993047, 52.673655 ], [ -6.979925, 52.66896 ], [ -6.987835, 52.660221 ], [ -6.985393, 52.642719 ], [ -6.991536, 52.63406 ], [ -6.988244, 52.629097 ], [ -6.980433, 52.626358 ], [ -6.985439, 52.619067 ], [ -6.972966, 52.611131 ], [ -6.970079, 52.604013 ], [ -6.950578, 52.600292 ], [ -6.938948, 52.590715 ], [ -6.927376, 52.58824 ], [ -6.919003, 52.57657 ], [ -6.922368, 52.569632 ], [ -6.914638, 52.562374 ], [ -6.931114, 52.55416 ], [ -6.935603, 52.548723 ], [ -6.945571, 52.546238 ], [ -6.945962, 52.541169 ], [ -6.959483, 52.535742 ], [ -6.952557, 52.529846 ], [ -6.934765, 52.527424 ], [ -6.933124, 52.516456 ], [ -6.939958, 52.498613 ], [ -6.933722, 52.48922 ], [ -6.925439, 52.486024 ], [ -6.92775, 52.480417 ], [ -6.918713, 52.474266 ], [ -6.934393, 52.466883 ], [ -6.914698, 52.461997 ], [ -6.925149, 52.455984 ], [ -6.92339, 52.451199 ], [ -6.927288, 52.442592 ], [ -6.915028, 52.429826 ], [ -6.925396, 52.424783 ], [ -6.926151, 52.420335 ], [ -6.950161, 52.425662 ], [ -6.961284, 52.421714 ], [ -6.956716, 52.416077 ], [ -6.941833, 52.412213 ], [ -6.941297, 52.402489 ], [ -6.955667, 52.398914 ], [ -6.956872, 52.391885 ], [ -6.953722, 52.390313 ], [ -6.965233, 52.378159 ], [ -6.965038, 52.368397 ], [ -6.984405, 52.368372 ], [ -6.991534, 52.364359 ], [ -6.997103, 52.348439 ], [ -6.993577, 52.330622 ], [ -6.986517, 52.321363 ], [ -7.003661, 52.312745 ], [ -7.006248, 52.306164 ], [ -7.018212, 52.296145 ], [ -7.000173, 52.275698 ], [ -7.026207, 52.269146 ], [ -7.037942, 52.256346 ], [ -7.06835, 52.25685 ], [ -7.089543, 52.251838 ], [ -7.096853, 52.257516 ], [ -7.100614, 52.266349 ], [ -7.096009, 52.266672 ], [ -7.100301, 52.270385 ], [ -7.104784, 52.266823 ], [ -7.132889, 52.268963 ], [ -7.155424, 52.279824 ], [ -7.170716, 52.27345 ], [ -7.198592, 52.249902 ], [ -7.212457, 52.243103 ], [ -7.21932, 52.243157 ], [ -7.231581, 52.249759 ], [ -7.239772, 52.261455 ], [ -7.265002, 52.267402 ], [ -7.283206, 52.28894 ], [ -7.285014, 52.297509 ], [ -7.301166, 52.304142 ], [ -7.29984, 52.311069 ], [ -7.302563, 52.315575 ], [ -7.323931, 52.33086 ], [ -7.355953, 52.33607 ], [ -7.358137, 52.341945 ], [ -7.372162, 52.343008 ], [ -7.376148, 52.350282 ], [ -7.397067, 52.36405 ], [ -7.38961, 52.377868 ], [ -7.392156, 52.380457 ], [ -7.388245, 52.383957 ], [ -7.394534, 52.394793 ], [ -7.383213, 52.416508 ], [ -7.384698, 52.424661 ], [ -7.390806, 52.428503 ], [ -7.399938, 52.42795 ], [ -7.403519, 52.434454 ], [ -7.418758, 52.44229 ], [ -7.422946, 52.452072 ], [ -7.44105, 52.459618 ], [ -7.441106, 52.465965 ], [ -7.460993, 52.46588 ], [ -7.467869, 52.472309 ], [ -7.460001, 52.476213 ], [ -7.459525, 52.482314 ], [ -7.432014, 52.495215 ], [ -7.429534, 52.503145 ], [ -7.420065, 52.510909 ], [ -7.43244, 52.51856 ], [ -7.443424, 52.510389 ], [ -7.45323, 52.51066 ], [ -7.450275, 52.516398 ], [ -7.453798, 52.521286 ], [ -7.458828, 52.521421 ], [ -7.458524, 52.535257 ], [ -7.451503, 52.554191 ], [ -7.459349, 52.560011 ], [ -7.455649, 52.563501 ], [ -7.457598, 52.567269 ], [ -7.455119, 52.570231 ], [ -7.455262, 52.573967 ], [ -7.458465, 52.574087 ], [ -7.45136, 52.581872 ], [ -7.475635, 52.590721 ], [ -7.479954, 52.596116 ], [ -7.48109, 52.60394 ], [ -7.474673, 52.611119 ], [ -7.47619, 52.617302 ], [ -7.510711, 52.64243 ], [ -7.52118, 52.654695 ], [ -7.519808, 52.66178 ], [ -7.527468, 52.672849 ], [ -7.538588, 52.680337 ], [ -7.533592, 52.683246 ], [ -7.536231, 52.689232 ], [ -7.547028, 52.694795 ], [ -7.547681, 52.700414 ], [ -7.560551, 52.702754 ], [ -7.56101, 52.705746 ], [ -7.577418, 52.712652 ], [ -7.587111, 52.713211 ], [ -7.594618, 52.720348 ], [ -7.60871, 52.720982 ], [ -7.626173, 52.733689 ], [ -7.647825, 52.732131 ], [ -7.646182, 52.735074 ], [ -7.654125, 52.746733 ], [ -7.669873, 52.755659 ], [ -7.667367, 52.760946 ], [ -7.674081, 52.781294 ], [ -7.652895, 52.78934 ], [ -7.612078, 52.790036 ], [ -7.616756, 52.80943 ], [ -7.612779, 52.810568 ], [ -7.608954, 52.807143 ], [ -7.60016, 52.815471 ], [ -7.584094, 52.821948 ], [ -7.578587, 52.82872 ], [ -7.556689, 52.814413 ], [ -7.559513, 52.808658 ], [ -7.5474, 52.808229 ], [ -7.535078, 52.803241 ], [ -7.535129, 52.810036 ], [ -7.529237, 52.811293 ], [ -7.516042, 52.806631 ], [ -7.519337, 52.801983 ], [ -7.516816, 52.800669 ], [ -7.495052, 52.801123 ], [ -7.496091, 52.799221 ], [ -7.489524, 52.797574 ], [ -7.486317, 52.79201 ], [ -7.475997, 52.785629 ], [ -7.449068, 52.787069 ], [ -7.446686, 52.795418 ], [ -7.439088, 52.796283 ], [ -7.425881, 52.80405 ], [ -7.399013, 52.79569 ], [ -7.390603, 52.805293 ], [ -7.392648, 52.808119 ], [ -7.38863, 52.820081 ], [ -7.381063, 52.821422 ], [ -7.376691, 52.82883 ], [ -7.370405, 52.831781 ], [ -7.361279, 52.82841 ], [ -7.360082, 52.813874 ], [ -7.34751, 52.811687 ], [ -7.349956, 52.821168 ], [ -7.342733, 52.834915 ], [ -7.345329, 52.838984 ], [ -7.329556, 52.851707 ], [ -7.324322, 52.862267 ], [ -7.308614, 52.866287 ], [ -7.301867, 52.861663 ], [ -7.299112, 52.863608 ], [ -7.259647, 52.84904 ], [ -7.243278, 52.862788 ], [ -7.242832, 52.869253 ], [ -7.24736, 52.878329 ], [ -7.220359, 52.877079 ], [ -7.204429, 52.890717 ], [ -7.189097, 52.893951 ] ] ] } },
{ "type": "Feature", "properties": { "local_authority": "Laois" }, "geometry": { "type": "Polygon", "coordinates": [ [ [ -7.374946, 53.210107 ], [ -7.360396, 53.208411 ], [ -7.359655, 53.202976 ], [ -7.353174, 53.197007 ], [ -7.333481, 53.186934 ], [ -7.317306, 53.169706 ], [ -7.33322, 53.169447 ], [ -7.321881, 53.15303 ], [ -7.322148, 53.148318 ], [ -7.31216, 53.139338 ], [ -7.300729, 53.134344 ], [ -7.285926, 53.137515 ], [ -7.272877, 53.135991 ], [ -7.269596, 53.140449 ], [ -7.262325, 53.137591 ], [ -7.259252, 53.14325 ], [ -7.248075, 53.143507 ], [ -7.245112, 53.139474 ], [ -7.2375, 53.139236 ], [ -7.225796, 53.150157 ], [ -7.216933, 53.149475 ], [ -7.199151, 53.155509 ], [ -7.192908, 53.161937 ], [ -7.192704, 53.167618 ], [ -7.18032, 53.174689 ], [ -7.175204, 53.166404 ], [ -7.176708, 53.160894 ], [ -7.171577, 53.157506 ], [ -7.152, 53.156588 ], [ -7.11541, 53.158447 ], [ -7.098981, 53.172445 ], [ -7.08417, 53.173156 ], [ -7.066154, 53.169415 ], [ -7.063317, 53.162024 ], [ -7.072997, 53.149299 ], [ -7.085778, 53.157842 ], [ -7.1005, 53.158157 ], [ -7.093286, 53.149769 ], [ -7.096537, 53.14061 ], [ -7.10299, 53.136005 ], [ -7.083502, 53.127718 ], [ -7.085244, 53.1252 ], [ -7.078333, 53.121639 ], [ -7.073327, 53.106948 ], [ -7.060733, 53.106365 ], [ -7.055465, 53.100667 ], [ -7.052921, 53.094014 ], [ -7.055521, 53.090146 ], [ -7.04515, 53.073399 ], [ -7.047421, 53.068479 ], [ -7.053871, 53.067278 ], [ -7.047816, 53.056646 ], [ -7.059748, 53.052597 ], [ -7.060082, 53.04371 ], [ -7.048236, 53.041942 ], [ -7.068645, 53.036144 ], [ -7.071866, 53.031176 ], [ -7.068714, 53.021254 ], [ -7.086337, 53.014226 ], [ -7.085254, 53.01082 ], [ -7.089815, 53.00706 ], [ -7.090139, 53.00141 ], [ -7.070985, 52.992856 ], [ -7.065422, 52.983133 ], [ -7.056171, 52.978505 ], [ -7.049398, 52.98079 ], [ -7.043131, 52.976956 ], [ -7.035122, 52.978716 ], [ -7.017634, 52.975249 ], [ -7.022802, 52.97057 ], [ -7.019928, 52.966122 ], [ -6.983453, 52.977851 ], [ -6.972339, 52.972019 ], [ -6.970467, 52.959231 ], [ -6.954852, 52.947373 ], [ -6.954325, 52.938713 ], [ -6.937989, 52.921058 ], [ -6.934084, 52.912295 ], [ -6.935757, 52.899925 ], [ -6.943379, 52.890843 ], [ -6.934092, 52.866355 ], [ -6.936758, 52.860923 ], [ -6.931943, 52.846394 ], [ -6.932797, 52.843541 ], [ -6.946084, 52.839589 ], [ -6.93756, 52.82874 ], [ -6.939221, 52.825798 ], [ -6.951907, 52.814819 ], [ -6.96537, 52.809451 ], [ -7.03994, 52.808115 ], [ -7.041663, 52.798104 ], [ -7.060312, 52.793149 ], [ -7.070269, 52.812759 ], [ -7.088899, 52.817278 ], [ -7.098796, 52.82692 ], [ -7.119871, 52.823928 ], [ -7.128622, 52.841122 ], [ -7.141329, 52.847854 ], [ -7.138698, 52.866993 ], [ -7.148644, 52.876274 ], [ -7.159468, 52.87079 ], [ -7.164258, 52.878389 ], [ -7.163156, 52.882234 ], [ -7.175358, 52.88342 ], [ -7.179908, 52.889618 ], [ -7.196441, 52.89395 ], [ -7.220359, 52.877079 ], [ -7.24736, 52.878329 ], [ -7.242832, 52.869253 ], [ -7.243278, 52.862788 ], [ -7.259647, 52.84904 ], [ -7.299112, 52.863608 ], [ -7.301867, 52.861663 ], [ -7.308614, 52.866287 ], [ -7.324322, 52.862267 ], [ -7.329556, 52.851707 ], [ -7.345329, 52.838984 ], [ -7.342733, 52.834915 ], [ -7.349956, 52.821168 ], [ -7.34751, 52.811687 ], [ -7.360082, 52.813874 ], [ -7.361279, 52.82841 ], [ -7.370405, 52.831781 ], [ -7.376691, 52.82883 ], [ -7.381063, 52.821422 ], [ -7.38863, 52.820081 ], [ -7.392648, 52.808119 ], [ -7.390603, 52.805293 ], [ -7.399013, 52.79569 ], [ -7.425881, 52.80405 ], [ -7.439088, 52.796283 ], [ -7.446686, 52.795418 ], [ -7.449068, 52.787069 ], [ -7.475997, 52.785629 ], [ -7.486317, 52.79201 ], [ -7.489524, 52.797574 ], [ -7.496091, 52.799221 ], [ -7.495052, 52.801123 ], [ -7.516816, 52.800669 ], [ -7.519337, 52.801983 ], [ -7.516042, 52.806631 ], [ -7.529237, 52.811293 ], [ -7.535129, 52.810036 ], [ -7.535078, 52.803241 ], [ -7.5474, 52.808229 ], [ -7.559513, 52.808658 ], [ -7.556689, 52.814413 ], [ -7.578587, 52.82872 ], [ -7.584094, 52.821948 ], [ -7.60016, 52.815471 ], [ -7.608954, 52.807143 ], [ -7.612779, 52.810568 ], [ -7.616756, 52.80943 ], [ -7.612078, 52.790036 ], [ -7.652895, 52.78934 ], [ -7.674205, 52.78127 ], [ -7.680461, 52.805522 ], [ -7.689623, 52.808089 ], [ -7.68857, 52.815825 ], [ -7.694762, 52.824765 ], [ -7.694322, 52.829322 ], [ -7.716425, 52.837475 ], [ -7.732172, 52.851975 ], [ -7.73465, 52.858362 ], [ -7.7174, 52.865191 ], [ -7.725242, 52.887961 ], [ -7.708732, 52.891474 ], [ -7.705817, 52.902275 ], [ -7.692132, 52.91137 ], [ -7.675959, 52.915411 ], [ -7.665233, 52.921703 ], [ -7.660285, 52.933669 ], [ -7.702183, 52.934069 ], [ -7.711248, 52.942181 ], [ -7.725311, 52.945378 ], [ -7.725516, 52.949371 ], [ -7.73017, 52.952774 ], [ -7.730678, 52.962666 ], [ -7.7175, 52.968851 ], [ -7.703298, 52.986105 ], [ -7.712274, 52.988614 ], [ -7.706735, 52.993623 ], [ -7.709203, 53.009318 ], [ -7.696869, 53.027112 ], [ -7.654402, 53.040681 ], [ -7.658373, 53.050743 ], [ -7.611304, 53.072994 ], [ -7.60016, 53.083915 ], [ -7.60363, 53.086545 ], [ -7.587723, 53.099838 ], [ -7.586516, 53.103682 ], [ -7.591418, 53.10601 ], [ -7.613372, 53.11126 ], [ -7.610774, 53.118641 ], [ -7.625185, 53.13008 ], [ -7.631923, 53.130811 ], [ -7.643701, 53.141689 ], [ -7.645949, 53.151768 ], [ -7.629471, 53.161862 ], [ -7.632515, 53.168 ], [ -7.629227, 53.168825 ], [ -7.607325, 53.172794 ], [ -7.593277, 53.171786 ], [ -7.578708, 53.175835 ], [ -7.547317, 53.17679 ], [ -7.532325, 53.184573 ], [ -7.493791, 53.190273 ], [ -7.487207, 53.196915 ], [ -7.453224, 53.186339 ], [ -7.432291, 53.186916 ], [ -7.426983, 53.193613 ], [ -7.431018, 53.205033 ], [ -7.42279, 53.209391 ], [ -7.415601, 53.208007 ], [ -7.405628, 53.212599 ], [ -7.391199, 53.207405 ], [ -7.379936, 53.215653 ], [ -7.374946, 53.210107 ] ] ] } },
{ "type": "Feature", "properties": { "local_authority": "Leitrim" }, "geometry": { "type": "Polygon", "coordinates": [ [ [ -8.329599, 54.474077 ], [ -8.304251, 54.471416 ], [ -8.304469, 54.468127 ], [ -8.298681, 54.463591 ], [ -8.282882, 54.464763 ], [ -8.259946, 54.459062 ], [ -8.254646, 54.462074 ], [ -8.234754, 54.461736 ], [ -8.231968, 54.470449 ], [ -8.224155, 54.469866 ], [ -8.220978, 54.472927 ], [ -8.170033, 54.464544 ], [ -8.167416, 54.459273 ], [ -8.142848, 54.45045 ], [ -8.150263, 54.443886 ], [ -8.16055, 54.443933 ], [ -8.158735, 54.439011 ], [ -8.084149, 54.397405 ], [ -8.064305, 54.373426 ], [ -8.056045, 54.36858 ], [ -8.057397, 54.365756 ], [ -8.039485, 54.36263 ], [ -8.0313, 54.3567 ], [ -8.02579, 54.359949 ], [ -8.016967, 54.356936 ], [ -8.00757, 54.361277 ], [ -8.000298, 54.358142 ], [ -7.99753, 54.355702 ], [ -8.001275, 54.350583 ], [ -7.999471, 54.347175 ], [ -7.986436, 54.344195 ], [ -7.982586, 54.336205 ], [ -7.972144, 54.330873 ], [ -7.963365, 54.32051 ], [ -7.961717, 54.312502 ], [ -7.946577, 54.30429 ], [ -7.97247, 54.284414 ], [ -7.974032, 54.273974 ], [ -8.003772, 54.249339 ], [ -8.041175, 54.254005 ], [ -8.054012, 54.242367 ], [ -8.058233, 54.236214 ], [ -8.049107, 54.230952 ], [ -8.043852, 54.222137 ], [ -8.039052, 54.22226 ], [ -8.032568, 54.212839 ], [ -8.035442, 54.206377 ], [ -8.045419, 54.203242 ], [ -8.050705, 54.197575 ], [ -8.045191, 54.193678 ], [ -8.047997, 54.187112 ], [ -8.042268, 54.183112 ], [ -8.030111, 54.187397 ], [ -8.029366, 54.190354 ], [ -8.023806, 54.186356 ], [ -8.005303, 54.192279 ], [ -7.999898, 54.185553 ], [ -7.985736, 54.179172 ], [ -7.952979, 54.1789 ], [ -7.94388, 54.170815 ], [ -7.92641, 54.166814 ], [ -7.923402, 54.16203 ], [ -7.916598, 54.161221 ], [ -7.912313, 54.154582 ], [ -7.90513, 54.153882 ], [ -7.901076, 54.147944 ], [ -7.888379, 54.141795 ], [ -7.893579, 54.135496 ], [ -7.881634, 54.131848 ], [ -7.882105, 54.127806 ], [ -7.875252, 54.123697 ], [ -7.851941, 54.119044 ], [ -7.858886, 54.11329 ], [ -7.82967, 54.100751 ], [ -7.831368, 54.098589 ], [ -7.822281, 54.09646 ], [ -7.813566, 54.100272 ], [ -7.811621, 54.101672 ], [ -7.816841, 54.104882 ], [ -7.814124, 54.10783 ], [ -7.7964, 54.116804 ], [ -7.785776, 54.107613 ], [ -7.763902, 54.109696 ], [ -7.75646, 54.10633 ], [ -7.757136, 54.10235 ], [ -7.751032, 54.102124 ], [ -7.750511, 54.095081 ], [ -7.737081, 54.093528 ], [ -7.736592, 54.082927 ], [ -7.708725, 54.084147 ], [ -7.698567, 54.072308 ], [ -7.687472, 54.068093 ], [ -7.684933, 54.06022 ], [ -7.676132, 54.059645 ], [ -7.672539, 54.055786 ], [ -7.66623, 54.058912 ], [ -7.657654, 54.056385 ], [ -7.654914, 54.042771 ], [ -7.649086, 54.040232 ], [ -7.643991, 54.04474 ], [ -7.637953, 54.042911 ], [ -7.635206, 54.039358 ], [ -7.646389, 54.03319 ], [ -7.646782, 54.027923 ], [ -7.642654, 54.027617 ], [ -7.640435, 54.022507 ], [ -7.612606, 54.018885 ], [ -7.61408, 54.025296 ], [ -7.611315, 54.026697 ], [ -7.601033, 54.023292 ], [ -7.593009, 54.016519 ], [ -7.601841, 54.012206 ], [ -7.593114, 54.00293 ], [ -7.594, 53.995125 ], [ -7.60044, 53.987691 ], [ -7.585055, 53.980889 ], [ -7.585507, 53.972647 ], [ -7.593725, 53.968671 ], [ -7.586079, 53.96232 ], [ -7.587256, 53.957567 ], [ -7.604774, 53.949931 ], [ -7.61343, 53.940384 ], [ -7.610287, 53.938364 ], [ -7.611782, 53.936289 ], [ -7.644132, 53.937924 ], [ -7.649612, 53.941864 ], [ -7.657674, 53.937388 ], [ -7.660729, 53.929319 ], [ -7.668213, 53.92824 ], [ -7.667369, 53.921413 ], [ -7.679912, 53.916967 ], [ -7.691103, 53.918463 ], [ -7.690615, 53.905871 ], [ -7.698834, 53.904687 ], [ -7.702837, 53.900376 ], [ -7.711396, 53.900282 ], [ -7.710675, 53.893468 ], [ -7.726252, 53.888183 ], [ -7.729422, 53.8796 ], [ -7.737751, 53.876182 ], [ -7.751166, 53.879247 ], [ -7.750576, 53.875528 ], [ -7.75816, 53.873636 ], [ -7.754517, 53.869139 ], [ -7.759843, 53.863507 ], [ -7.776822, 53.867579 ], [ -7.771108, 53.849494 ], [ -7.782147, 53.837253 ], [ -7.780248, 53.828912 ], [ -7.787659, 53.823124 ], [ -7.788281, 53.816363 ], [ -7.803111, 53.815161 ], [ -7.810916, 53.820378 ], [ -7.816998, 53.819708 ], [ -7.828346, 53.811561 ], [ -7.837105, 53.810832 ], [ -7.857054, 53.831461 ], [ -7.865428, 53.825103 ], [ -7.861116, 53.812447 ], [ -7.868407, 53.805968 ], [ -7.876442, 53.808446 ], [ -7.870515, 53.813932 ], [ -7.871882, 53.817515 ], [ -7.875546, 53.815326 ], [ -7.879073, 53.818306 ], [ -7.882449, 53.815239 ], [ -7.88516, 53.817401 ], [ -7.882757, 53.829097 ], [ -7.890634, 53.822986 ], [ -7.918767, 53.821486 ], [ -7.920956, 53.825433 ], [ -7.91797, 53.828537 ], [ -7.918746, 53.837515 ], [ -7.924093, 53.84108 ], [ -7.924417, 53.846451 ], [ -7.928581, 53.850471 ], [ -7.940375, 53.847543 ], [ -7.961616, 53.866968 ], [ -7.976554, 53.865688 ], [ -7.98121, 53.869847 ], [ -7.977537, 53.875591 ], [ -7.981583, 53.884449 ], [ -7.977299, 53.888065 ], [ -7.993727, 53.904145 ], [ -7.989354, 53.91573 ], [ -7.993896, 53.921442 ], [ -8.004541, 53.919479 ], [ -8.010643, 53.924135 ], [ -8.013056, 53.927553 ], [ -8.010793, 53.933297 ], [ -8.028041, 53.934812 ], [ -8.032679, 53.930769 ], [ -8.026391, 53.927347 ], [ -8.029784, 53.922368 ], [ -8.059554, 53.909757 ], [ -8.073982, 53.918604 ], [ -8.073086, 53.92373 ], [ -8.084652, 53.91988 ], [ -8.093582, 53.931119 ], [ -8.083081, 53.93589 ], [ -8.081576, 53.938868 ], [ -8.084399, 53.942715 ], [ -8.10012, 53.942783 ], [ -8.100803, 53.948967 ], [ -8.115509, 53.952822 ], [ -8.102782, 53.962993 ], [ -8.095122, 53.964949 ], [ -8.090489, 53.975912 ], [ -8.079081, 53.975723 ], [ -8.068548, 53.986974 ], [ -8.07885, 53.991574 ], [ -8.077471, 54.004476 ], [ -8.079905, 54.009185 ], [ -8.085375, 54.011108 ], [ -8.091507, 54.033794 ], [ -8.07889, 54.049134 ], [ -8.080469, 54.053004 ], [ -8.070458, 54.051258 ], [ -8.047567, 54.071589 ], [ -8.056971, 54.07828 ], [ -8.053148, 54.104687 ], [ -8.079087, 54.104577 ], [ -8.085544, 54.109696 ], [ -8.105524, 54.108928 ], [ -8.111045, 54.11429 ], [ -8.125583, 54.120062 ], [ -8.134738, 54.119816 ], [ -8.148062, 54.125239 ], [ -8.153886, 54.115753 ], [ -8.162009, 54.109736 ], [ -8.172342, 54.111708 ], [ -8.195768, 54.133497 ], [ -8.215961, 54.140417 ], [ -8.227446, 54.154754 ], [ -8.251203, 54.15927 ], [ -8.260298, 54.156977 ], [ -8.260829, 54.153186 ], [ -8.28134, 54.152621 ], [ -8.303456, 54.167094 ], [ -8.31368, 54.167124 ], [ -8.32324, 54.17501 ], [ -8.328391, 54.173282 ], [ -8.330311, 54.176499 ], [ -8.319076, 54.182652 ], [ -8.316755, 54.188833 ], [ -8.332301, 54.191705 ], [ -8.335379, 54.194959 ], [ -8.333615, 54.196868 ], [ -8.347668, 54.19928 ], [ -8.331939, 54.211967 ], [ -8.336411, 54.212592 ], [ -8.334376, 54.217394 ], [ -8.340798, 54.222919 ], [ -8.336057, 54.238762 ], [ -8.331576, 54.240108 ], [ -8.334389, 54.24848 ], [ -8.341564, 54.251523 ], [ -8.346729, 54.274403 ], [ -8.342936, 54.283559 ], [ -8.346288, 54.298811 ], [ -8.348707, 54.305002 ], [ -8.354338, 54.307589 ], [ -8.354854, 54.312641 ], [ -8.375911, 54.313867 ], [ -8.375056, 54.315972 ], [ -8.381634, 54.315608 ], [ -8.38978, 54.320307 ], [ -8.386136, 54.328843 ], [ -8.391006, 54.334403 ], [ -8.391776, 54.3501 ], [ -8.399445, 54.359996 ], [ -8.386936, 54.361503 ], [ -8.365053, 54.372 ], [ -8.366641, 54.374579 ], [ -8.359101, 54.396393 ], [ -8.348754, 54.404996 ], [ -8.346287, 54.412216 ], [ -8.349838, 54.415143 ], [ -8.344409, 54.421309 ], [ -8.353483, 54.424154 ], [ -8.371979, 54.422647 ], [ -8.390767, 54.428253 ], [ -8.398115, 54.427145 ], [ -8.392817, 54.420375 ], [ -8.398322, 54.417334 ], [ -8.419836, 54.414939 ], [ -8.427649, 54.421093 ], [ -8.408313, 54.430713 ], [ -8.409426, 54.440055 ], [ -8.40185, 54.445876 ], [ -8.378728, 54.451574 ], [ -8.373212, 54.450231 ], [ -8.372175, 54.455494 ], [ -8.378942, 54.457071 ], [ -8.382755, 54.465633 ], [ -8.357641, 54.467459 ], [ -8.344698, 54.471839 ], [ -8.335104, 54.470569 ], [ -8.329599, 54.474077 ] ] ] } },
{ "type": "Feature", "properties": { "local_authority": "Limerick" }, "geometry": { "type": "Polygon", "coordinates": [ [ [ -8.476028, 52.753497 ], [ -8.469597, 52.739053 ], [ -8.472937, 52.737618 ], [ -8.470125, 52.732488 ], [ -8.470168, 52.718139 ], [ -8.466917, 52.71772 ], [ -8.468393, 52.706995 ], [ -8.465033, 52.703763 ], [ -8.461842, 52.704975 ], [ -8.46544, 52.701801 ], [ -8.465319, 52.695903 ], [ -8.457202, 52.698559 ], [ -8.455249, 52.691737 ], [ -8.44957, 52.68657 ], [ -8.451645, 52.684654 ], [ -8.440503, 52.686013 ], [ -8.427741, 52.677902 ], [ -8.404838, 52.692124 ], [ -8.386819, 52.686948 ], [ -8.384737, 52.681354 ], [ -8.370055, 52.683765 ], [ -8.359215, 52.679313 ], [ -8.33932, 52.685906 ], [ -8.33754, 52.689213 ], [ -8.321697, 52.689547 ], [ -8.296576, 52.696316 ], [ -8.253072, 52.682418 ], [ -8.254343, 52.670091 ], [ -8.236969, 52.668924 ], [ -8.228829, 52.662005 ], [ -8.224393, 52.668292 ], [ -8.215541, 52.670903 ], [ -8.188884, 52.670408 ], [ -8.187862, 52.668148 ], [ -8.197629, 52.655245 ], [ -8.195138, 52.644647 ], [ -8.215349, 52.632825 ], [ -8.211167, 52.621322 ], [ -8.218959, 52.618107 ], [ -8.219325, 52.610446 ], [ -8.210764, 52.607813 ], [ -8.209175, 52.602084 ], [ -8.214265, 52.595058 ], [ -8.237476, 52.581751 ], [ -8.224353, 52.571885 ], [ -8.226662, 52.566607 ], [ -8.235531, 52.56238 ], [ -8.225798, 52.555057 ], [ -8.231353, 52.545036 ], [ -8.232619, 52.535738 ], [ -8.226088, 52.525906 ], [ -8.231746, 52.51514 ], [ -8.254219, 52.509805 ], [ -8.258857, 52.519965 ], [ -8.268953, 52.520671 ], [ -8.27177, 52.517074 ], [ -8.285765, 52.521553 ], [ -8.294234, 52.511856 ], [ -8.303942, 52.508789 ], [ -8.31126, 52.510705 ], [ -8.317759, 52.505994 ], [ -8.326173, 52.505298 ], [ -8.319769, 52.499466 ], [ -8.319778, 52.494743 ], [ -8.313621, 52.491149 ], [ -8.319457, 52.489111 ], [ -8.324042, 52.481159 ], [ -8.329934, 52.480334 ], [ -8.340005, 52.487746 ], [ -8.330643, 52.497042 ], [ -8.338819, 52.499646 ], [ -8.339327, 52.502894 ], [ -8.334907, 52.504299 ], [ -8.335347, 52.512782 ], [ -8.359921, 52.510803 ], [ -8.35974, 52.505144 ], [ -8.368191, 52.503228 ], [ -8.366284, 52.497833 ], [ -8.391222, 52.490685 ], [ -8.396039, 52.484254 ], [ -8.391096, 52.479908 ], [ -8.389392, 52.472461 ], [ -8.405916, 52.466561 ], [ -8.3938, 52.440445 ], [ -8.386383, 52.432814 ], [ -8.38069, 52.435668 ], [ -8.377969, 52.441831 ], [ -8.366826, 52.445516 ], [ -8.350659, 52.433688 ], [ -8.33013, 52.440418 ], [ -8.326925, 52.435302 ], [ -8.319934, 52.439592 ], [ -8.313281, 52.435141 ], [ -8.316315, 52.432463 ], [ -8.309592, 52.419968 ], [ -8.297111, 52.421079 ], [ -8.283988, 52.414368 ], [ -8.282323, 52.401042 ], [ -8.269422, 52.402672 ], [ -8.260028, 52.408178 ], [ -8.230843, 52.41032 ], [ -8.226353, 52.404131 ], [ -8.231381, 52.403058 ], [ -8.227207, 52.400971 ], [ -8.228499, 52.386058 ], [ -8.217333, 52.378334 ], [ -8.214787, 52.364498 ], [ -8.203194, 52.369757 ], [ -8.192709, 52.363862 ], [ -8.167976, 52.367855 ], [ -8.164266, 52.361072 ], [ -8.167822, 52.352437 ], [ -8.166747, 52.344969 ], [ -8.181331, 52.335018 ], [ -8.183, 52.330047 ], [ -8.177041, 52.321695 ], [ -8.16486, 52.318592 ], [ -8.165163, 52.305307 ], [ -8.156943, 52.301963 ], [ -8.165721, 52.293402 ], [ -8.183209, 52.287676 ], [ -8.195608, 52.287154 ], [ -8.206737, 52.294258 ], [ -8.249127, 52.297077 ], [ -8.252472, 52.294184 ], [ -8.273599, 52.291283 ], [ -8.28121, 52.285379 ], [ -8.297046, 52.294801 ], [ -8.299522, 52.302942 ], [ -8.311403, 52.316935 ], [ -8.310955, 52.324068 ], [ -8.330384, 52.319523 ], [ -8.333557, 52.320171 ], [ -8.333393, 52.327206 ], [ -8.34103, 52.329277 ], [ -8.362588, 52.319937 ], [ -8.363581, 52.308885 ], [ -8.381339, 52.304231 ], [ -8.386418, 52.294627 ], [ -8.441386, 52.292561 ], [ -8.451949, 52.287296 ], [ -8.516922, 52.280504 ], [ -8.542547, 52.289131 ], [ -8.558234, 52.307365 ], [ -8.564623, 52.306273 ], [ -8.575985, 52.310491 ], [ -8.582689, 52.305761 ], [ -8.58541, 52.307078 ], [ -8.609011, 52.327128 ], [ -8.610076, 52.329701 ], [ -8.605446, 52.332791 ], [ -8.616514, 52.339214 ], [ -8.625407, 52.338185 ], [ -8.623915, 52.342862 ], [ -8.627661, 52.346666 ], [ -8.642195, 52.345625 ], [ -8.644107, 52.348288 ], [ -8.653598, 52.347639 ], [ -8.65442, 52.352725 ], [ -8.661854, 52.351639 ], [ -8.663277, 52.359175 ], [ -8.668437, 52.359812 ], [ -8.673726, 52.367988 ], [ -8.671034, 52.372832 ], [ -8.674691, 52.37767 ], [ -8.672374, 52.383754 ], [ -8.706298, 52.375303 ], [ -8.709323, 52.37778 ], [ -8.724187, 52.371019 ], [ -8.734795, 52.370967 ], [ -8.749844, 52.379607 ], [ -8.758049, 52.377451 ], [ -8.761907, 52.382169 ], [ -8.781421, 52.387698 ], [ -8.78817, 52.37277 ], [ -8.79317, 52.37163 ], [ -8.799859, 52.380205 ], [ -8.799852, 52.38755 ], [ -8.820492, 52.384016 ], [ -8.827952, 52.376729 ], [ -8.828923, 52.37065 ], [ -8.846921, 52.371102 ], [ -8.851644, 52.367978 ], [ -8.849391, 52.363795 ], [ -8.851469, 52.35918 ], [ -8.865691, 52.353723 ], [ -8.867424, 52.349246 ], [ -8.87636, 52.35442 ], [ -8.882373, 52.345453 ], [ -8.881366, 52.339639 ], [ -8.88844, 52.337952 ], [ -8.882727, 52.331971 ], [ -8.898129, 52.330263 ], [ -8.910546, 52.324624 ], [ -8.962363, 52.31895 ], [ -8.986406, 52.310725 ], [ -8.985006, 52.303696 ], [ -8.974831, 52.292845 ], [ -8.982855, 52.291917 ], [ -8.993462, 52.294965 ], [ -8.995045, 52.299631 ], [ -9.005226, 52.307648 ], [ -9.033572, 52.322435 ], [ -9.045817, 52.320801 ], [ -9.065691, 52.32695 ], [ -9.070025, 52.331715 ], [ -9.112545, 52.333427 ], [ -9.136029, 52.344428 ], [ -9.139374, 52.333675 ], [ -9.155319, 52.32899 ], [ -9.161204, 52.320312 ], [ -9.175245, 52.319212 ], [ -9.174679, 52.311917 ], [ -9.209428, 52.306728 ], [ -9.217494, 52.298223 ], [ -9.23052, 52.303865 ], [ -9.240292, 52.321506 ], [ -9.276286, 52.331284 ], [ -9.300106, 52.332951 ], [ -9.314727, 52.348171 ], [ -9.330702, 52.355004 ], [ -9.339393, 52.353986 ], [ -9.347903, 52.361465 ], [ -9.343836, 52.367375 ], [ -9.318245, 52.373624 ], [ -9.302301, 52.381827 ], [ -9.303207, 52.388746 ], [ -9.31527, 52.39248 ], [ -9.314817, 52.397206 ], [ -9.336951, 52.40278 ], [ -9.341403, 52.407673 ], [ -9.327377, 52.423663 ], [ -9.307637, 52.428155 ], [ -9.304175, 52.434786 ], [ -9.314185, 52.435 ], [ -9.318919, 52.442448 ], [ -9.325665, 52.442676 ], [ -9.333303, 52.457137 ], [ -9.340013, 52.46261 ], [ -9.339172, 52.471286 ], [ -9.34328, 52.473099 ], [ -9.336486, 52.470479 ], [ -9.322366, 52.471615 ], [ -9.316122, 52.479513 ], [ -9.318369, 52.490725 ], [ -9.314915, 52.494374 ], [ -9.297233, 52.495918 ], [ -9.30532, 52.521615 ], [ -9.331517, 52.527212 ], [ -9.33128, 52.533019 ], [ -9.336136, 52.538914 ], [ -9.348342, 52.541483 ], [ -9.350343, 52.544958 ], [ -9.343552, 52.550062 ], [ -9.350515, 52.555005 ], [ -9.342552, 52.555832 ], [ -9.337732, 52.561821 ], [ -9.354592, 52.562056 ], [ -9.356887, 52.564122 ], [ -9.353697, 52.567402 ], [ -9.367459, 52.573616 ], [ -9.360111, 52.582811 ], [ -9.344824, 52.589544 ], [ -9.33819, 52.583154 ], [ -9.328417, 52.580401 ], [ -9.29468, 52.579724 ], [ -9.228829, 52.607974 ], [ -9.164801, 52.611433 ], [ -9.14922, 52.61487 ], [ -9.123287, 52.633523 ], [ -9.073008, 52.649673 ], [ -9.050844, 52.652115 ], [ -9.01755, 52.649775 ], [ -8.973014, 52.665928 ], [ -8.951758, 52.669684 ], [ -8.832206, 52.680455 ], [ -8.809915, 52.677201 ], [ -8.802689, 52.671779 ], [ -8.78939, 52.668785 ], [ -8.749839, 52.67603 ], [ -8.706652, 52.670986 ], [ -8.703765, 52.675561 ], [ -8.689135, 52.675706 ], [ -8.677149, 52.687952 ], [ -8.653918, 52.689986 ], [ -8.628881, 52.684122 ], [ -8.626259, 52.688433 ], [ -8.618386, 52.68893 ], [ -8.591655, 52.669462 ], [ -8.58155, 52.677751 ], [ -8.565408, 52.675976 ], [ -8.551232, 52.678561 ], [ -8.544057, 52.682481 ], [ -8.54221, 52.696573 ], [ -8.532847, 52.703847 ], [ -8.512712, 52.705161 ], [ -8.509926, 52.711913 ], [ -8.50213, 52.717812 ], [ -8.508004, 52.725729 ], [ -8.503623, 52.730897 ], [ -8.508523, 52.74196 ], [ -8.507248, 52.748902 ], [ -8.480079, 52.7574 ], [ -8.476028, 52.753497 ] ] ] } },
{ "type": "Feature", "properties": { "local_authority": "Longford" }, "geometry": { "type": "Polygon", "coordinates": [ [ [ -7.644132, 53.937924 ], [ -7.634527, 53.939414 ], [ -7.619758, 53.935386 ], [ -7.607699, 53.938567 ], [ -7.603129, 53.931221 ], [ -7.595766, 53.92832 ], [ -7.593538, 53.9212 ], [ -7.583099, 53.914255 ], [ -7.58547, 53.908685 ], [ -7.580197, 53.903139 ], [ -7.576638, 53.901741 ], [ -7.574919, 53.907492 ], [ -7.557196, 53.903943 ], [ -7.556454, 53.898139 ], [ -7.549856, 53.89292 ], [ -7.556835, 53.887959 ], [ -7.556012, 53.878599 ], [ -7.572066, 53.880065 ], [ -7.576397, 53.864974 ], [ -7.585067, 53.856912 ], [ -7.583507, 53.851122 ], [ -7.578171, 53.850004 ], [ -7.570822, 53.854518 ], [ -7.543235, 53.853491 ], [ -7.541308, 53.857626 ], [ -7.527961, 53.863665 ], [ -7.515011, 53.857193 ], [ -7.514648, 53.860111 ], [ -7.505167, 53.860257 ], [ -7.500638, 53.857229 ], [ -7.494457, 53.860349 ], [ -7.487493, 53.852277 ], [ -7.476752, 53.853625 ], [ -7.473448, 53.84796 ], [ -7.47641, 53.843164 ], [ -7.471469, 53.838498 ], [ -7.46583, 53.823379 ], [ -7.467027, 53.818169 ], [ -7.475502, 53.812228 ], [ -7.469715, 53.810718 ], [ -7.462149, 53.801299 ], [ -7.44928, 53.801081 ], [ -7.411261, 53.789824 ], [ -7.409969, 53.77905 ], [ -7.400527, 53.770461 ], [ -7.3847, 53.771248 ], [ -7.383218, 53.764223 ], [ -7.37721, 53.763478 ], [ -7.380233, 53.758375 ], [ -7.37574, 53.758327 ], [ -7.374921, 53.755561 ], [ -7.383779, 53.750898 ], [ -7.38575, 53.735141 ], [ -7.393634, 53.732328 ], [ -7.404366, 53.733613 ], [ -7.406434, 53.725904 ], [ -7.416394, 53.723959 ], [ -7.429609, 53.734932 ], [ -7.437981, 53.730876 ], [ -7.445001, 53.732139 ], [ -7.447503, 53.729035 ], [ -7.458698, 53.729754 ], [ -7.458737, 53.720409 ], [ -7.466381, 53.711895 ], [ -7.47342, 53.714783 ], [ -7.477081, 53.707723 ], [ -7.483232, 53.709523 ], [ -7.485535, 53.702187 ], [ -7.492686, 53.699452 ], [ -7.515869, 53.708509 ], [ -7.516992, 53.704973 ], [ -7.509487, 53.698883 ], [ -7.517622, 53.695489 ], [ -7.528264, 53.700052 ], [ -7.526398, 53.68988 ], [ -7.534947, 53.68507 ], [ -7.528599, 53.67439 ], [ -7.546292, 53.675622 ], [ -7.541938, 53.672035 ], [ -7.548603, 53.669352 ], [ -7.568323, 53.671301 ], [ -7.571204, 53.661614 ], [ -7.575317, 53.660098 ], [ -7.573798, 53.656252 ], [ -7.564689, 53.651873 ], [ -7.569109, 53.646456 ], [ -7.592483, 53.65705 ], [ -7.611524, 53.659685 ], [ -7.615, 53.648817 ], [ -7.606108, 53.648475 ], [ -7.570484, 53.635668 ], [ -7.564892, 53.629345 ], [ -7.569058, 53.627315 ], [ -7.569767, 53.622302 ], [ -7.559893, 53.613548 ], [ -7.576868, 53.610822 ], [ -7.589091, 53.614469 ], [ -7.605037, 53.609908 ], [ -7.608575, 53.605991 ], [ -7.601118, 53.59856 ], [ -7.603838, 53.595489 ], [ -7.619187, 53.589271 ], [ -7.627954, 53.591003 ], [ -7.631079, 53.587085 ], [ -7.630464, 53.579121 ], [ -7.649768, 53.562678 ], [ -7.660962, 53.558575 ], [ -7.656604, 53.551576 ], [ -7.657499, 53.539995 ], [ -7.661024, 53.533886 ], [ -7.670396, 53.530081 ], [ -7.705394, 53.538507 ], [ -7.719972, 53.535271 ], [ -7.722172, 53.527647 ], [ -7.735613, 53.529478 ], [ -7.745879, 53.526906 ], [ -7.759851, 53.535308 ], [ -7.785148, 53.538624 ], [ -7.795703, 53.536492 ], [ -7.820568, 53.544875 ], [ -7.836296, 53.538925 ], [ -7.857757, 53.549161 ], [ -7.893897, 53.542979 ], [ -7.914721, 53.5446 ], [ -7.921726, 53.542534 ], [ -7.939137, 53.527771 ], [ -7.96979, 53.521731 ], [ -7.98071, 53.551905 ], [ -8.015202, 53.581073 ], [ -8.035976, 53.607687 ], [ -8.034651, 53.643387 ], [ -8.021483, 53.657747 ], [ -8.014786, 53.662397 ], [ -8.003792, 53.66221 ], [ -7.999477, 53.669029 ], [ -7.98409, 53.680365 ], [ -7.982468, 53.690321 ], [ -7.987356, 53.699706 ], [ -7.97704, 53.701687 ], [ -7.965211, 53.71125 ], [ -7.954353, 53.710386 ], [ -7.95008, 53.712871 ], [ -7.944137, 53.728245 ], [ -7.947469, 53.737053 ], [ -7.939066, 53.738382 ], [ -7.931313, 53.733451 ], [ -7.920765, 53.733928 ], [ -7.917, 53.735876 ], [ -7.917548, 53.746979 ], [ -7.886221, 53.759583 ], [ -7.881969, 53.767252 ], [ -7.883448, 53.771502 ], [ -7.875845, 53.777396 ], [ -7.881199, 53.785633 ], [ -7.894087, 53.786287 ], [ -7.908894, 53.793687 ], [ -7.910749, 53.809786 ], [ -7.918767, 53.821486 ], [ -7.890634, 53.822986 ], [ -7.882757, 53.829097 ], [ -7.88516, 53.817401 ], [ -7.882449, 53.815239 ], [ -7.879073, 53.818306 ], [ -7.875546, 53.815326 ], [ -7.871882, 53.817515 ], [ -7.870515, 53.813932 ], [ -7.876442, 53.808446 ], [ -7.868407, 53.805968 ], [ -7.861116, 53.812447 ], [ -7.865428, 53.825103 ], [ -7.857054, 53.831461 ], [ -7.837105, 53.810832 ], [ -7.828346, 53.811561 ], [ -7.816998, 53.819708 ], [ -7.810916, 53.820378 ], [ -7.803111, 53.815161 ], [ -7.788281, 53.816363 ], [ -7.787659, 53.823124 ], [ -7.780248, 53.828912 ], [ -7.782147, 53.837253 ], [ -7.771108, 53.849494 ], [ -7.776822, 53.867579 ], [ -7.759843, 53.863507 ], [ -7.754517, 53.869139 ], [ -7.75816, 53.873636 ], [ -7.750576, 53.875528 ], [ -7.751166, 53.879247 ], [ -7.737751, 53.876182 ], [ -7.73225, 53.87807 ], [ -7.726252, 53.888183 ], [ -7.710675, 53.893468 ], [ -7.711396, 53.900282 ], [ -7.702837, 53.900376 ], [ -7.698834, 53.904687 ], [ -7.690615, 53.905871 ], [ -7.691103, 53.918463 ], [ -7.676629, 53.917379 ], [ -7.667369, 53.921413 ], [ -7.668213, 53.92824 ], [ -7.660729, 53.929319 ], [ -7.657674, 53.937388 ], [ -7.648442, 53.942062 ], [ -7.644132, 53.937924 ] ] ] } },
{ "type": "Feature", "properties": { "local_authority": "Louth" }, "geometry": { "type": "Polygon", "coordinates": [ [ [ -6.369864, 54.020569 ], [ -6.375748, 54.023406 ], [ -6.374282, 54.021118 ], [ -6.369586, 54.020296 ], [ -6.366022, 54.020922 ], [ -6.360002, 54.016461 ], [ -6.360653, 54.013922 ], [ -6.355984, 54.013481 ], [ -6.381103, 54.012704 ], [ -6.369971, 54.007356 ], [ -6.348789, 54.008322 ], [ -6.341542, 54.00421 ], [ -6.349499, 54.003451 ], [ -6.342807, 54.003489 ], [ -6.339605, 53.998227 ], [ -6.35008, 53.987224 ], [ -6.358456, 53.986277 ], [ -6.365584, 53.980573 ], [ -6.359998, 53.973386 ], [ -6.366712, 53.961424 ], [ -6.365661, 53.958275 ], [ -6.376195, 53.957073 ], [ -6.379446, 53.951448 ], [ -6.379399, 53.944007 ], [ -6.373001, 53.943797 ], [ -6.371942, 53.939703 ], [ -6.373943, 53.934898 ], [ -6.371698, 53.930495 ], [ -6.376046, 53.920229 ], [ -6.363995, 53.897766 ], [ -6.351738, 53.886694 ], [ -6.331073, 53.875868 ], [ -6.30408, 53.878703 ], [ -6.289751, 53.871481 ], [ -6.268215, 53.870968 ], [ -6.256229, 53.863746 ], [ -6.246612, 53.864504 ], [ -6.237923, 53.860668 ], [ -6.251255, 53.848798 ], [ -6.260522, 53.82749 ], [ -6.260209, 53.806749 ], [ -6.249318, 53.804055 ], [ -6.244628, 53.799621 ], [ -6.221713, 53.799097 ], [ -6.21633, 53.795922 ], [ -6.222596, 53.78988 ], [ -6.235416, 53.787481 ], [ -6.248547, 53.759029 ], [ -6.251522, 53.730856 ], [ -6.247098, 53.722454 ], [ -6.257458, 53.730637 ], [ -6.270006, 53.732144 ], [ -6.296205, 53.720813 ], [ -6.323151, 53.716322 ], [ -6.319642, 53.710602 ], [ -6.312333, 53.708064 ], [ -6.318356, 53.703281 ], [ -6.329641, 53.702493 ], [ -6.330965, 53.7072 ], [ -6.355166, 53.705556 ], [ -6.374074, 53.698492 ], [ -6.380408, 53.707452 ], [ -6.381079, 53.714515 ], [ -6.38893, 53.71461 ], [ -6.391902, 53.718902 ], [ -6.417932, 53.725636 ], [ -6.426673, 53.725026 ], [ -6.427854, 53.720685 ], [ -6.437134, 53.719284 ], [ -6.436834, 53.715431 ], [ -6.463648, 53.713318 ], [ -6.469941, 53.721346 ], [ -6.479428, 53.72251 ], [ -6.477844, 53.7246 ], [ -6.482719, 53.725716 ], [ -6.483975, 53.729885 ], [ -6.466525, 53.741006 ], [ -6.4589, 53.751131 ], [ -6.447628, 53.756993 ], [ -6.450756, 53.759536 ], [ -6.449675, 53.762868 ], [ -6.468589, 53.769972 ], [ -6.515267, 53.76654 ], [ -6.528651, 53.769266 ], [ -6.527659, 53.774196 ], [ -6.537207, 53.78018 ], [ -6.547818, 53.778024 ], [ -6.553065, 53.797973 ], [ -6.571471, 53.797171 ], [ -6.579901, 53.803118 ], [ -6.577079, 53.805487 ], [ -6.580105, 53.806415 ], [ -6.577453, 53.808417 ], [ -6.580482, 53.810809 ], [ -6.578777, 53.814019 ], [ -6.583564, 53.816378 ], [ -6.578817, 53.819192 ], [ -6.579541, 53.822629 ], [ -6.583251, 53.82903 ], [ -6.593574, 53.829825 ], [ -6.592061, 53.83218 ], [ -6.598759, 53.838416 ], [ -6.591637, 53.845029 ], [ -6.594966, 53.845652 ], [ -6.593538, 53.8515 ], [ -6.603467, 53.861581 ], [ -6.602051, 53.863378 ], [ -6.626323, 53.879815 ], [ -6.657037, 53.884336 ], [ -6.664883, 53.891575 ], [ -6.67884, 53.892993 ], [ -6.68428, 53.899886 ], [ -6.695226, 53.901752 ], [ -6.694696, 53.907919 ], [ -6.686371, 53.911952 ], [ -6.674272, 53.908836 ], [ -6.665393, 53.913394 ], [ -6.647347, 53.916057 ], [ -6.644787, 53.923814 ], [ -6.628636, 53.928328 ], [ -6.633433, 53.932919 ], [ -6.660285, 53.941638 ], [ -6.647991, 53.945866 ], [ -6.661904, 53.957786 ], [ -6.647227, 53.952865 ], [ -6.647968, 53.957086 ], [ -6.661295, 53.962504 ], [ -6.657697, 53.965379 ], [ -6.637613, 53.964621 ], [ -6.635548, 53.968625 ], [ -6.643027, 53.971383 ], [ -6.640004, 53.975385 ], [ -6.626473, 53.975527 ], [ -6.62483, 53.981064 ], [ -6.62764, 53.982132 ], [ -6.619808, 53.983934 ], [ -6.593142, 53.974598 ], [ -6.591003, 53.970527 ], [ -6.572561, 53.968992 ], [ -6.565657, 53.970888 ], [ -6.566801, 53.974086 ], [ -6.562327, 53.978733 ], [ -6.567886, 53.981773 ], [ -6.558554, 53.987749 ], [ -6.552814, 53.986557 ], [ -6.555922, 53.991071 ], [ -6.554554, 53.994358 ], [ -6.562739, 53.99913 ], [ -6.550962, 54.002879 ], [ -6.549728, 54.005854 ], [ -6.558206, 54.009711 ], [ -6.558319, 54.01545 ], [ -6.569347, 54.017339 ], [ -6.56363, 54.020289 ], [ -6.57161, 54.022507 ], [ -6.571227, 54.026793 ], [ -6.579236, 54.03019 ], [ -6.573578, 54.034118 ], [ -6.583789, 54.039623 ], [ -6.588218, 54.038929 ], [ -6.586078, 54.040645 ], [ -6.594915, 54.044594 ], [ -6.592965, 54.046309 ], [ -6.595674, 54.051994 ], [ -6.590933, 54.056124 ], [ -6.586579, 54.057565 ], [ -6.558011, 54.049293 ], [ -6.545408, 54.051489 ], [ -6.531929, 54.059656 ], [ -6.510518, 54.052683 ], [ -6.509839, 54.057464 ], [ -6.496551, 54.059247 ], [ -6.484338, 54.066756 ], [ -6.471298, 54.066335 ], [ -6.48154, 54.071999 ], [ -6.477764, 54.077134 ], [ -6.46208, 54.070575 ], [ -6.456124, 54.072543 ], [ -6.443515, 54.056466 ], [ -6.433481, 54.061018 ], [ -6.429694, 54.058355 ], [ -6.411857, 54.063038 ], [ -6.39156, 54.058763 ], [ -6.382749, 54.068483 ], [ -6.363552, 54.072609 ], [ -6.362293, 54.079308 ], [ -6.366123, 54.093892 ], [ -6.362166, 54.097391 ], [ -6.366612, 54.102081 ], [ -6.366434, 54.113621 ], [ -6.354815, 54.110485 ], [ -6.349094, 54.113948 ], [ -6.339937, 54.11191 ], [ -6.334505, 54.105009 ], [ -6.336374, 54.094713 ], [ -6.317903, 54.090956 ], [ -6.309041, 54.106722 ], [ -6.290899, 54.112664 ], [ -6.281284, 54.111224 ], [ -6.268004, 54.102145 ], [ -6.26841, 54.099544 ], [ -6.245804, 54.077486 ], [ -6.196524, 54.057317 ], [ -6.185292, 54.041047 ], [ -6.177978, 54.042337 ], [ -6.172369, 54.037226 ], [ -6.147564, 54.027209 ], [ -6.131701, 54.034747 ], [ -6.128215, 54.019701 ], [ -6.110554, 54.008786 ], [ -6.103011, 54.000147 ], [ -6.133053, 53.986832 ], [ -6.140188, 53.97934 ], [ -6.148025, 53.981701 ], [ -6.16499, 53.976995 ], [ -6.173992, 53.979884 ], [ -6.186938, 53.978535 ], [ -6.229138, 53.986819 ], [ -6.239932, 53.984339 ], [ -6.239921, 53.987124 ], [ -6.269475, 53.994798 ], [ -6.307328, 54.011952 ], [ -6.320708, 54.014115 ], [ -6.352378, 54.011409 ], [ -6.348257, 54.014042 ], [ -6.358888, 54.019467 ], [ -6.365328, 54.031227 ], [ -6.371132, 54.02948 ], [ -6.364172, 54.022839 ], [ -6.369864, 54.020569 ] ], [ [ -6.372402, 54.024725 ], [ -6.373865, 54.026138 ], [ -6.378566, 54.027672 ], [ -6.373967, 54.026107 ], [ -6.372402, 54.024725 ] ], [ [ -6.372903, 54.024251 ], [ -6.372859, 54.024192 ], [ -6.372402, 54.024725 ], [ -6.372903, 54.024251 ] ] ] } },
{ "type": "Feature", "properties": { "local_authority": "Mayo" }, "geometry": { "type": "MultiPolygon", "coordinates": [ [ [ [ -10.070566, 53.681275 ], [ -10.07317, 53.67935 ], [ -10.076655, 53.681384 ], [ -10.070566, 53.681275 ] ] ], [ [ [ -10.134081, 53.689687 ], [ -10.135186, 53.690009 ], [ -10.132837, 53.690197 ], [ -10.134081, 53.689687 ] ] ], [ [ [ -10.137842, 53.694373 ], [ -10.139027, 53.694506 ], [ -10.137785, 53.695398 ], [ -10.137842, 53.694373 ] ] ], [ [ [ -10.092644, 53.715002 ], [ -10.081511, 53.7092 ], [ -10.092372, 53.705993 ], [ -10.087587, 53.699204 ], [ -10.091468, 53.697079 ], [ -10.102325, 53.694269 ], [ -10.113058, 53.695603 ], [ -10.130201, 53.690315 ], [ -10.136789, 53.690997 ], [ -10.136965, 53.695602 ], [ -10.133299, 53.696695 ], [ -10.139699, 53.697576 ], [ -10.136341, 53.697714 ], [ -10.1352, 53.702151 ], [ -10.123882, 53.705229 ], [ -10.126006, 53.711405 ], [ -10.10456, 53.709071 ], [ -10.092644, 53.715002 ] ] ], [ [ [ -10.043952, 53.710956 ], [ -10.045307, 53.711884 ], [ -10.041384, 53.711363 ], [ -10.043952, 53.710956 ] ] ], [ [ [ -10.021601, 53.715133 ], [ -10.036286, 53.716739 ], [ -10.03877, 53.720689 ], [ -10.027079, 53.719342 ], [ -10.021601, 53.715133 ] ] ], [ [ [ -9.999972, 53.76176 ], [ -10.00048, 53.762028 ], [ -9.999593, 53.762 ], [ -9.999972, 53.76176 ] ] ], [ [ [ -10.053571, 53.914718 ], [ -10.05065, 53.914914 ], [ -10.052395, 53.913285 ], [ -10.053571, 53.914718 ] ] ], [ [ [ -10.055792, 53.917964 ], [ -10.055856, 53.917131 ], [ -10.057041, 53.917293 ], [ -10.055792, 53.917964 ] ] ], [ [ [ -10.029584, 53.919574 ], [ -10.029824, 53.919044 ], [ -10.030654, 53.918942 ], [ -10.029584, 53.919574 ] ] ], [ [ [ -9.974819, 54.030084 ], [ -9.943097, 54.010962 ], [ -9.937613, 54.006439 ], [ -9.939994, 54.002354 ], [ -9.92878, 53.995172 ], [ -9.936587, 53.993548 ], [ -9.936102, 53.991068 ], [ -9.958409, 53.990236 ], [ -9.94993, 53.982201 ], [ -9.956031, 53.977788 ], [ -9.953109, 53.975038 ], [ -9.95831, 53.974365 ], [ -9.958783, 53.972801 ], [ -9.961342, 53.971816 ], [ -9.961667, 53.97084 ], [ -9.954985, 53.973417 ], [ -9.951869, 53.962808 ], [ -9.960487, 53.956791 ], [ -9.957813, 53.951193 ], [ -9.966049, 53.952665 ], [ -9.969843, 53.950855 ], [ -9.952474, 53.950454 ], [ -9.94519, 53.946665 ], [ -9.943727, 53.949089 ], [ -9.956538, 53.953163 ], [ -9.939644, 53.960576 ], [ -9.945534, 53.964928 ], [ -9.928824, 53.960908 ], [ -9.92145, 53.962265 ], [ -9.922622, 53.964676 ], [ -9.914382, 53.96354 ], [ -9.927807, 53.95356 ], [ -9.920364, 53.9535 ], [ -9.925891, 53.952149 ], [ -9.925119, 53.940003 ], [ -9.931358, 53.936153 ], [ -9.933046, 53.940142 ], [ -9.934951, 53.940826 ], [ -9.935269, 53.936099 ], [ -9.93953, 53.935609 ], [ -9.936903, 53.933353 ], [ -9.939045, 53.930646 ], [ -9.922439, 53.932464 ], [ -9.927949, 53.92589 ], [ -9.940956, 53.922185 ], [ -9.940394, 53.919239 ], [ -9.932663, 53.921162 ], [ -9.931139, 53.91737 ], [ -9.939944, 53.913639 ], [ -9.9478, 53.91564 ], [ -9.948886, 53.917666 ], [ -9.951253, 53.91856 ], [ -9.948412, 53.915212 ], [ -9.957837, 53.910072 ], [ -9.941665, 53.90884 ], [ -9.93664, 53.898675 ], [ -9.948996, 53.877619 ], [ -9.945873, 53.875019 ], [ -9.962531, 53.8744 ], [ -9.976808, 53.884566 ], [ -9.983123, 53.885019 ], [ -9.982816, 53.888233 ], [ -9.991262, 53.888655 ], [ -9.993818, 53.893835 ], [ -10.001913, 53.89726 ], [ -9.99321, 53.903194 ], [ -10.009706, 53.910006 ], [ -10.007363, 53.910972 ], [ -10.010057, 53.910391 ], [ -10.008266, 53.91174 ], [ -10.009704, 53.912826 ], [ -10.016089, 53.911941 ], [ -10.015861, 53.91598 ], [ -10.020164, 53.916552 ], [ -10.018866, 53.921076 ], [ -10.023551, 53.917841 ], [ -10.026693, 53.921609 ], [ -10.038176, 53.914206 ], [ -10.055369, 53.917395 ], [ -10.053047, 53.9219 ], [ -10.057869, 53.925172 ], [ -10.052935, 53.927508 ], [ -10.051175, 53.935615 ], [ -10.055968, 53.937896 ], [ -10.052249, 53.939383 ], [ -10.049838, 53.944397 ], [ -10.052349, 53.94591 ], [ -10.048364, 53.948037 ], [ -10.052274, 53.953655 ], [ -10.044881, 53.956856 ], [ -10.045251, 53.959569 ], [ -10.068968, 53.972391 ], [ -10.086035, 53.971952 ], [ -10.10094, 53.962859 ], [ -10.109356, 53.966226 ], [ -10.116293, 53.960744 ], [ -10.119271, 53.969628 ], [ -10.125095, 53.973515 ], [ -10.155207, 53.965379 ], [ -10.19007, 53.969777 ], [ -10.194831, 53.966264 ], [ -10.188535, 53.960682 ], [ -10.212441, 53.965635 ], [ -10.222407, 53.974357 ], [ -10.23394, 53.974743 ], [ -10.237997, 53.979657 ], [ -10.251394, 53.975504 ], [ -10.257247, 53.974196 ], [ -10.259332, 53.974672 ], [ -10.238271, 53.982369 ], [ -10.219443, 53.982548 ], [ -10.212603, 53.979723 ], [ -10.208519, 53.981892 ], [ -10.188624, 53.995031 ], [ -10.185357, 54.003665 ], [ -10.191296, 54.006493 ], [ -10.187881, 54.010462 ], [ -10.19067, 54.013813 ], [ -10.187556, 54.015762 ], [ -10.171371, 54.00737 ], [ -10.145132, 54.008624 ], [ -10.144119, 54.001951 ], [ -10.133411, 53.999109 ], [ -10.127712, 54.002403 ], [ -10.099614, 54.001308 ], [ -10.098309, 54.009491 ], [ -10.090334, 54.010762 ], [ -10.084222, 54.01452 ], [ -10.084699, 54.017318 ], [ -10.06968, 54.024854 ], [ -10.042919, 54.024462 ], [ -10.027147, 54.011594 ], [ -10.013453, 54.01685 ], [ -10.012059, 54.014552 ], [ -10.001281, 54.016124 ], [ -9.988077, 54.012273 ], [ -9.98871, 54.019782 ], [ -9.979454, 54.020971 ], [ -9.974819, 54.030084 ] ] ], [ [ [ -10.096317, 53.957243 ], [ -10.101921, 53.95779 ], [ -10.103172, 53.95757 ], [ -10.098892, 53.959559 ], [ -10.096317, 53.957243 ] ] ], [ [ [ -10.162255, 53.960052 ], [ -10.164849, 53.959547 ], [ -10.162767, 53.960964 ], [ -10.162255, 53.960052 ] ] ], [ [ [ -10.156565, 53.96258 ], [ -10.15567, 53.963919 ], [ -10.154883, 53.963685 ], [ -10.156565, 53.96258 ] ] ], [ [ [ -10.186358, 54.072165 ], [ -10.184374, 54.072918 ], [ -10.186161, 54.071241 ], [ -10.186358, 54.072165 ] ] ], [ [ [ -10.163844, 54.076937 ], [ -10.162373, 54.073336 ], [ -10.170691, 54.07228 ], [ -10.16923, 54.070543 ], [ -10.173798, 54.070198 ], [ -10.183568, 54.073305 ], [ -10.179367, 54.073028 ], [ -10.170631, 54.079332 ], [ -10.163844, 54.076937 ] ] ], [ [ [ -10.140428, 54.077731 ], [ -10.139592, 54.077734 ], [ -10.139723, 54.077327 ], [ -10.140428, 54.077731 ] ] ], [ [ [ -10.141898, 54.077087 ], [ -10.154104, 54.075778 ], [ -10.158647, 54.077269 ], [ -10.148422, 54.08034 ], [ -10.141898, 54.077087 ] ] ], [ [ [ -10.139316, 54.088576 ], [ -10.13668, 54.08726 ], [ -10.140545, 54.088553 ], [ -10.139316, 54.088576 ] ] ], [ [ [ -10.128551, 54.089243 ], [ -10.128836, 54.08798 ], [ -10.1304, 54.088528 ], [ -10.128551, 54.089243 ] ] ], [ [ [ -10.234462, 54.102916 ], [ -10.236274, 54.103755 ], [ -10.233995, 54.103203 ], [ -10.234462, 54.102916 ] ] ], [ [ [ -10.205214, 54.114984 ], [ -10.216941, 54.11474 ], [ -10.225818, 54.112002 ], [ -10.224909, 54.108453 ], [ -10.233485, 54.103764 ], [ -10.238467, 54.105253 ], [ -10.2335, 54.106653 ], [ -10.23508, 54.108531 ], [ -10.226993, 54.109026 ], [ -10.23445, 54.111671 ], [ -10.227419, 54.111666 ], [ -10.231144, 54.11451 ], [ -10.220612, 54.116035 ], [ -10.220391, 54.119708 ], [ -10.211181, 54.12429 ], [ -10.205297, 54.123515 ], [ -10.208197, 54.117623 ], [ -10.205214, 54.114984 ] ] ], [ [ [ -10.202554, 54.118734 ], [ -10.203804, 54.119732 ], [ -10.200662, 54.119725 ], [ -10.202554, 54.118734 ] ] ], [ [ [ -10.198842, 54.144653 ], [ -10.184417, 54.136765 ], [ -10.185758, 54.131837 ], [ -10.178079, 54.129695 ], [ -10.194682, 54.13154 ], [ -10.202715, 54.124623 ], [ -10.207985, 54.125612 ], [ -10.202181, 54.1288 ], [ -10.208001, 54.128667 ], [ -10.206426, 54.131044 ], [ -10.211094, 54.133025 ], [ -10.202157, 54.133011 ], [ -10.208849, 54.136058 ], [ -10.208797, 54.138792 ], [ -10.200173, 54.141103 ], [ -10.209026, 54.146854 ], [ -10.195943, 54.146612 ], [ -10.198842, 54.144653 ] ] ], [ [ [ -10.192503, 54.154375 ], [ -10.196466, 54.153045 ], [ -10.198818, 54.15419 ], [ -10.192503, 54.154375 ] ] ], [ [ [ -10.191523, 54.158051 ], [ -10.195179, 54.156414 ], [ -10.198201, 54.156131 ], [ -10.195636, 54.158006 ], [ -10.191523, 54.158051 ] ] ], [ [ [ -10.19455, 54.159235 ], [ -10.19532, 54.15936 ], [ -10.194283, 54.159557 ], [ -10.19455, 54.159235 ] ] ], [ [ [ -10.185549, 54.160169 ], [ -10.190182, 54.158822 ], [ -10.188334, 54.160005 ], [ -10.185549, 54.160169 ] ] ], [ [ [ -10.193637, 54.159896 ], [ -10.190206, 54.161422 ], [ -10.183274, 54.161303 ], [ -10.186771, 54.160741 ], [ -10.187099, 54.160376 ], [ -10.188584, 54.159934 ], [ -10.189308, 54.15947 ], [ -10.18972, 54.159453 ], [ -10.190791, 54.158799 ], [ -10.193637, 54.159896 ] ] ], [ [ [ -10.148026, 54.196582 ], [ -10.149735, 54.196431 ], [ -10.149512, 54.197105 ], [ -10.148026, 54.196582 ] ] ], [ [ [ -10.145007, 54.196614 ], [ -10.143376, 54.197039 ], [ -10.142481, 54.196029 ], [ -10.145007, 54.196614 ] ] ], [ [ [ -10.145667, 54.196963 ], [ -10.146553, 54.197562 ], [ -10.144232, 54.19748 ], [ -10.145667, 54.196963 ] ] ], [ [ [ -10.155101, 54.199579 ], [ -10.154855, 54.197597 ], [ -10.156859, 54.198871 ], [ -10.155101, 54.199579 ] ] ], [ [ [ -10.140163, 54.201476 ], [ -10.132662, 54.200721 ], [ -10.140838, 54.200026 ], [ -10.140163, 54.201476 ] ] ], [ [ [ -10.124111, 54.202644 ], [ -10.126792, 54.200901 ], [ -10.128802, 54.203163 ], [ -10.128337, 54.203454 ], [ -10.124111, 54.202644 ] ] ], [ [ [ -10.13957, 54.201931 ], [ -10.13864, 54.203881 ], [ -10.135826, 54.202892 ], [ -10.136357, 54.201536 ], [ -10.13957, 54.201931 ] ] ], [ [ [ -10.128231, 54.206161 ], [ -10.126421, 54.20717 ], [ -10.125221, 54.206519 ], [ -10.128231, 54.206161 ] ] ], [ [ [ -10.132579, 54.214787 ], [ -10.12624, 54.210085 ], [ -10.118902, 54.208178 ], [ -10.135731, 54.210806 ], [ -10.132579, 54.214787 ] ] ], [ [ [ -10.093734, 54.282234 ], [ -10.089478, 54.284269 ], [ -10.087157, 54.28204 ], [ -10.093734, 54.282234 ] ] ], [ [ [ -10.005883, 54.307447 ], [ -10.005875, 54.306731 ], [ -10.006492, 54.307257 ], [ -10.005883, 54.307447 ] ] ], [ [ [ -9.777973, 53.600982 ], [ -9.77806, 53.601204 ], [ -9.777852, 53.601226 ], [ -9.777973, 53.600982 ] ] ], [ [ [ -9.752739, 53.604587 ], [ -9.753102, 53.604597 ], [ -9.752794, 53.604714 ], [ -9.752739, 53.604587 ] ] ], [ [ [ -9.882002, 53.634438 ], [ -9.880676, 53.634049 ], [ -9.884015, 53.634255 ], [ -9.882002, 53.634438 ] ] ], [ [ [ -9.88841, 53.645739 ], [ -9.887939, 53.645388 ], [ -9.88851, 53.645423 ], [ -9.88841, 53.645739 ] ] ], [ [ [ -9.997478, 53.761844 ], [ -9.998215, 53.760885 ], [ -9.999039, 53.761693 ], [ -9.997478, 53.761844 ] ] ], [ [ [ -9.972167, 53.791567 ], [ -9.972331, 53.791618 ], [ -9.972089, 53.791669 ], [ -9.972167, 53.791567 ] ] ], [ [ [ -9.978598, 53.828412 ], [ -9.963541, 53.812841 ], [ -9.944173, 53.811084 ], [ -9.942508, 53.807135 ], [ -9.952089, 53.802383 ], [ -9.95051, 53.797877 ], [ -9.984993, 53.790489 ], [ -10.01683, 53.789462 ], [ -10.023249, 53.792024 ], [ -10.030971, 53.789507 ], [ -10.05094, 53.789135 ], [ -10.051649, 53.790544 ], [ -10.044707, 53.795005 ], [ -10.047334, 53.795778 ], [ -10.044109, 53.797855 ], [ -10.049337, 53.801987 ], [ -10.045026, 53.804683 ], [ -10.035205, 53.804898 ], [ -10.036041, 53.806727 ], [ -10.023672, 53.810979 ], [ -9.996796, 53.814209 ], [ -9.985141, 53.828247 ], [ -9.978598, 53.828412 ] ] ], [ [ [ -9.967318, 53.871111 ], [ -9.943898, 53.867774 ], [ -9.947953, 53.865042 ], [ -9.943973, 53.862923 ], [ -9.943204, 53.857897 ], [ -9.957935, 53.861557 ], [ -9.952504, 53.863175 ], [ -9.955051, 53.863805 ], [ -9.953508, 53.865731 ], [ -9.966472, 53.866196 ], [ -9.962533, 53.867102 ], [ -9.967318, 53.871111 ] ] ], [ [ [ -9.711763, 53.873692 ], [ -9.703311, 53.875248 ], [ -9.709004, 53.873196 ], [ -9.711763, 53.873692 ] ] ], [ [ [ -9.685398, 53.876815 ], [ -9.683874, 53.876679 ], [ -9.68757, 53.876334 ], [ -9.685398, 53.876815 ] ] ], [ [ [ -9.69934, 53.878849 ], [ -9.694733, 53.879616 ], [ -9.694604, 53.879298 ], [ -9.69934, 53.878849 ] ] ], [ [ [ -9.690645, 53.880219 ], [ -9.688773, 53.879859 ], [ -9.691683, 53.880037 ], [ -9.690645, 53.880219 ] ] ], [ [ [ -9.726458, 53.881157 ], [ -9.729089, 53.881527 ], [ -9.725662, 53.881607 ], [ -9.726458, 53.881157 ] ] ], [ [ [ -9.705871, 53.880715 ], [ -9.709385, 53.880233 ], [ -9.712294, 53.882006 ], [ -9.710636, 53.883231 ], [ -9.705871, 53.880715 ] ] ], [ [ [ -9.686324, 53.884749 ], [ -9.691261, 53.883206 ], [ -9.694718, 53.88401 ], [ -9.686324, 53.884749 ] ] ], [ [ [ -9.725092, 53.884179 ], [ -9.73468, 53.88549 ], [ -9.723118, 53.891001 ], [ -9.725092, 53.884179 ] ] ], [ [ [ -9.705254, 53.885994 ], [ -9.711729, 53.889718 ], [ -9.701667, 53.887443 ], [ -9.705254, 53.885994 ] ] ], [ [ [ -9.697528, 53.89063 ], [ -9.696836, 53.890504 ], [ -9.700994, 53.890453 ], [ -9.697528, 53.89063 ] ] ], [ [ [ -9.690166, 53.892921 ], [ -9.696579, 53.890837 ], [ -9.698099, 53.894018 ], [ -9.697145, 53.894403 ], [ -9.690166, 53.892921 ] ] ], [ [ [ -9.703323, 53.894149 ], [ -9.709046, 53.893416 ], [ -9.712845, 53.894981 ], [ -9.705915, 53.895972 ], [ -9.703323, 53.894149 ] ] ], [ [ [ -9.686357, 53.895698 ], [ -9.69221, 53.894959 ], [ -9.69551, 53.895675 ], [ -9.68954, 53.897372 ], [ -9.686357, 53.895698 ] ] ], [ [ [ -9.686914, 53.897741 ], [ -9.684442, 53.897248 ], [ -9.688016, 53.897505 ], [ -9.686914, 53.897741 ] ] ], [ [ [ -9.771507, 53.900119 ], [ -9.776341, 53.899093 ], [ -9.772979, 53.900336 ], [ -9.771507, 53.900119 ] ] ], [ [ [ -9.835269, 53.965651 ], [ -9.821046, 53.961589 ], [ -9.816325, 53.963069 ], [ -9.818636, 53.961871 ], [ -9.813174, 53.95437 ], [ -9.8174, 53.949398 ], [ -9.822083, 53.951151 ], [ -9.821347, 53.957819 ], [ -9.835269, 53.965651 ] ] ], [ [ [ -9.807226, 53.95776 ], [ -9.804377, 53.961363 ], [ -9.801003, 53.96101 ], [ -9.802631, 53.959245 ], [ -9.800452, 53.957358 ], [ -9.807226, 53.95776 ] ] ], [ [ [ -9.843489, 53.960757 ], [ -9.842516, 53.961109 ], [ -9.842859, 53.959107 ], [ -9.843489, 53.960757 ] ] ], [ [ [ -9.848292, 53.962504 ], [ -9.850755, 53.961171 ], [ -9.850605, 53.962598 ], [ -9.848292, 53.962504 ] ] ], [ [ [ -9.853167, 53.983152 ], [ -9.855451, 53.9738 ], [ -9.871811, 53.968835 ], [ -9.870271, 53.976032 ], [ -9.866331, 53.976113 ], [ -9.876255, 53.989602 ], [ -9.865544, 53.989289 ], [ -9.867046, 53.993427 ], [ -9.86198, 53.995503 ], [ -9.853167, 53.983152 ] ] ], [ [ [ -9.890851, 54.00039 ], [ -9.893244, 53.984334 ], [ -9.896553, 53.988657 ], [ -9.894256, 53.991216 ], [ -9.905063, 53.99138 ], [ -9.90364, 53.987232 ], [ -9.909087, 53.987045 ], [ -9.908013, 53.992108 ], [ -9.913598, 53.994571 ], [ -9.912463, 53.987069 ], [ -9.908021, 53.985859 ], [ -9.916795, 53.985371 ], [ -9.924959, 53.995074 ], [ -9.914363, 54.000195 ], [ -9.896329, 54.000281 ], [ -9.884813, 54.003758 ], [ -9.886442, 54.000163 ], [ -9.890851, 54.00039 ] ] ], [ [ [ -9.869281, 53.997208 ], [ -9.867019, 53.993803 ], [ -9.870115, 53.992377 ], [ -9.871573, 53.994047 ], [ -9.869281, 53.997208 ] ] ], [ [ [ -9.87914, 54.005136 ], [ -9.883941, 54.004649 ], [ -9.88141, 54.006649 ], [ -9.87914, 54.005136 ] ] ], [ [ [ -9.875554, 54.007024 ], [ -9.877249, 54.006531 ], [ -9.877548, 54.006928 ], [ -9.875554, 54.007024 ] ] ], [ [ [ -9.901319, 54.220216 ], [ -9.902151, 54.218977 ], [ -9.903352, 54.219605 ], [ -9.901319, 54.220216 ] ] ], [ [ [ -9.958932, 54.27331 ], [ -9.959664, 54.272152 ], [ -9.959356, 54.273612 ], [ -9.958932, 54.27331 ] ] ], [ [ [ -9.998298, 54.307971 ], [ -9.995626, 54.30688 ], [ -10.001299, 54.306542 ], [ -9.998298, 54.307971 ] ] ], [ [ [ -9.860658, 54.326258 ], [ -9.868827, 54.327424 ], [ -9.865745, 54.329952 ], [ -9.860658, 54.326258 ] ] ], [ [ [ -9.78664, 54.363421 ], [ -9.786798, 54.365639 ], [ -9.784831, 54.364727 ], [ -9.78664, 54.363421 ] ] ], [ [ [ -9.788949, 54.367927 ], [ -9.787039, 54.366694 ], [ -9.790425, 54.366173 ], [ -9.788949, 54.367927 ] ] ], [ [ [ -9.789836, 54.367506 ], [ -9.790859, 54.367435 ], [ -9.790022, 54.368041 ], [ -9.789836, 54.367506 ] ] ], [ [ [ -9.791878, 54.367478 ], [ -9.792944, 54.368437 ], [ -9.790852, 54.36819 ], [ -9.791878, 54.367478 ] ] ], [ [ [ -9.67685, 53.611773 ], [ -9.676745, 53.611917 ], [ -9.676181, 53.611858 ], [ -9.67685, 53.611773 ] ] ], [ [ [ -9.639737, 53.789169 ], [ -9.6455, 53.787656 ], [ -9.641128, 53.789723 ], [ -9.639737, 53.789169 ] ] ], [ [ [ -9.654194, 53.795409 ], [ -9.648619, 53.800326 ], [ -9.648007, 53.797285 ], [ -9.654194, 53.795409 ] ] ], [ [ [ -9.643712, 53.798269 ], [ -9.6342, 53.799855 ], [ -9.634249, 53.798866 ], [ -9.643712, 53.798269 ] ] ], [ [ [ -9.649963, 53.801782 ], [ -9.647969, 53.803375 ], [ -9.645617, 53.801792 ], [ -9.649963, 53.801782 ] ] ], [ [ [ -9.657914, 53.804799 ], [ -9.655974, 53.806759 ], [ -9.652577, 53.80492 ], [ -9.652861, 53.804101 ], [ -9.657914, 53.804799 ] ] ], [ [ [ -9.659142, 53.808961 ], [ -9.657676, 53.809571 ], [ -9.656994, 53.808796 ], [ -9.659142, 53.808961 ] ] ], [ [ [ -9.6729, 53.812277 ], [ -9.665435, 53.808409 ], [ -9.66626, 53.806073 ], [ -9.6729, 53.812277 ] ] ], [ [ [ -9.656803, 53.812301 ], [ -9.65638, 53.813284 ], [ -9.65585, 53.813087 ], [ -9.656803, 53.812301 ] ] ], [ [ [ -9.645798, 53.818685 ], [ -9.635782, 53.816079 ], [ -9.648682, 53.818367 ], [ -9.645798, 53.818685 ] ] ], [ [ [ -9.657643, 53.821662 ], [ -9.65256, 53.826228 ], [ -9.646604, 53.82114 ], [ -9.657643, 53.821662 ] ] ], [ [ [ -9.669268, 53.828589 ], [ -9.665003, 53.831141 ], [ -9.661907, 53.829502 ], [ -9.670515, 53.826468 ], [ -9.67341, 53.830388 ], [ -9.669268, 53.828589 ] ] ], [ [ [ -9.632822, 53.828817 ], [ -9.629515, 53.827466 ], [ -9.64401, 53.829405 ], [ -9.633704, 53.833788 ], [ -9.635095, 53.836078 ], [ -9.652013, 53.835153 ], [ -9.632809, 53.838114 ], [ -9.627789, 53.830575 ], [ -9.632822, 53.828817 ] ] ], [ [ [ -9.678631, 53.832949 ], [ -9.679539, 53.833621 ], [ -9.67588, 53.832096 ], [ -9.678631, 53.832949 ] ] ], [ [ [ -9.659216, 53.832073 ], [ -9.655011, 53.83415 ], [ -9.651769, 53.832534 ], [ -9.653148, 53.831934 ], [ -9.659216, 53.832073 ] ] ], [ [ [ -9.652952, 53.840124 ], [ -9.656058, 53.840425 ], [ -9.654186, 53.840701 ], [ -9.652952, 53.840124 ] ] ], [ [ [ -9.657737, 53.839646 ], [ -9.679878, 53.834686 ], [ -9.671738, 53.839422 ], [ -9.670857, 53.842964 ], [ -9.666829, 53.843513 ], [ -9.670104, 53.839747 ], [ -9.674175, 53.837903 ], [ -9.656846, 53.845554 ], [ -9.648489, 53.846717 ], [ -9.660588, 53.843024 ], [ -9.657737, 53.839646 ] ] ], [ [ [ -9.626693, 53.844392 ], [ -9.645721, 53.841825 ], [ -9.634244, 53.845876 ], [ -9.626693, 53.844392 ] ] ], [ [ [ -9.641329, 53.846028 ], [ -9.645755, 53.847056 ], [ -9.636428, 53.846324 ], [ -9.641329, 53.846028 ] ] ], [ [ [ -9.659425, 53.848213 ], [ -9.647948, 53.85141 ], [ -9.643144, 53.850903 ], [ -9.659425, 53.848213 ] ] ], [ [ [ -9.673735, 53.847734 ], [ -9.669166, 53.847005 ], [ -9.661478, 53.848099 ], [ -9.66468, 53.846277 ], [ -9.675772, 53.846638 ], [ -9.67491, 53.84931 ], [ -9.667727, 53.85357 ], [ -9.666953, 53.849992 ], [ -9.673735, 53.847734 ] ] ], [ [ [ -9.650968, 53.852564 ], [ -9.655959, 53.852407 ], [ -9.657318, 53.852752 ], [ -9.650968, 53.852564 ] ] ], [ [ [ -9.669964, 53.859382 ], [ -9.669143, 53.857091 ], [ -9.672441, 53.857021 ], [ -9.669964, 53.859382 ] ] ], [ [ [ -9.653065, 53.858024 ], [ -9.651097, 53.856721 ], [ -9.658315, 53.856989 ], [ -9.650791, 53.860213 ], [ -9.653065, 53.858024 ] ] ], [ [ [ -9.637599, 53.859776 ], [ -9.632976, 53.861833 ], [ -9.628583, 53.860267 ], [ -9.632395, 53.85925 ], [ -9.637599, 53.859776 ] ] ], [ [ [ -9.656807, 53.865822 ], [ -9.65579, 53.866355 ], [ -9.65454, 53.86616 ], [ -9.656807, 53.865822 ] ] ], [ [ [ -9.637075, 53.87237 ], [ -9.639996, 53.872592 ], [ -9.637926, 53.872797 ], [ -9.637075, 53.87237 ] ] ], [ [ [ -9.653384, 53.873212 ], [ -9.655279, 53.873729 ], [ -9.652256, 53.873402 ], [ -9.653384, 53.873212 ] ] ], [ [ [ -9.67189, 53.873464 ], [ -9.674696, 53.873975 ], [ -9.671307, 53.873528 ], [ -9.67189, 53.873464 ] ] ], [ [ [ -9.641857, 53.874508 ], [ -9.648334, 53.87462 ], [ -9.640972, 53.874809 ], [ -9.641857, 53.874508 ] ] ], [ [ [ -9.65091, 53.876948 ], [ -9.655043, 53.876722 ], [ -9.656297, 53.878701 ], [ -9.65091, 53.876948 ] ] ], [ [ [ -9.676009, 53.879407 ], [ -9.673282, 53.878861 ], [ -9.679512, 53.879079 ], [ -9.676009, 53.879407 ] ] ], [ [ [ -9.644864, 53.88054 ], [ -9.647757, 53.880404 ], [ -9.650737, 53.880848 ], [ -9.649001, 53.881562 ], [ -9.644864, 53.88054 ] ] ], [ [ [ -9.681891, 53.883022 ], [ -9.678426, 53.882139 ], [ -9.684508, 53.8822 ], [ -9.681891, 53.883022 ] ] ], [ [ [ -9.651954, 53.883299 ], [ -9.656762, 53.882903 ], [ -9.659744, 53.883734 ], [ -9.651954, 53.883299 ] ] ], [ [ [ -9.645991, 53.885186 ], [ -9.640666, 53.885955 ], [ -9.640281, 53.885961 ], [ -9.645991, 53.885186 ] ] ], [ [ [ -9.66195, 53.886979 ], [ -9.664723, 53.885331 ], [ -9.671912, 53.885406 ], [ -9.667935, 53.887608 ], [ -9.66195, 53.886979 ] ] ], [ [ [ -9.64013, 53.886053 ], [ -9.626837, 53.887515 ], [ -9.633555, 53.886204 ], [ -9.64013, 53.886053 ] ] ], [ [ [ -9.683679, 53.888837 ], [ -9.674483, 53.890803 ], [ -9.670711, 53.888241 ], [ -9.683679, 53.888837 ] ] ], [ [ [ -9.67866, 53.893357 ], [ -9.682934, 53.893013 ], [ -9.684106, 53.893585 ], [ -9.67866, 53.893357 ] ] ], [ [ [ -9.582473, 53.782329 ], [ -9.584537, 53.782911 ], [ -9.586112, 53.78416 ], [ -9.58436, 53.783494 ], [ -9.582473, 53.782329 ] ] ], [ [ [ -9.60258, 53.782728 ], [ -9.599622, 53.78515 ], [ -9.598059, 53.783775 ], [ -9.60258, 53.782728 ] ] ], [ [ [ -9.587516, 53.787887 ], [ -9.585414, 53.78698 ], [ -9.588494, 53.787501 ], [ -9.587516, 53.787887 ] ] ], [ [ [ -9.577425, 53.795486 ], [ -9.574563, 53.795989 ], [ -9.573559, 53.794795 ], [ -9.574553, 53.794698 ], [ -9.577425, 53.795486 ] ] ], [ [ [ -9.569595, 53.799203 ], [ -9.567896, 53.799747 ], [ -9.56902, 53.797996 ], [ -9.569595, 53.799203 ] ] ], [ [ [ -9.603457, 53.800402 ], [ -9.604542, 53.800907 ], [ -9.604836, 53.801525 ], [ -9.603457, 53.800402 ] ] ], [ [ [ -9.616865, 53.801647 ], [ -9.616082, 53.801653 ], [ -9.616093, 53.801453 ], [ -9.616865, 53.801647 ] ] ], [ [ [ -9.626884, 53.804519 ], [ -9.630841, 53.803865 ], [ -9.635891, 53.804232 ], [ -9.631111, 53.806417 ], [ -9.626884, 53.804519 ] ] ], [ [ [ -9.620455, 53.810557 ], [ -9.619534, 53.810677 ], [ -9.617945, 53.810497 ], [ -9.620455, 53.810557 ] ] ], [ [ [ -9.638044, 53.813636 ], [ -9.63004, 53.812583 ], [ -9.625454, 53.809872 ], [ -9.638044, 53.813636 ] ] ], [ [ [ -9.623678, 53.811528 ], [ -9.624067, 53.812588 ], [ -9.622765, 53.811677 ], [ -9.623678, 53.811528 ] ] ], [ [ [ -9.627723, 53.815972 ], [ -9.630195, 53.816145 ], [ -9.629058, 53.816155 ], [ -9.627723, 53.815972 ] ] ], [ [ [ -9.631263, 53.820908 ], [ -9.623589, 53.818527 ], [ -9.632845, 53.819842 ], [ -9.631263, 53.820908 ] ] ], [ [ [ -9.6263, 53.838271 ], [ -9.625978, 53.837572 ], [ -9.626956, 53.837994 ], [ -9.6263, 53.838271 ] ] ], [ [ [ -9.632472, 53.842833 ], [ -9.632364, 53.841841 ], [ -9.634433, 53.842145 ], [ -9.632472, 53.842833 ] ] ], [ [ [ -9.627727, 53.846764 ], [ -9.631695, 53.847172 ], [ -9.633145, 53.847715 ], [ -9.631013, 53.848276 ], [ -9.627727, 53.846764 ] ] ], [ [ [ -9.620525, 53.848219 ], [ -9.617359, 53.847523 ], [ -9.62214, 53.847753 ], [ -9.620525, 53.848219 ] ] ], [ [ [ -9.625711, 53.848994 ], [ -9.626305, 53.848931 ], [ -9.626815, 53.848842 ], [ -9.626597, 53.84922 ], [ -9.625711, 53.848994 ] ] ], [ [ [ -9.605399, 53.850214 ], [ -9.624783, 53.850347 ], [ -9.604833, 53.85068 ], [ -9.605399, 53.850214 ] ] ], [ [ [ -9.631275, 53.854052 ], [ -9.623248, 53.852107 ], [ -9.633978, 53.853286 ], [ -9.631275, 53.854052 ] ] ], [ [ [ -9.62435, 53.854922 ], [ -9.62718, 53.85532 ], [ -9.623483, 53.855103 ], [ -9.62435, 53.854922 ] ] ], [ [ [ -9.606106, 53.858077 ], [ -9.611147, 53.854159 ], [ -9.615597, 53.855517 ], [ -9.612132, 53.859586 ], [ -9.606106, 53.858077 ] ] ], [ [ [ -9.592772, 53.861234 ], [ -9.607501, 53.861527 ], [ -9.60907, 53.862095 ], [ -9.592772, 53.861234 ] ] ], [ [ [ -9.618723, 53.860417 ], [ -9.620258, 53.861498 ], [ -9.616392, 53.860986 ], [ -9.618723, 53.860417 ] ] ], [ [ [ -9.581342, 53.862322 ], [ -9.586485, 53.861401 ], [ -9.589552, 53.862486 ], [ -9.586246, 53.864034 ], [ -9.581342, 53.862322 ] ] ], [ [ [ -9.621918, 53.865569 ], [ -9.624252, 53.864868 ], [ -9.626187, 53.865534 ], [ -9.621918, 53.865569 ] ] ], [ [ [ -9.628582, 53.866574 ], [ -9.630673, 53.866254 ], [ -9.635949, 53.866735 ], [ -9.633723, 53.867755 ], [ -9.628582, 53.866574 ] ] ], [ [ [ -9.632848, 53.869889 ], [ -9.62124, 53.871401 ], [ -9.615161, 53.870601 ], [ -9.632848, 53.869889 ] ] ], [ [ [ -9.588943, 53.874901 ], [ -9.587608, 53.870075 ], [ -9.596993, 53.871264 ], [ -9.588943, 53.874901 ] ] ], [ [ [ -9.599237, 53.877213 ], [ -9.594752, 53.876565 ], [ -9.606865, 53.876111 ], [ -9.599237, 53.877213 ] ] ], [ [ [ -9.629744, 53.876312 ], [ -9.630205, 53.877036 ], [ -9.625555, 53.876471 ], [ -9.629744, 53.876312 ] ] ], [ [ [ -9.593114, 53.8804 ], [ -9.599136, 53.87895 ], [ -9.600818, 53.879431 ], [ -9.593114, 53.8804 ] ] ], [ [ [ -9.621626, 53.880032 ], [ -9.623207, 53.878501 ], [ -9.628683, 53.878961 ], [ -9.62854, 53.880916 ], [ -9.621626, 53.880032 ] ] ], [ [ [ -9.609613, 53.882667 ], [ -9.612018, 53.882002 ], [ -9.619236, 53.881956 ], [ -9.613856, 53.88389 ], [ -9.609613, 53.882667 ] ] ], [ [ [ -9.622791, 53.888647 ], [ -9.619496, 53.888731 ], [ -9.615109, 53.887752 ], [ -9.618867, 53.886987 ], [ -9.622791, 53.888647 ] ] ], [ [ [ -9.576191, 53.891112 ], [ -9.577308, 53.89177 ], [ -9.575506, 53.891527 ], [ -9.576191, 53.891112 ] ] ], [ [ [ -9.60004, 53.891701 ], [ -9.599664, 53.891966 ], [ -9.598216, 53.891775 ], [ -9.60004, 53.891701 ] ] ], [ [ [ -9.784497, 54.340893 ], [ -9.778793, 54.343539 ], [ -9.783666, 54.33682 ], [ -9.782175, 54.331398 ], [ -9.774761, 54.33966 ], [ -9.772794, 54.334827 ], [ -9.753351, 54.340266 ], [ -9.754368, 54.334732 ], [ -9.748277, 54.336326 ], [ -9.747627, 54.330949 ], [ -9.741608, 54.32728 ], [ -9.722094, 54.328061 ], [ -9.722066, 54.325041 ], [ -9.710927, 54.323518 ], [ -9.71007, 54.316533 ], [ -9.710206, 54.320057 ], [ -9.704703, 54.323367 ], [ -9.703535, 54.320725 ], [ -9.696844, 54.321348 ], [ -9.696177, 54.318877 ], [ -9.684473, 54.316249 ], [ -9.665473, 54.319189 ], [ -9.664345, 54.314245 ], [ -9.660187, 54.313079 ], [ -9.656717, 54.317376 ], [ -9.645139, 54.317739 ], [ -9.646511, 54.319796 ], [ -9.640771, 54.324666 ], [ -9.636456, 54.319946 ], [ -9.625619, 54.325956 ], [ -9.625583, 54.323308 ], [ -9.617185, 54.325995 ], [ -9.612472, 54.321332 ], [ -9.599719, 54.324305 ], [ -9.600122, 54.320093 ], [ -9.592331, 54.32366 ], [ -9.582705, 54.319599 ], [ -9.577055, 54.323765 ], [ -9.574242, 54.320814 ], [ -9.564469, 54.321066 ], [ -9.56173, 54.319924 ], [ -9.561858, 54.313267 ], [ -9.551787, 54.310647 ], [ -9.546305, 54.316552 ], [ -9.533486, 54.317922 ], [ -9.531917, 54.315899 ], [ -9.53619, 54.311982 ], [ -9.521983, 54.31189 ], [ -9.517958, 54.309211 ], [ -9.505878, 54.310942 ], [ -9.499823, 54.317796 ], [ -9.504429, 54.317382 ], [ -9.500404, 54.320016 ], [ -9.490451, 54.315733 ], [ -9.478204, 54.317381 ], [ -9.45275, 54.306871 ], [ -9.448914, 54.311778 ], [ -9.438822, 54.308378 ], [ -9.431081, 54.311974 ], [ -9.393996, 54.309435 ], [ -9.389746, 54.306541 ], [ -9.388817, 54.301248 ], [ -9.391782, 54.299298 ], [ -9.383295, 54.29494 ], [ -9.376623, 54.296041 ], [ -9.372459, 54.302603 ], [ -9.374486, 54.30474 ], [ -9.368805, 54.308766 ], [ -9.361494, 54.3077 ], [ -9.363021, 54.312261 ], [ -9.346799, 54.318322 ], [ -9.344917, 54.321969 ], [ -9.348989, 54.326649 ], [ -9.345499, 54.328017 ], [ -9.328556, 54.318182 ], [ -9.264071, 54.309842 ], [ -9.251388, 54.301273 ], [ -9.248481, 54.295587 ], [ -9.252593, 54.286891 ], [ -9.250665, 54.28152 ], [ -9.255911, 54.279949 ], [ -9.253738, 54.269737 ], [ -9.242192, 54.271656 ], [ -9.241342, 54.276603 ], [ -9.249405, 54.280702 ], [ -9.22757, 54.278868 ], [ -9.22184, 54.286369 ], [ -9.215472, 54.288057 ], [ -9.206554, 54.275802 ], [ -9.216101, 54.261256 ], [ -9.214089, 54.253292 ], [ -9.219599, 54.245961 ], [ -9.235948, 54.238483 ], [ -9.231984, 54.237513 ], [ -9.242285, 54.238119 ], [ -9.250555, 54.233261 ], [ -9.257031, 54.233627 ], [ -9.260956, 54.230853 ], [ -9.258731, 54.229679 ], [ -9.265667, 54.228557 ], [ -9.267879, 54.225024 ], [ -9.254967, 54.228076 ], [ -9.254179, 54.231602 ], [ -9.251142, 54.230414 ], [ -9.241805, 54.235938 ], [ -9.235724, 54.235304 ], [ -9.237292, 54.233655 ], [ -9.233922, 54.232001 ], [ -9.221317, 54.238302 ], [ -9.215995, 54.245357 ], [ -9.195895, 54.247504 ], [ -9.192003, 54.239729 ], [ -9.198005, 54.229242 ], [ -9.20642, 54.225336 ], [ -9.20756, 54.228136 ], [ -9.201478, 54.232167 ], [ -9.202069, 54.234344 ], [ -9.206607, 54.234054 ], [ -9.20442, 54.232911 ], [ -9.218501, 54.226172 ], [ -9.21341, 54.225101 ], [ -9.21607, 54.222222 ], [ -9.21083, 54.223858 ], [ -9.213119, 54.220716 ], [ -9.216051, 54.219334 ], [ -9.218454, 54.222092 ], [ -9.224491, 54.216722 ], [ -9.215281, 54.218541 ], [ -9.21915, 54.212794 ], [ -9.208922, 54.208773 ], [ -9.205392, 54.211055 ], [ -9.194149, 54.207427 ], [ -9.182628, 54.208476 ], [ -9.175056, 54.205362 ], [ -9.173059, 54.201387 ], [ -9.161098, 54.202018 ], [ -9.15705, 54.195837 ], [ -9.166016, 54.191165 ], [ -9.14299, 54.182857 ], [ -9.146214, 54.176342 ], [ -9.139515, 54.169102 ], [ -9.143551, 54.168406 ], [ -9.140364, 54.166101 ], [ -9.141112, 54.162068 ], [ -9.124003, 54.159163 ], [ -9.121309, 54.155356 ], [ -9.10308, 54.14931 ], [ -9.105856, 54.144971 ], [ -9.09975, 54.142626 ], [ -9.084401, 54.145973 ], [ -9.056599, 54.142586 ], [ -9.052525, 54.156817 ], [ -9.041082, 54.157174 ], [ -9.031139, 54.15326 ], [ -9.028746, 54.154855 ], [ -9.030618, 54.157522 ], [ -9.022788, 54.162301 ], [ -9.019028, 54.157597 ], [ -8.997107, 54.150236 ], [ -8.936833, 54.143063 ], [ -8.939859, 54.138578 ], [ -8.947278, 54.138447 ], [ -8.945558, 54.132214 ], [ -8.935712, 54.131378 ], [ -8.93715, 54.127071 ], [ -8.923931, 54.125419 ], [ -8.916954, 54.118043 ], [ -8.935386, 54.106133 ], [ -8.959996, 54.102309 ], [ -8.953726, 54.093314 ], [ -8.955256, 54.089366 ], [ -8.970213, 54.085955 ], [ -8.965474, 54.073195 ], [ -8.983201, 54.068303 ], [ -9.014238, 54.052416 ], [ -9.016052, 54.03377 ], [ -9.010551, 54.030909 ], [ -9.019495, 54.027368 ], [ -9.018994, 54.025278 ], [ -8.995544, 54.023601 ], [ -8.983918, 54.026752 ], [ -8.974727, 54.024523 ], [ -8.967517, 54.031261 ], [ -8.964961, 54.025758 ], [ -8.946698, 54.016172 ], [ -8.943905, 54.00921 ], [ -8.923834, 54.008858 ], [ -8.895263, 54.022055 ], [ -8.88303, 54.022549 ], [ -8.88885, 54.007185 ], [ -8.878346, 53.997629 ], [ -8.880599, 53.991612 ], [ -8.876598, 53.988826 ], [ -8.863793, 53.989847 ], [ -8.862561, 53.980371 ], [ -8.853881, 53.973879 ], [ -8.811012, 53.965494 ], [ -8.790596, 53.965491 ], [ -8.782522, 53.966283 ], [ -8.781016, 53.974478 ], [ -8.754268, 53.976669 ], [ -8.75563, 53.98222 ], [ -8.751344, 53.982747 ], [ -8.738487, 53.994744 ], [ -8.725079, 53.987557 ], [ -8.713775, 53.987767 ], [ -8.701068, 54.005245 ], [ -8.679064, 54.010416 ], [ -8.675346, 54.018423 ], [ -8.682433, 54.029677 ], [ -8.664467, 54.031626 ], [ -8.661266, 54.036345 ], [ -8.64737, 54.039017 ], [ -8.647441, 54.033499 ], [ -8.631025, 54.025611 ], [ -8.618424, 54.020691 ], [ -8.607087, 54.021617 ], [ -8.583082, 54.012975 ], [ -8.589816, 54.005796 ], [ -8.593049, 53.98848 ], [ -8.589961, 53.979396 ], [ -8.594195, 53.966762 ], [ -8.589831, 53.965118 ], [ -8.585083, 53.953818 ], [ -8.600693, 53.958225 ], [ -8.597073, 53.955115 ], [ -8.600929, 53.950399 ], [ -8.607688, 53.955094 ], [ -8.65103, 53.96597 ], [ -8.66368, 53.970827 ], [ -8.666671, 53.974939 ], [ -8.680575, 53.970501 ], [ -8.68526, 53.964768 ], [ -8.691084, 53.963235 ], [ -8.685029, 53.954598 ], [ -8.666773, 53.948047 ], [ -8.681518, 53.947562 ], [ -8.678448, 53.942781 ], [ -8.686948, 53.924899 ], [ -8.680561, 53.923187 ], [ -8.685485, 53.91876 ], [ -8.667946, 53.911953 ], [ -8.661703, 53.905953 ], [ -8.633241, 53.899187 ], [ -8.636626, 53.889534 ], [ -8.62055, 53.881698 ], [ -8.637216, 53.877105 ], [ -8.635442, 53.868675 ], [ -8.647911, 53.86543 ], [ -8.676842, 53.877027 ], [ -8.682532, 53.87345 ], [ -8.704671, 53.874087 ], [ -8.699496, 53.863184 ], [ -8.694256, 53.86241 ], [ -8.697293, 53.854922 ], [ -8.695226, 53.852315 ], [ -8.708128, 53.850118 ], [ -8.710744, 53.846988 ], [ -8.723707, 53.847145 ], [ -8.714714, 53.83772 ], [ -8.718114, 53.835551 ], [ -8.711323, 53.831896 ], [ -8.721978, 53.82727 ], [ -8.722857, 53.824075 ], [ -8.71555, 53.817223 ], [ -8.739432, 53.80994 ], [ -8.709088, 53.802242 ], [ -8.705135, 53.797252 ], [ -8.693887, 53.798179 ], [ -8.686305, 53.792975 ], [ -8.689159, 53.788219 ], [ -8.68011, 53.779946 ], [ -8.666277, 53.777032 ], [ -8.669215, 53.772595 ], [ -8.684253, 53.766622 ], [ -8.680625, 53.764055 ], [ -8.680128, 53.753201 ], [ -8.684913, 53.748932 ], [ -8.684442, 53.745519 ], [ -8.691163, 53.742687 ], [ -8.689961, 53.739597 ], [ -8.694845, 53.739601 ], [ -8.700557, 53.733743 ], [ -8.693334, 53.723974 ], [ -8.714467, 53.724697 ], [ -8.712884, 53.712117 ], [ -8.756091, 53.700759 ], [ -8.760772, 53.696945 ], [ -8.756308, 53.692934 ], [ -8.759316, 53.690867 ], [ -8.775999, 53.688076 ], [ -8.791314, 53.696191 ], [ -8.806562, 53.679048 ], [ -8.806909, 53.674818 ], [ -8.842539, 53.652999 ], [ -8.866437, 53.656722 ], [ -8.88275, 53.652494 ], [ -8.899488, 53.652954 ], [ -8.895485, 53.648718 ], [ -8.90135, 53.642161 ], [ -8.912014, 53.64394 ], [ -8.942917, 53.661883 ], [ -8.954785, 53.655734 ], [ -8.9714, 53.655359 ], [ -8.979061, 53.645194 ], [ -8.971574, 53.642521 ], [ -8.975058, 53.638093 ], [ -8.97383, 53.627801 ], [ -8.988229, 53.618657 ], [ -8.980262, 53.604998 ], [ -8.990024, 53.603167 ], [ -8.992744, 53.597146 ], [ -8.999734, 53.602265 ], [ -9.015403, 53.598207 ], [ -9.006827, 53.584078 ], [ -9.029178, 53.579289 ], [ -9.039218, 53.581616 ], [ -9.04618, 53.576736 ], [ -9.038721, 53.564399 ], [ -9.041418, 53.56168 ], [ -9.030267, 53.557318 ], [ -9.028816, 53.552148 ], [ -9.02531, 53.55154 ], [ -9.036948, 53.542898 ], [ -9.035744, 53.537084 ], [ -9.055086, 53.535257 ], [ -9.058246, 53.527587 ], [ -9.092069, 53.516098 ], [ -9.099359, 53.493815 ], [ -9.115131, 53.494525 ], [ -9.124822, 53.481994 ], [ -9.129526, 53.482405 ], [ -9.135328, 53.477373 ], [ -9.155812, 53.48283 ], [ -9.169377, 53.479751 ], [ -9.175414, 53.47653 ], [ -9.174999, 53.473882 ], [ -9.182015, 53.471927 ], [ -9.19172, 53.475685 ], [ -9.209225, 53.472384 ], [ -9.212495, 53.478497 ], [ -9.236582, 53.480246 ], [ -9.235549, 53.49945 ], [ -9.279146, 53.515357 ], [ -9.278717, 53.525377 ], [ -9.285516, 53.531455 ], [ -9.282701, 53.534083 ], [ -9.289278, 53.540546 ], [ -9.283866, 53.54214 ], [ -9.284516, 53.548016 ], [ -9.29606, 53.544448 ], [ -9.306797, 53.545533 ], [ -9.303474, 53.55533 ], [ -9.310787, 53.555375 ], [ -9.314562, 53.5508 ], [ -9.32026, 53.550156 ], [ -9.321116, 53.542587 ], [ -9.338085, 53.539947 ], [ -9.353171, 53.54685 ], [ -9.353422, 53.551869 ], [ -9.345668, 53.563367 ], [ -9.356656, 53.567883 ], [ -9.360905, 53.573606 ], [ -9.408755, 53.568372 ], [ -9.42339, 53.564065 ], [ -9.48131, 53.562282 ], [ -9.481429, 53.566129 ], [ -9.486394, 53.564347 ], [ -9.490336, 53.568124 ], [ -9.505849, 53.571938 ], [ -9.511995, 53.578296 ], [ -9.544211, 53.580821 ], [ -9.55698, 53.599695 ], [ -9.55554, 53.608043 ], [ -9.564781, 53.612601 ], [ -9.576368, 53.600952 ], [ -9.585324, 53.599059 ], [ -9.61062, 53.606564 ], [ -9.629127, 53.605719 ], [ -9.647088, 53.600388 ], [ -9.659947, 53.610265 ], [ -9.669545, 53.612773 ], [ -9.671991, 53.617435 ], [ -9.682142, 53.609587 ], [ -9.697923, 53.604591 ], [ -9.741937, 53.602188 ], [ -9.751401, 53.603602 ], [ -9.749102, 53.605314 ], [ -9.751794, 53.607341 ], [ -9.757039, 53.603739 ], [ -9.772419, 53.601388 ], [ -9.789085, 53.60409 ], [ -9.838484, 53.623349 ], [ -9.858309, 53.62571 ], [ -9.865668, 53.63079 ], [ -9.879813, 53.633786 ], [ -9.878027, 53.638683 ], [ -9.870434, 53.636587 ], [ -9.886732, 53.64445 ], [ -9.88096, 53.648604 ], [ -9.914017, 53.653136 ], [ -9.911653, 53.654225 ], [ -9.91509, 53.664646 ], [ -9.906553, 53.676888 ], [ -9.919002, 53.688735 ], [ -9.916985, 53.693329 ], [ -9.920225, 53.696728 ], [ -9.913825, 53.699125 ], [ -9.912068, 53.711577 ], [ -9.900372, 53.722024 ], [ -9.89407, 53.737642 ], [ -9.899433, 53.750742 ], [ -9.909767, 53.7525 ], [ -9.90632, 53.754595 ], [ -9.905457, 53.762185 ], [ -9.897626, 53.764758 ], [ -9.882132, 53.763616 ], [ -9.862834, 53.768733 ], [ -9.826576, 53.769429 ], [ -9.803065, 53.778545 ], [ -9.781825, 53.78247 ], [ -9.770107, 53.78203 ], [ -9.76817, 53.778085 ], [ -9.770348, 53.776684 ], [ -9.76318, 53.774418 ], [ -9.718973, 53.77593 ], [ -9.668152, 53.788686 ], [ -9.661718, 53.787897 ], [ -9.658654, 53.789851 ], [ -9.656066, 53.794248 ], [ -9.654153, 53.795277 ], [ -9.657918, 53.789583 ], [ -9.662923, 53.787285 ], [ -9.657676, 53.781638 ], [ -9.641079, 53.781834 ], [ -9.641614, 53.787642 ], [ -9.636753, 53.788445 ], [ -9.62902, 53.787532 ], [ -9.626645, 53.7837 ], [ -9.619945, 53.786419 ], [ -9.612328, 53.782744 ], [ -9.629363, 53.778521 ], [ -9.608948, 53.779267 ], [ -9.607182, 53.779738 ], [ -9.609986, 53.785089 ], [ -9.609376, 53.786453 ], [ -9.604861, 53.787779 ], [ -9.599971, 53.787031 ], [ -9.595886, 53.793444 ], [ -9.589774, 53.79449 ], [ -9.590147, 53.791395 ], [ -9.592978, 53.792449 ], [ -9.590495, 53.790557 ], [ -9.590684, 53.788034 ], [ -9.592593, 53.789547 ], [ -9.599338, 53.787034 ], [ -9.594726, 53.787531 ], [ -9.594993, 53.78489 ], [ -9.604014, 53.7875 ], [ -9.601286, 53.785679 ], [ -9.609303, 53.784924 ], [ -9.602017, 53.781719 ], [ -9.582228, 53.780454 ], [ -9.580333, 53.782355 ], [ -9.584487, 53.785447 ], [ -9.569902, 53.788592 ], [ -9.577218, 53.790867 ], [ -9.57999, 53.78883 ], [ -9.579598, 53.7927 ], [ -9.569149, 53.791478 ], [ -9.560406, 53.794268 ], [ -9.565515, 53.797634 ], [ -9.566996, 53.796351 ], [ -9.568647, 53.796323 ], [ -9.565016, 53.799848 ], [ -9.553716, 53.796666 ], [ -9.550864, 53.801006 ], [ -9.561402, 53.800832 ], [ -9.560628, 53.802868 ], [ -9.545553, 53.80037 ], [ -9.54427, 53.804203 ], [ -9.54662, 53.804438 ], [ -9.54699, 53.804077 ], [ -9.546884, 53.800929 ], [ -9.554056, 53.802761 ], [ -9.548349, 53.804142 ], [ -9.549849, 53.8057 ], [ -9.567507, 53.809383 ], [ -9.574464, 53.807157 ], [ -9.564171, 53.803015 ], [ -9.585638, 53.806093 ], [ -9.592981, 53.805592 ], [ -9.58747, 53.802585 ], [ -9.597358, 53.803261 ], [ -9.598806, 53.805143 ], [ -9.594921, 53.80785 ], [ -9.586819, 53.808811 ], [ -9.594785, 53.811977 ], [ -9.596972, 53.80995 ], [ -9.608253, 53.812235 ], [ -9.604091, 53.808998 ], [ -9.617132, 53.811464 ], [ -9.624266, 53.815997 ], [ -9.618855, 53.815405 ], [ -9.62285, 53.816848 ], [ -9.616098, 53.817935 ], [ -9.619302, 53.820048 ], [ -9.607221, 53.813789 ], [ -9.597937, 53.812446 ], [ -9.601335, 53.815027 ], [ -9.597546, 53.815055 ], [ -9.626346, 53.822495 ], [ -9.627166, 53.826412 ], [ -9.614213, 53.82188 ], [ -9.603717, 53.822634 ], [ -9.617739, 53.827218 ], [ -9.618767, 53.830603 ], [ -9.60542, 53.830315 ], [ -9.596196, 53.833545 ], [ -9.602144, 53.83536 ], [ -9.612199, 53.83117 ], [ -9.62007, 53.83245 ], [ -9.61037, 53.837735 ], [ -9.618759, 53.84065 ], [ -9.617405, 53.844916 ], [ -9.599149, 53.848252 ], [ -9.589629, 53.845642 ], [ -9.56342, 53.847275 ], [ -9.601398, 53.851726 ], [ -9.591934, 53.854593 ], [ -9.594578, 53.857952 ], [ -9.579601, 53.85437 ], [ -9.58742, 53.852726 ], [ -9.587453, 53.850314 ], [ -9.574206, 53.848963 ], [ -9.570597, 53.850156 ], [ -9.586301, 53.851359 ], [ -9.579234, 53.853253 ], [ -9.561287, 53.849564 ], [ -9.566779, 53.850795 ], [ -9.562818, 53.852877 ], [ -9.573309, 53.855103 ], [ -9.561778, 53.857029 ], [ -9.591238, 53.858997 ], [ -9.56711, 53.861395 ], [ -9.553923, 53.856543 ], [ -9.559601, 53.861503 ], [ -9.577202, 53.862111 ], [ -9.573751, 53.865814 ], [ -9.557873, 53.865618 ], [ -9.562256, 53.866773 ], [ -9.602217, 53.865962 ], [ -9.586218, 53.869757 ], [ -9.577211, 53.867958 ], [ -9.561587, 53.87029 ], [ -9.583147, 53.870748 ], [ -9.564065, 53.872902 ], [ -9.551704, 53.877228 ], [ -9.582028, 53.874068 ], [ -9.593967, 53.877593 ], [ -9.579336, 53.876679 ], [ -9.576742, 53.879629 ], [ -9.567915, 53.877518 ], [ -9.563233, 53.878605 ], [ -9.565987, 53.882254 ], [ -9.560179, 53.881351 ], [ -9.566788, 53.884017 ], [ -9.570731, 53.88095 ], [ -9.586897, 53.880755 ], [ -9.576861, 53.884822 ], [ -9.560324, 53.88577 ], [ -9.550095, 53.882857 ], [ -9.546197, 53.88455 ], [ -9.553775, 53.883905 ], [ -9.556601, 53.885382 ], [ -9.552487, 53.886328 ], [ -9.560149, 53.887874 ], [ -9.553864, 53.889144 ], [ -9.554496, 53.891178 ], [ -9.565519, 53.888867 ], [ -9.562143, 53.886879 ], [ -9.601201, 53.883475 ], [ -9.571067, 53.890172 ], [ -9.565542, 53.888894 ], [ -9.564905, 53.891758 ], [ -9.578182, 53.894292 ], [ -9.56994, 53.899144 ], [ -9.57244, 53.90222 ], [ -9.577231, 53.897211 ], [ -9.582417, 53.897493 ], [ -9.57982, 53.893617 ], [ -9.586883, 53.888385 ], [ -9.594756, 53.888736 ], [ -9.586337, 53.893311 ], [ -9.586697, 53.897291 ], [ -9.607857, 53.891896 ], [ -9.601576, 53.888704 ], [ -9.607962, 53.887406 ], [ -9.614521, 53.890307 ], [ -9.610633, 53.894112 ], [ -9.620061, 53.895529 ], [ -9.619963, 53.893186 ], [ -9.636065, 53.889436 ], [ -9.625526, 53.894274 ], [ -9.636361, 53.896036 ], [ -9.65564, 53.891169 ], [ -9.64743, 53.887301 ], [ -9.650056, 53.88677 ], [ -9.658887, 53.890595 ], [ -9.650678, 53.893574 ], [ -9.65463, 53.895049 ], [ -9.650098, 53.896446 ], [ -9.654255, 53.899813 ], [ -9.665788, 53.894694 ], [ -9.662572, 53.892622 ], [ -9.666884, 53.890347 ], [ -9.670162, 53.895007 ], [ -9.664057, 53.897684 ], [ -9.683168, 53.897607 ], [ -9.678118, 53.900436 ], [ -9.705049, 53.89957 ], [ -9.698807, 53.901432 ], [ -9.700919, 53.901836 ], [ -9.719004, 53.895631 ], [ -9.724982, 53.896972 ], [ -9.716807, 53.899518 ], [ -9.732977, 53.89892 ], [ -9.741929, 53.902232 ], [ -9.748613, 53.900822 ], [ -9.741323, 53.894559 ], [ -9.729571, 53.894594 ], [ -9.744517, 53.891291 ], [ -9.756964, 53.89802 ], [ -9.770136, 53.899889 ], [ -9.776039, 53.904316 ], [ -9.774118, 53.90566 ], [ -9.785243, 53.904819 ], [ -9.781448, 53.902154 ], [ -9.783689, 53.899818 ], [ -9.775924, 53.897229 ], [ -9.793098, 53.896046 ], [ -9.796563, 53.890085 ], [ -9.815305, 53.877851 ], [ -9.855369, 53.868322 ], [ -9.87807, 53.864645 ], [ -9.896916, 53.865825 ], [ -9.90277, 53.862 ], [ -9.922543, 53.870412 ], [ -9.943642, 53.87113 ], [ -9.94388, 53.873338 ], [ -9.936102, 53.871588 ], [ -9.941795, 53.877825 ], [ -9.934502, 53.875895 ], [ -9.933721, 53.878544 ], [ -9.928352, 53.878702 ], [ -9.93177, 53.883981 ], [ -9.923822, 53.887829 ], [ -9.924107, 53.895436 ], [ -9.927235, 53.896399 ], [ -9.930851, 53.90521 ], [ -9.9298, 53.912839 ], [ -9.915311, 53.917708 ], [ -9.91405, 53.923099 ], [ -9.900431, 53.934 ], [ -9.903398, 53.933442 ], [ -9.903953, 53.93641 ], [ -9.906517, 53.935406 ], [ -9.90475, 53.933539 ], [ -9.912635, 53.931666 ], [ -9.920558, 53.933264 ], [ -9.915409, 53.936719 ], [ -9.917736, 53.939675 ], [ -9.915369, 53.944442 ], [ -9.911566, 53.940385 ], [ -9.906149, 53.943479 ], [ -9.904915, 53.951455 ], [ -9.908688, 53.957223 ], [ -9.902743, 53.953024 ], [ -9.895239, 53.954509 ], [ -9.895768, 53.950093 ], [ -9.892851, 53.952966 ], [ -9.886825, 53.952376 ], [ -9.885173, 53.957902 ], [ -9.877399, 53.954986 ], [ -9.870721, 53.958314 ], [ -9.845988, 53.956712 ], [ -9.838192, 53.96083 ], [ -9.83894, 53.958728 ], [ -9.83291, 53.955944 ], [ -9.833173, 53.951548 ], [ -9.829216, 53.950538 ], [ -9.830511, 53.947367 ], [ -9.82375, 53.948651 ], [ -9.814285, 53.945274 ], [ -9.810224, 53.94955 ], [ -9.80229, 53.950717 ], [ -9.797671, 53.946149 ], [ -9.799483, 53.941275 ], [ -9.796779, 53.939032 ], [ -9.801551, 53.937673 ], [ -9.800026, 53.931275 ], [ -9.796087, 53.931111 ], [ -9.803636, 53.926347 ], [ -9.807733, 53.930296 ], [ -9.815753, 53.931102 ], [ -9.808793, 53.923824 ], [ -9.805181, 53.913536 ], [ -9.798455, 53.912003 ], [ -9.790932, 53.911528 ], [ -9.797103, 53.923701 ], [ -9.790665, 53.927057 ], [ -9.794731, 53.942542 ], [ -9.790021, 53.941054 ], [ -9.79183, 53.945105 ], [ -9.789363, 53.94519 ], [ -9.793763, 53.945984 ], [ -9.788369, 53.94793 ], [ -9.795115, 53.947409 ], [ -9.797687, 53.950296 ], [ -9.793814, 53.958241 ], [ -9.801455, 53.960438 ], [ -9.79763, 53.962784 ], [ -9.801212, 53.965211 ], [ -9.802107, 53.971937 ], [ -9.798609, 53.971189 ], [ -9.794666, 53.975222 ], [ -9.799467, 53.972704 ], [ -9.807926, 53.973414 ], [ -9.807657, 53.975977 ], [ -9.811922, 53.973849 ], [ -9.805651, 53.970237 ], [ -9.80963, 53.963221 ], [ -9.831699, 53.96826 ], [ -9.838356, 53.967815 ], [ -9.83885, 53.962369 ], [ -9.849865, 53.965384 ], [ -9.85087, 53.971657 ], [ -9.846809, 53.973655 ], [ -9.850454, 53.978726 ], [ -9.848248, 53.993091 ], [ -9.851199, 53.992095 ], [ -9.848252, 53.99546 ], [ -9.832093, 53.99127 ], [ -9.835815, 53.984971 ], [ -9.829499, 53.987013 ], [ -9.830241, 53.989135 ], [ -9.824715, 53.988893 ], [ -9.850461, 54.006884 ], [ -9.851636, 54.011872 ], [ -9.848182, 54.01446 ], [ -9.854475, 54.01136 ], [ -9.849333, 53.999947 ], [ -9.872849, 54.005851 ], [ -9.875506, 54.009117 ], [ -9.878397, 54.007694 ], [ -9.88324, 54.0121 ], [ -9.883866, 54.014515 ], [ -9.866143, 54.0198 ], [ -9.873619, 54.020642 ], [ -9.879596, 54.017417 ], [ -9.883958, 54.023031 ], [ -9.894888, 54.025645 ], [ -9.896814, 54.023522 ], [ -9.888184, 54.01817 ], [ -9.893081, 54.011253 ], [ -9.891482, 54.014685 ], [ -9.896415, 54.019823 ], [ -9.897669, 54.024127 ], [ -9.897219, 54.028057 ], [ -9.907484, 54.037199 ], [ -9.908216, 54.046183 ], [ -9.892425, 54.050531 ], [ -9.889542, 54.065737 ], [ -9.883955, 54.067062 ], [ -9.877466, 54.062009 ], [ -9.877052, 54.057148 ], [ -9.870502, 54.057283 ], [ -9.867911, 54.052974 ], [ -9.861921, 54.056305 ], [ -9.866088, 54.061852 ], [ -9.856136, 54.063868 ], [ -9.85695, 54.069371 ], [ -9.846895, 54.071533 ], [ -9.841867, 54.068766 ], [ -9.834784, 54.066882 ], [ -9.84749, 54.073679 ], [ -9.861416, 54.069302 ], [ -9.877851, 54.071012 ], [ -9.867884, 54.07313 ], [ -9.866781, 54.079009 ], [ -9.870839, 54.082364 ], [ -9.866305, 54.085785 ], [ -9.848498, 54.087065 ], [ -9.847254, 54.08487 ], [ -9.846198, 54.084189 ], [ -9.84482, 54.08405 ], [ -9.845516, 54.088846 ], [ -9.83667, 54.093082 ], [ -9.850344, 54.095003 ], [ -9.84781, 54.097639 ], [ -9.85181, 54.099042 ], [ -9.850412, 54.102872 ], [ -9.856469, 54.101695 ], [ -9.861032, 54.106251 ], [ -9.834351, 54.11024 ], [ -9.823047, 54.106741 ], [ -9.820203, 54.108539 ], [ -9.829857, 54.110254 ], [ -9.830137, 54.113893 ], [ -9.836183, 54.116974 ], [ -9.827831, 54.120257 ], [ -9.833051, 54.120264 ], [ -9.829464, 54.122459 ], [ -9.8336, 54.125257 ], [ -9.81787, 54.1305 ], [ -9.815845, 54.133111 ], [ -9.81544, 54.135493 ], [ -9.818877, 54.130514 ], [ -9.835308, 54.125633 ], [ -9.833492, 54.11973 ], [ -9.839615, 54.11919 ], [ -9.833628, 54.113351 ], [ -9.839475, 54.10981 ], [ -9.850047, 54.111222 ], [ -9.852766, 54.115164 ], [ -9.861385, 54.111286 ], [ -9.873751, 54.113201 ], [ -9.877029, 54.117562 ], [ -9.876569, 54.11806 ], [ -9.873954, 54.118195 ], [ -9.873072, 54.118771 ], [ -9.872353, 54.119711 ], [ -9.87289, 54.121165 ], [ -9.877076, 54.118128 ], [ -9.877225, 54.115385 ], [ -9.880362, 54.117175 ], [ -9.872536, 54.111912 ], [ -9.864166, 54.111196 ], [ -9.875744, 54.10796 ], [ -9.871636, 54.105007 ], [ -9.872079, 54.100475 ], [ -9.874566, 54.097356 ], [ -9.883057, 54.097078 ], [ -9.878456, 54.093754 ], [ -9.883703, 54.091334 ], [ -9.882666, 54.087494 ], [ -9.889467, 54.088963 ], [ -9.885865, 54.093413 ], [ -9.889294, 54.098341 ], [ -9.891807, 54.095698 ], [ -9.900524, 54.096722 ], [ -9.900225, 54.089425 ], [ -9.890822, 54.084023 ], [ -9.890952, 54.080645 ], [ -9.899805, 54.078918 ], [ -9.895094, 54.077981 ], [ -9.893187, 54.072204 ], [ -9.922581, 54.066636 ], [ -9.930375, 54.060981 ], [ -9.947644, 54.066602 ], [ -9.953606, 54.063198 ], [ -9.970955, 54.062325 ], [ -9.963152, 54.073171 ], [ -9.968219, 54.086002 ], [ -9.975999, 54.095848 ], [ -9.991682, 54.102756 ], [ -9.984607, 54.103982 ], [ -9.98462, 54.106667 ], [ -9.975259, 54.105023 ], [ -9.965813, 54.108824 ], [ -9.954784, 54.10705 ], [ -9.941757, 54.110336 ], [ -9.929222, 54.121154 ], [ -9.912372, 54.116858 ], [ -9.896761, 54.117789 ], [ -9.908809, 54.124622 ], [ -9.913246, 54.123686 ], [ -9.912023, 54.129343 ], [ -9.917797, 54.1338 ], [ -9.925475, 54.135106 ], [ -9.930911, 54.126183 ], [ -9.934937, 54.126217 ], [ -9.949909, 54.140481 ], [ -9.959448, 54.142877 ], [ -9.954645, 54.147517 ], [ -9.958296, 54.151761 ], [ -9.956164, 54.154484 ], [ -9.932014, 54.14647 ], [ -9.924534, 54.148593 ], [ -9.921959, 54.154459 ], [ -9.929494, 54.154149 ], [ -9.935839, 54.158228 ], [ -9.942377, 54.154818 ], [ -9.944422, 54.163541 ], [ -9.953604, 54.171224 ], [ -9.971913, 54.178541 ], [ -9.981637, 54.177533 ], [ -9.985396, 54.181172 ], [ -9.969611, 54.183911 ], [ -9.967072, 54.177835 ], [ -9.954154, 54.1727 ], [ -9.948468, 54.174583 ], [ -9.94775, 54.178233 ], [ -9.94254, 54.175422 ], [ -9.934555, 54.18109 ], [ -9.937135, 54.188954 ], [ -9.930635, 54.192753 ], [ -9.927194, 54.192883 ], [ -9.928866, 54.1921 ], [ -9.923875, 54.186852 ], [ -9.919745, 54.18504 ], [ -9.922901, 54.187092 ], [ -9.923271, 54.193839 ], [ -9.91789, 54.194562 ], [ -9.916207, 54.196982 ], [ -9.932592, 54.194045 ], [ -9.948171, 54.199189 ], [ -9.952561, 54.195074 ], [ -9.987407, 54.21366 ], [ -9.993233, 54.223488 ], [ -9.992284, 54.227629 ], [ -9.997505, 54.227782 ], [ -9.999138, 54.224265 ], [ -10.013517, 54.226507 ], [ -10.003155, 54.217209 ], [ -10.00679, 54.213318 ], [ -10.026541, 54.215067 ], [ -10.024484, 54.211124 ], [ -10.008561, 54.205242 ], [ -10.006254, 54.198889 ], [ -10.002924, 54.198788 ], [ -10.003154, 54.194878 ], [ -10.014999, 54.19364 ], [ -10.006682, 54.186003 ], [ -10.011058, 54.181469 ], [ -10.032998, 54.192591 ], [ -10.050116, 54.190984 ], [ -10.050933, 54.188818 ], [ -10.039636, 54.187305 ], [ -10.040645, 54.180298 ], [ -10.035753, 54.176765 ], [ -10.042535, 54.167549 ], [ -10.036574, 54.165371 ], [ -10.038258, 54.162171 ], [ -10.046726, 54.160692 ], [ -10.043293, 54.168371 ], [ -10.054866, 54.171159 ], [ -10.068995, 54.168808 ], [ -10.072627, 54.164893 ], [ -10.070802, 54.16286 ], [ -10.09238, 54.159532 ], [ -10.093691, 54.156712 ], [ -10.089443, 54.153923 ], [ -10.062876, 54.150633 ], [ -10.055616, 54.144467 ], [ -10.069302, 54.143619 ], [ -10.07574, 54.138098 ], [ -10.068201, 54.133458 ], [ -10.069743, 54.128811 ], [ -10.065452, 54.124085 ], [ -10.074745, 54.122122 ], [ -10.075693, 54.125272 ], [ -10.072574, 54.126186 ], [ -10.075423, 54.128415 ], [ -10.087413, 54.126584 ], [ -10.089284, 54.124387 ], [ -10.085196, 54.122762 ], [ -10.091565, 54.123544 ], [ -10.088831, 54.118862 ], [ -10.093498, 54.115043 ], [ -10.066746, 54.109785 ], [ -10.071044, 54.105502 ], [ -10.068778, 54.101182 ], [ -10.059422, 54.098792 ], [ -10.073218, 54.088773 ], [ -10.094249, 54.087521 ], [ -10.112224, 54.096532 ], [ -10.122732, 54.094722 ], [ -10.127296, 54.101657 ], [ -10.131344, 54.102583 ], [ -10.13284, 54.107788 ], [ -10.121743, 54.113197 ], [ -10.125459, 54.125656 ], [ -10.118268, 54.145747 ], [ -10.103819, 54.15182 ], [ -10.093058, 54.167194 ], [ -10.095943, 54.170343 ], [ -10.087892, 54.177365 ], [ -10.086318, 54.184412 ], [ -10.096368, 54.198988 ], [ -10.085471, 54.204919 ], [ -10.083034, 54.209357 ], [ -10.063051, 54.208993 ], [ -10.05507, 54.218559 ], [ -10.056832, 54.228556 ], [ -10.067302, 54.23194 ], [ -10.073152, 54.229523 ], [ -10.108906, 54.242684 ], [ -10.087705, 54.242786 ], [ -10.071856, 54.233559 ], [ -10.070041, 54.238249 ], [ -10.073541, 54.245679 ], [ -10.092058, 54.245799 ], [ -10.096409, 54.249623 ], [ -10.083305, 54.248889 ], [ -10.085939, 54.25334 ], [ -10.081564, 54.253809 ], [ -10.08318, 54.25677 ], [ -10.07488, 54.255903 ], [ -10.08311, 54.260135 ], [ -10.073667, 54.260925 ], [ -10.07948, 54.2632 ], [ -10.075864, 54.266972 ], [ -10.081582, 54.269746 ], [ -10.069298, 54.270875 ], [ -10.074103, 54.273174 ], [ -10.069094, 54.274284 ], [ -10.069628, 54.276652 ], [ -10.049193, 54.278417 ], [ -10.052384, 54.280931 ], [ -10.049351, 54.28054 ], [ -10.051317, 54.283435 ], [ -10.04739, 54.285384 ], [ -10.041259, 54.282413 ], [ -10.026409, 54.282403 ], [ -10.030525, 54.283599 ], [ -10.024679, 54.284376 ], [ -10.023902, 54.286493 ], [ -10.027689, 54.287482 ], [ -10.022712, 54.292095 ], [ -10.008778, 54.291122 ], [ -10.005272, 54.293145 ], [ -10.00834, 54.295688 ], [ -9.998381, 54.296113 ], [ -10.006361, 54.297597 ], [ -10.004826, 54.300215 ], [ -10.008792, 54.301199 ], [ -10.001375, 54.305928 ], [ -9.994163, 54.304436 ], [ -9.989685, 54.299279 ], [ -9.984252, 54.300776 ], [ -9.990707, 54.292362 ], [ -9.987669, 54.288844 ], [ -9.974506, 54.289224 ], [ -9.969873, 54.280236 ], [ -9.962442, 54.280008 ], [ -9.962778, 54.272289 ], [ -9.95181, 54.270072 ], [ -9.947226, 54.272564 ], [ -9.944711, 54.267793 ], [ -9.930894, 54.270876 ], [ -9.928404, 54.266035 ], [ -9.937466, 54.262628 ], [ -9.933272, 54.258325 ], [ -9.936493, 54.251231 ], [ -9.934354, 54.249997 ], [ -9.940226, 54.24883 ], [ -9.939261, 54.2481 ], [ -9.928636, 54.248726 ], [ -9.930808, 54.250406 ], [ -9.926697, 54.257366 ], [ -9.929672, 54.259946 ], [ -9.922587, 54.274651 ], [ -9.919243, 54.270147 ], [ -9.921622, 54.269131 ], [ -9.918351, 54.26909 ], [ -9.920113, 54.263773 ], [ -9.917281, 54.262378 ], [ -9.906828, 54.261404 ], [ -9.887964, 54.269127 ], [ -9.889307, 54.263538 ], [ -9.895193, 54.259073 ], [ -9.890507, 54.254592 ], [ -9.89715, 54.250778 ], [ -9.90206, 54.238757 ], [ -9.910326, 54.240471 ], [ -9.911284, 54.236671 ], [ -9.915262, 54.239924 ], [ -9.915847, 54.236811 ], [ -9.924019, 54.233788 ], [ -9.915306, 54.227315 ], [ -9.93634, 54.224965 ], [ -9.946589, 54.227376 ], [ -9.949358, 54.224989 ], [ -9.94405, 54.220153 ], [ -9.957342, 54.221616 ], [ -9.961168, 54.229479 ], [ -9.970506, 54.236515 ], [ -9.976783, 54.250162 ], [ -9.985, 54.25124 ], [ -9.96303, 54.222655 ], [ -9.986258, 54.223967 ], [ -9.960157, 54.215186 ], [ -9.913021, 54.212416 ], [ -9.876105, 54.217701 ], [ -9.874501, 54.222095 ], [ -9.877329, 54.226733 ], [ -9.892806, 54.22901 ], [ -9.881955, 54.233669 ], [ -9.867222, 54.229578 ], [ -9.867406, 54.22563 ], [ -9.848294, 54.22247 ], [ -9.852673, 54.227349 ], [ -9.86057, 54.227549 ], [ -9.880656, 54.245684 ], [ -9.871985, 54.250707 ], [ -9.877703, 54.25253 ], [ -9.879757, 54.256597 ], [ -9.871061, 54.258281 ], [ -9.872884, 54.264613 ], [ -9.866899, 54.267577 ], [ -9.868589, 54.272903 ], [ -9.864813, 54.274702 ], [ -9.816501, 54.284283 ], [ -9.808509, 54.279696 ], [ -9.802003, 54.268742 ], [ -9.778662, 54.264317 ], [ -9.7515, 54.251584 ], [ -9.734304, 54.259575 ], [ -9.729054, 54.254368 ], [ -9.721638, 54.253671 ], [ -9.720558, 54.24979 ], [ -9.716722, 54.248855 ], [ -9.715304, 54.244248 ], [ -9.716371, 54.248938 ], [ -9.720169, 54.249907 ], [ -9.71989, 54.252929 ], [ -9.722884, 54.254791 ], [ -9.72869, 54.25479 ], [ -9.732452, 54.259407 ], [ -9.726762, 54.262527 ], [ -9.721904, 54.268376 ], [ -9.722663, 54.270729 ], [ -9.726906, 54.26275 ], [ -9.74056, 54.257648 ], [ -9.746193, 54.259295 ], [ -9.749964, 54.255142 ], [ -9.753411, 54.258434 ], [ -9.750187, 54.260878 ], [ -9.756795, 54.260362 ], [ -9.771591, 54.2684 ], [ -9.800965, 54.276118 ], [ -9.80529, 54.279432 ], [ -9.802666, 54.282509 ], [ -9.808377, 54.287415 ], [ -9.803615, 54.293507 ], [ -9.796182, 54.294126 ], [ -9.783127, 54.284725 ], [ -9.763717, 54.280296 ], [ -9.766309, 54.287661 ], [ -9.767725, 54.28434 ], [ -9.774176, 54.285782 ], [ -9.790766, 54.297401 ], [ -9.804222, 54.296928 ], [ -9.812558, 54.291323 ], [ -9.818515, 54.291444 ], [ -9.836412, 54.300789 ], [ -9.841946, 54.301004 ], [ -9.845481, 54.295848 ], [ -9.842703, 54.301509 ], [ -9.84529, 54.303868 ], [ -9.862056, 54.303073 ], [ -9.86203, 54.305808 ], [ -9.853804, 54.307984 ], [ -9.860802, 54.317512 ], [ -9.857477, 54.317988 ], [ -9.860437, 54.320307 ], [ -9.857465, 54.32464 ], [ -9.83716, 54.323703 ], [ -9.834465, 54.327944 ], [ -9.838946, 54.329828 ], [ -9.828811, 54.330065 ], [ -9.820222, 54.335198 ], [ -9.821669, 54.337847 ], [ -9.81259, 54.338064 ], [ -9.814474, 54.339963 ], [ -9.811792, 54.34172 ], [ -9.808622, 54.339849 ], [ -9.801759, 54.342353 ], [ -9.792237, 54.337979 ], [ -9.788197, 54.339537 ], [ -9.785978, 54.345444 ], [ -9.784497, 54.340893 ] ] ], [ [ [ -9.143403, 54.206849 ], [ -9.139468, 54.2004 ], [ -9.146961, 54.199608 ], [ -9.149774, 54.203119 ], [ -9.14747, 54.204463 ], [ -9.154554, 54.20555 ], [ -9.154891, 54.210316 ], [ -9.162221, 54.214345 ], [ -9.199479, 54.222292 ], [ -9.192961, 54.223602 ], [ -9.158454, 54.215944 ], [ -9.143403, 54.206849 ] ] ], [ [ [ -9.565343, 54.322087 ], [ -9.561321, 54.322482 ], [ -9.561622, 54.320317 ], [ -9.565343, 54.322087 ] ] ] ] } },
{ "type": "Feature", "properties": { "local_authority": "Meath" }, "geometry": { "type": "Polygon", "coordinates": [ [ [ -6.729376, 53.916872 ], [ -6.727775, 53.911417 ], [ -6.714709, 53.90353 ], [ -6.686175, 53.900861 ], [ -6.67884, 53.892993 ], [ -6.664883, 53.891575 ], [ -6.657037, 53.884336 ], [ -6.626323, 53.879815 ], [ -6.602051, 53.863378 ], [ -6.603467, 53.861581 ], [ -6.593538, 53.8515 ], [ -6.594966, 53.845652 ], [ -6.591637, 53.845029 ], [ -6.598759, 53.838416 ], [ -6.592061, 53.83218 ], [ -6.593574, 53.829825 ], [ -6.583251, 53.82903 ], [ -6.579541, 53.822629 ], [ -6.578817, 53.819192 ], [ -6.583564, 53.816378 ], [ -6.578777, 53.814019 ], [ -6.580482, 53.810809 ], [ -6.577453, 53.808417 ], [ -6.580105, 53.806415 ], [ -6.577079, 53.805487 ], [ -6.579901, 53.803118 ], [ -6.571471, 53.797171 ], [ -6.553065, 53.797973 ], [ -6.547818, 53.778024 ], [ -6.537207, 53.78018 ], [ -6.527659, 53.774196 ], [ -6.528651, 53.769266 ], [ -6.515267, 53.76654 ], [ -6.468589, 53.769972 ], [ -6.449675, 53.762868 ], [ -6.450756, 53.759536 ], [ -6.447628, 53.756993 ], [ -6.4589, 53.751131 ], [ -6.466525, 53.741006 ], [ -6.483975, 53.729885 ], [ -6.482719, 53.725716 ], [ -6.477844, 53.7246 ], [ -6.479428, 53.72251 ], [ -6.469941, 53.721346 ], [ -6.463648, 53.713318 ], [ -6.436834, 53.715431 ], [ -6.437134, 53.719284 ], [ -6.427854, 53.720685 ], [ -6.426673, 53.725026 ], [ -6.417932, 53.725636 ], [ -6.391902, 53.718902 ], [ -6.38893, 53.71461 ], [ -6.381079, 53.714515 ], [ -6.380408, 53.707452 ], [ -6.374074, 53.698492 ], [ -6.355166, 53.705556 ], [ -6.330965, 53.7072 ], [ -6.329641, 53.702493 ], [ -6.318356, 53.703281 ], [ -6.312333, 53.708064 ], [ -6.319642, 53.710602 ], [ -6.323151, 53.716322 ], [ -6.296205, 53.720813 ], [ -6.270006, 53.732144 ], [ -6.257458, 53.730637 ], [ -6.243492, 53.721278 ], [ -6.244801, 53.705049 ], [ -6.235606, 53.674642 ], [ -6.231466, 53.664131 ], [ -6.220971, 53.654292 ], [ -6.212638, 53.633957 ], [ -6.225286, 53.628694 ], [ -6.235536, 53.62984 ], [ -6.241289, 53.634726 ], [ -6.257635, 53.631736 ], [ -6.267945, 53.623883 ], [ -6.2685, 53.615657 ], [ -6.273597, 53.613953 ], [ -6.270935, 53.605221 ], [ -6.272483, 53.597437 ], [ -6.281984, 53.593962 ], [ -6.287673, 53.588106 ], [ -6.307544, 53.585303 ], [ -6.315409, 53.577231 ], [ -6.330121, 53.5722 ], [ -6.335408, 53.572522 ], [ -6.336584, 53.576192 ], [ -6.348855, 53.574937 ], [ -6.342724, 53.581981 ], [ -6.389132, 53.591006 ], [ -6.387344, 53.580464 ], [ -6.397672, 53.579188 ], [ -6.401982, 53.573438 ], [ -6.418741, 53.571141 ], [ -6.423851, 53.565757 ], [ -6.423506, 53.560409 ], [ -6.42964, 53.558411 ], [ -6.431884, 53.550882 ], [ -6.435756, 53.549218 ], [ -6.432609, 53.543224 ], [ -6.4198, 53.540546 ], [ -6.423255, 53.534964 ], [ -6.407625, 53.526388 ], [ -6.388892, 53.524648 ], [ -6.367474, 53.51653 ], [ -6.367479, 53.506371 ], [ -6.346467, 53.5019 ], [ -6.336962, 53.490367 ], [ -6.329222, 53.492144 ], [ -6.331258, 53.485765 ], [ -6.33957, 53.481832 ], [ -6.338096, 53.47763 ], [ -6.345988, 53.475133 ], [ -6.354971, 53.462336 ], [ -6.355673, 53.451473 ], [ -6.353062, 53.447773 ], [ -6.377697, 53.444388 ], [ -6.387196, 53.437985 ], [ -6.410391, 53.440805 ], [ -6.419675, 53.434882 ], [ -6.415188, 53.429933 ], [ -6.417942, 53.424318 ], [ -6.421739, 53.423398 ], [ -6.421304, 53.416901 ], [ -6.438056, 53.412238 ], [ -6.433582, 53.410492 ], [ -6.441044, 53.406274 ], [ -6.439604, 53.400085 ], [ -6.443664, 53.399697 ], [ -6.447013, 53.394051 ], [ -6.459964, 53.388463 ], [ -6.485182, 53.39025 ], [ -6.48491, 53.38771 ], [ -6.493613, 53.384245 ], [ -6.514641, 53.390872 ], [ -6.517321, 53.388827 ], [ -6.522995, 53.39397 ], [ -6.532184, 53.394192 ], [ -6.54654, 53.405176 ], [ -6.568955, 53.392854 ], [ -6.570509, 53.39064 ], [ -6.567715, 53.387897 ], [ -6.609204, 53.398616 ], [ -6.654129, 53.394911 ], [ -6.664217, 53.398492 ], [ -6.669412, 53.407834 ], [ -6.70945, 53.420512 ], [ -6.719713, 53.420456 ], [ -6.752655, 53.429194 ], [ -6.769477, 53.428788 ], [ -6.795608, 53.41797 ], [ -6.795494, 53.413315 ], [ -6.801998, 53.41029 ], [ -6.804653, 53.403813 ], [ -6.81155, 53.398468 ], [ -6.832598, 53.400683 ], [ -6.853044, 53.405381 ], [ -6.864036, 53.412578 ], [ -6.883259, 53.414887 ], [ -6.891099, 53.425975 ], [ -6.904022, 53.429541 ], [ -6.915002, 53.437196 ], [ -6.917486, 53.449381 ], [ -6.949739, 53.44138 ], [ -6.965325, 53.450966 ], [ -7.006926, 53.437209 ], [ -7.013974, 53.424946 ], [ -7.02513, 53.420275 ], [ -7.03305, 53.409999 ], [ -7.045083, 53.408095 ], [ -7.075827, 53.394969 ], [ -7.076935, 53.386079 ], [ -7.081369, 53.381867 ], [ -7.099496, 53.382716 ], [ -7.127022, 53.39533 ], [ -7.142002, 53.395641 ], [ -7.143474, 53.404849 ], [ -7.192242, 53.423288 ], [ -7.194891, 53.434818 ], [ -7.158687, 53.439155 ], [ -7.151335, 53.450125 ], [ -7.123862, 53.445997 ], [ -7.098985, 53.451819 ], [ -7.081836, 53.463724 ], [ -7.063012, 53.468878 ], [ -7.067071, 53.478334 ], [ -7.066279, 53.483567 ], [ -7.061838, 53.483192 ], [ -7.061853, 53.486413 ], [ -7.06885, 53.495169 ], [ -7.035348, 53.503687 ], [ -7.03881, 53.508609 ], [ -7.037397, 53.513018 ], [ -7.022963, 53.52232 ], [ -7.021902, 53.53673 ], [ -7.018051, 53.544755 ], [ -7.035487, 53.557 ], [ -7.031317, 53.567258 ], [ -7.023463, 53.575055 ], [ -7.014024, 53.578221 ], [ -6.98965, 53.578002 ], [ -6.995529, 53.584477 ], [ -6.995624, 53.589159 ], [ -6.985601, 53.591365 ], [ -6.979824, 53.605202 ], [ -6.987968, 53.612918 ], [ -6.988595, 53.618677 ], [ -6.978204, 53.627731 ], [ -6.965196, 53.631296 ], [ -6.962304, 53.644063 ], [ -6.956221, 53.649545 ], [ -6.958578, 53.653257 ], [ -6.954784, 53.654492 ], [ -6.959666, 53.657899 ], [ -6.972765, 53.65805 ], [ -6.980789, 53.671289 ], [ -7.000694, 53.67724 ], [ -7.003664, 53.676655 ], [ -7.005307, 53.667881 ], [ -7.023339, 53.671757 ], [ -7.028876, 53.660593 ], [ -7.036605, 53.657273 ], [ -7.040533, 53.660512 ], [ -7.050027, 53.659382 ], [ -7.067496, 53.644922 ], [ -7.07553, 53.652383 ], [ -7.08761, 53.655725 ], [ -7.096884, 53.664601 ], [ -7.109074, 53.668813 ], [ -7.120465, 53.682866 ], [ -7.130007, 53.673882 ], [ -7.135073, 53.673567 ], [ -7.147361, 53.684526 ], [ -7.186241, 53.691988 ], [ -7.191878, 53.689862 ], [ -7.202518, 53.699729 ], [ -7.210235, 53.69641 ], [ -7.216277, 53.704804 ], [ -7.225776, 53.703323 ], [ -7.230364, 53.711424 ], [ -7.239367, 53.717748 ], [ -7.232204, 53.727632 ], [ -7.235117, 53.730263 ], [ -7.22991, 53.733902 ], [ -7.231925, 53.735632 ], [ -7.238128, 53.735816 ], [ -7.243878, 53.742559 ], [ -7.26065, 53.746331 ], [ -7.269028, 53.751608 ], [ -7.275217, 53.763433 ], [ -7.292399, 53.778486 ], [ -7.316423, 53.784164 ], [ -7.316646, 53.788574 ], [ -7.336104, 53.787956 ], [ -7.341869, 53.7925 ], [ -7.343664, 53.799053 ], [ -7.307954, 53.81277 ], [ -7.283999, 53.797123 ], [ -7.279819, 53.792565 ], [ -7.278314, 53.781764 ], [ -7.274074, 53.779612 ], [ -7.262504, 53.779029 ], [ -7.253874, 53.773886 ], [ -7.240719, 53.778135 ], [ -7.229016, 53.771556 ], [ -7.214155, 53.770869 ], [ -7.214429, 53.773455 ], [ -7.21955, 53.774244 ], [ -7.210347, 53.780641 ], [ -7.21276, 53.785494 ], [ -7.193887, 53.794746 ], [ -7.184945, 53.788798 ], [ -7.174936, 53.791003 ], [ -7.176175, 53.795217 ], [ -7.156715, 53.794106 ], [ -7.157299, 53.797781 ], [ -7.152085, 53.801178 ], [ -7.153955, 53.806278 ], [ -7.1278, 53.790523 ], [ -7.123354, 53.793763 ], [ -7.110716, 53.791463 ], [ -7.105457, 53.786272 ], [ -7.104978, 53.776566 ], [ -7.050118, 53.771732 ], [ -7.038239, 53.776776 ], [ -7.020917, 53.769078 ], [ -7.002189, 53.765575 ], [ -6.995432, 53.781123 ], [ -6.990721, 53.775457 ], [ -6.981464, 53.772658 ], [ -6.971179, 53.777695 ], [ -6.972904, 53.785111 ], [ -6.963163, 53.791079 ], [ -6.951421, 53.781629 ], [ -6.933331, 53.78271 ], [ -6.929656, 53.785767 ], [ -6.941927, 53.789335 ], [ -6.940097, 53.79847 ], [ -6.931291, 53.803748 ], [ -6.921316, 53.801098 ], [ -6.91281, 53.808941 ], [ -6.918393, 53.813265 ], [ -6.917558, 53.817102 ], [ -6.953193, 53.835757 ], [ -6.955235, 53.845215 ], [ -6.962729, 53.843624 ], [ -6.965982, 53.846968 ], [ -6.964481, 53.849168 ], [ -6.972425, 53.857057 ], [ -6.966107, 53.861012 ], [ -6.97355, 53.867875 ], [ -6.972513, 53.872364 ], [ -6.95649, 53.863679 ], [ -6.930552, 53.87217 ], [ -6.92424, 53.875295 ], [ -6.932574, 53.881049 ], [ -6.935719, 53.891348 ], [ -6.924103, 53.892875 ], [ -6.896265, 53.880877 ], [ -6.884853, 53.88069 ], [ -6.880633, 53.878249 ], [ -6.88135, 53.875221 ], [ -6.845081, 53.878732 ], [ -6.840079, 53.88245 ], [ -6.846241, 53.888708 ], [ -6.835443, 53.895218 ], [ -6.825534, 53.893937 ], [ -6.823562, 53.897382 ], [ -6.809191, 53.896101 ], [ -6.81531, 53.891107 ], [ -6.800369, 53.890687 ], [ -6.796556, 53.889147 ], [ -6.799191, 53.886971 ], [ -6.793711, 53.886715 ], [ -6.785344, 53.889935 ], [ -6.787506, 53.893274 ], [ -6.783448, 53.897646 ], [ -6.789821, 53.900176 ], [ -6.779274, 53.916317 ], [ -6.76921, 53.910681 ], [ -6.762567, 53.913838 ], [ -6.762007, 53.917481 ], [ -6.745131, 53.912446 ], [ -6.729376, 53.916872 ] ] ] } },
{ "type": "Feature", "properties": { "local_authority": "Monaghan" }, "geometry": { "type": "Polygon", "coordinates": [ [ [ -7.029146, 54.421391 ], [ -7.019566, 54.417958 ], [ -7.016603, 54.41399 ], [ -7.013361, 54.416983 ], [ -7.000655, 54.413239 ], [ -6.998771, 54.410464 ], [ -7.002126, 54.408479 ], [ -6.996078, 54.405427 ], [ -6.987751, 54.407446 ], [ -6.989361, 54.409401 ], [ -6.978715, 54.408532 ], [ -6.980957, 54.407547 ], [ -6.976821, 54.406024 ], [ -6.978471, 54.402001 ], [ -6.958929, 54.397716 ], [ -6.959715, 54.392266 ], [ -6.944041, 54.391098 ], [ -6.945569, 54.38721 ], [ -6.938035, 54.383165 ], [ -6.923592, 54.382803 ], [ -6.933169, 54.379919 ], [ -6.932668, 54.377768 ], [ -6.926181, 54.375823 ], [ -6.9222, 54.378697 ], [ -6.911191, 54.374691 ], [ -6.912376, 54.371833 ], [ -6.906696, 54.369512 ], [ -6.910585, 54.365316 ], [ -6.902957, 54.360865 ], [ -6.905634, 54.359945 ], [ -6.906317, 54.350388 ], [ -6.892851, 54.351088 ], [ -6.886291, 54.345994 ], [ -6.875937, 54.346513 ], [ -6.875537, 54.338526 ], [ -6.863865, 54.330096 ], [ -6.863328, 54.315315 ], [ -6.856334, 54.313551 ], [ -6.859094, 54.303964 ], [ -6.850799, 54.297296 ], [ -6.852755, 54.290657 ], [ -6.860439, 54.289189 ], [ -6.859072, 54.281836 ], [ -6.868018, 54.282116 ], [ -6.867711, 54.285698 ], [ -6.872292, 54.287941 ], [ -6.877847, 54.285112 ], [ -6.874701, 54.282026 ], [ -6.877909, 54.279088 ], [ -6.865447, 54.274532 ], [ -6.8662, 54.269959 ], [ -6.85262, 54.269044 ], [ -6.85181, 54.265005 ], [ -6.839353, 54.267724 ], [ -6.827741, 54.261428 ], [ -6.829106, 54.247453 ], [ -6.818987, 54.238466 ], [ -6.816202, 54.222994 ], [ -6.808646, 54.224708 ], [ -6.800342, 54.221104 ], [ -6.802437, 54.21544 ], [ -6.795159, 54.209095 ], [ -6.784305, 54.205988 ], [ -6.775571, 54.198945 ], [ -6.755892, 54.199021 ], [ -6.744593, 54.184275 ], [ -6.738593, 54.181524 ], [ -6.735066, 54.185792 ], [ -6.720928, 54.182032 ], [ -6.7209, 54.187156 ], [ -6.71297, 54.19142 ], [ -6.71419, 54.194075 ], [ -6.710086, 54.198059 ], [ -6.691813, 54.200219 ], [ -6.682754, 54.193165 ], [ -6.678366, 54.195647 ], [ -6.673494, 54.192173 ], [ -6.665084, 54.193191 ], [ -6.658618, 54.184758 ], [ -6.644042, 54.179764 ], [ -6.635638, 54.170724 ], [ -6.629721, 54.153412 ], [ -6.631607, 54.147056 ], [ -6.640741, 54.141988 ], [ -6.639787, 54.131642 ], [ -6.649647, 54.129628 ], [ -6.648864, 54.121393 ], [ -6.661242, 54.12256 ], [ -6.660725, 54.117357 ], [ -6.645433, 54.100628 ], [ -6.645081, 54.09597 ], [ -6.652043, 54.092983 ], [ -6.658825, 54.096147 ], [ -6.661989, 54.092785 ], [ -6.655626, 54.087092 ], [ -6.658709, 54.083926 ], [ -6.65817, 54.07615 ], [ -6.668635, 54.072142 ], [ -6.661105, 54.06288 ], [ -6.649926, 54.061501 ], [ -6.640811, 54.048339 ], [ -6.629961, 54.043315 ], [ -6.623754, 54.036473 ], [ -6.623445, 54.038907 ], [ -6.617414, 54.039003 ], [ -6.616173, 54.042589 ], [ -6.606589, 54.039668 ], [ -6.604595, 54.044981 ], [ -6.598346, 54.045784 ], [ -6.573578, 54.034118 ], [ -6.579236, 54.03019 ], [ -6.571227, 54.026793 ], [ -6.57161, 54.022507 ], [ -6.56363, 54.020289 ], [ -6.569347, 54.017339 ], [ -6.558319, 54.01545 ], [ -6.558206, 54.009711 ], [ -6.549728, 54.005854 ], [ -6.550962, 54.002879 ], [ -6.562739, 53.99913 ], [ -6.554554, 53.994358 ], [ -6.555922, 53.991071 ], [ -6.552814, 53.986557 ], [ -6.558554, 53.987749 ], [ -6.567886, 53.981773 ], [ -6.562327, 53.978733 ], [ -6.566801, 53.974086 ], [ -6.565657, 53.970888 ], [ -6.591003, 53.970527 ], [ -6.593142, 53.974598 ], [ -6.608205, 53.980854 ], [ -6.618601, 53.983953 ], [ -6.62764, 53.982132 ], [ -6.62483, 53.981064 ], [ -6.626473, 53.975527 ], [ -6.635745, 53.976818 ], [ -6.643027, 53.971383 ], [ -6.635548, 53.968625 ], [ -6.637613, 53.964621 ], [ -6.649936, 53.963517 ], [ -6.656025, 53.966101 ], [ -6.661295, 53.962504 ], [ -6.647968, 53.957086 ], [ -6.647227, 53.952865 ], [ -6.662283, 53.957414 ], [ -6.647991, 53.945866 ], [ -6.660285, 53.941638 ], [ -6.633433, 53.932919 ], [ -6.628636, 53.928328 ], [ -6.644787, 53.923814 ], [ -6.647347, 53.916057 ], [ -6.665393, 53.913394 ], [ -6.674272, 53.908836 ], [ -6.686371, 53.911952 ], [ -6.694696, 53.907919 ], [ -6.695226, 53.901752 ], [ -6.699848, 53.90068 ], [ -6.714709, 53.90353 ], [ -6.727775, 53.911417 ], [ -6.730586, 53.917669 ], [ -6.745131, 53.912446 ], [ -6.763502, 53.917783 ], [ -6.777326, 53.927856 ], [ -6.793545, 53.926534 ], [ -6.807246, 53.928045 ], [ -6.81139, 53.931669 ], [ -6.830267, 53.932053 ], [ -6.83317, 53.934701 ], [ -6.829171, 53.936487 ], [ -6.836083, 53.942017 ], [ -6.833052, 53.945266 ], [ -6.839188, 53.947345 ], [ -6.838816, 53.952728 ], [ -6.844269, 53.959659 ], [ -6.854365, 53.963631 ], [ -6.852551, 53.965898 ], [ -6.867032, 53.983545 ], [ -6.864109, 53.987938 ], [ -6.880247, 53.992714 ], [ -6.881405, 53.99494 ], [ -6.875577, 53.99777 ], [ -6.890702, 54.003213 ], [ -6.888992, 54.011646 ], [ -6.896349, 54.012471 ], [ -6.901253, 54.008739 ], [ -6.914838, 54.016233 ], [ -6.925093, 54.011919 ], [ -6.934893, 54.018959 ], [ -6.933963, 54.024754 ], [ -6.938949, 54.027564 ], [ -6.939673, 54.033392 ], [ -6.94901, 54.036409 ], [ -6.95612, 54.043292 ], [ -6.966319, 54.040174 ], [ -6.967547, 54.04577 ], [ -6.98237, 54.051922 ], [ -6.986526, 54.061952 ], [ -7.002268, 54.064799 ], [ -7.012355, 54.077723 ], [ -7.023627, 54.078124 ], [ -7.028809, 54.082975 ], [ -7.029262, 54.087862 ], [ -7.014153, 54.092737 ], [ -7.017693, 54.09859 ], [ -7.031755, 54.096741 ], [ -7.04881, 54.100597 ], [ -7.053375, 54.093812 ], [ -7.078281, 54.088854 ], [ -7.087044, 54.081796 ], [ -7.092844, 54.082684 ], [ -7.091443, 54.087383 ], [ -7.101279, 54.093894 ], [ -7.126199, 54.094661 ], [ -7.149964, 54.082119 ], [ -7.163785, 54.083765 ], [ -7.162982, 54.087465 ], [ -7.166593, 54.089279 ], [ -7.180707, 54.0865 ], [ -7.195931, 54.096407 ], [ -7.201891, 54.092408 ], [ -7.20556, 54.093349 ], [ -7.223375, 54.102397 ], [ -7.232375, 54.096542 ], [ -7.247005, 54.102186 ], [ -7.238037, 54.094793 ], [ -7.245899, 54.092718 ], [ -7.258256, 54.096291 ], [ -7.263231, 54.09324 ], [ -7.287948, 54.106795 ], [ -7.301017, 54.106138 ], [ -7.307421, 54.109249 ], [ -7.314202, 54.105548 ], [ -7.321073, 54.108685 ], [ -7.319824, 54.113527 ], [ -7.307782, 54.11734 ], [ -7.305298, 54.123363 ], [ -7.316078, 54.126952 ], [ -7.312035, 54.131725 ], [ -7.318667, 54.134377 ], [ -7.318658, 54.137423 ], [ -7.327488, 54.135252 ], [ -7.329709, 54.141027 ], [ -7.339506, 54.146675 ], [ -7.326104, 54.151544 ], [ -7.310234, 54.167304 ], [ -7.300375, 54.166164 ], [ -7.291301, 54.17194 ], [ -7.279775, 54.167661 ], [ -7.285786, 54.157872 ], [ -7.283834, 54.153875 ], [ -7.2899, 54.149218 ], [ -7.298869, 54.149318 ], [ -7.301276, 54.14399 ], [ -7.284189, 54.139747 ], [ -7.285419, 54.136355 ], [ -7.292688, 54.130564 ], [ -7.298584, 54.133798 ], [ -7.308932, 54.132125 ], [ -7.303031, 54.126558 ], [ -7.303552, 54.122917 ], [ -7.297916, 54.120579 ], [ -7.291887, 54.119093 ], [ -7.279439, 54.122409 ], [ -7.277966, 54.129156 ], [ -7.262966, 54.137403 ], [ -7.263889, 54.145444 ], [ -7.256709, 54.148138 ], [ -7.258217, 54.153742 ], [ -7.252482, 54.155675 ], [ -7.259609, 54.1627 ], [ -7.240298, 54.169711 ], [ -7.258089, 54.177191 ], [ -7.256476, 54.181774 ], [ -7.25955, 54.183951 ], [ -7.256072, 54.190208 ], [ -7.259172, 54.192197 ], [ -7.23609, 54.193412 ], [ -7.233007, 54.197808 ], [ -7.242722, 54.20066 ], [ -7.249218, 54.197916 ], [ -7.248083, 54.204441 ], [ -7.231759, 54.205601 ], [ -7.232682, 54.210865 ], [ -7.221061, 54.215759 ], [ -7.209051, 54.21282 ], [ -7.19879, 54.215629 ], [ -7.18826, 54.224844 ], [ -7.184235, 54.224374 ], [ -7.184772, 54.220096 ], [ -7.170686, 54.217646 ], [ -7.144977, 54.224736 ], [ -7.14985, 54.231623 ], [ -7.146105, 54.239805 ], [ -7.158979, 54.243692 ], [ -7.142549, 54.251639 ], [ -7.142128, 54.255529 ], [ -7.150499, 54.258367 ], [ -7.152474, 54.266732 ], [ -7.159191, 54.269052 ], [ -7.157188, 54.270679 ], [ -7.160635, 54.273565 ], [ -7.178937, 54.272309 ], [ -7.179619, 54.276784 ], [ -7.171239, 54.283612 ], [ -7.173235, 54.286161 ], [ -7.206974, 54.294377 ], [ -7.212114, 54.299675 ], [ -7.1977, 54.311038 ], [ -7.179501, 54.309282 ], [ -7.18041, 54.332076 ], [ -7.188506, 54.337741 ], [ -7.181566, 54.339828 ], [ -7.152205, 54.33556 ], [ -7.141308, 54.339008 ], [ -7.136414, 54.344616 ], [ -7.127947, 54.345547 ], [ -7.123761, 54.350699 ], [ -7.103528, 54.355932 ], [ -7.10174, 54.360772 ], [ -7.10969, 54.368302 ], [ -7.084569, 54.378622 ], [ -7.072374, 54.388368 ], [ -7.070042, 54.395418 ], [ -7.0563, 54.407683 ], [ -7.057276, 54.411101 ], [ -7.029146, 54.421391 ] ] ] } },
{ "type": "Feature", "properties": { "local_authority": "Offaly" }, "geometry": { "type": "Polygon", "coordinates": [ [ [ -7.192242, 53.423288 ], [ -7.141485, 53.403479 ], [ -7.143992, 53.396847 ], [ -7.142002, 53.395641 ], [ -7.127022, 53.39533 ], [ -7.099496, 53.382716 ], [ -7.081369, 53.381867 ], [ -7.08816, 53.368347 ], [ -7.060167, 53.354011 ], [ -7.042576, 53.35695 ], [ -7.023847, 53.343398 ], [ -7.021583, 53.339313 ], [ -7.024835, 53.33753 ], [ -7.024597, 53.33087 ], [ -6.990484, 53.321354 ], [ -6.979225, 53.313193 ], [ -6.977708, 53.307661 ], [ -7.013321, 53.296336 ], [ -7.007333, 53.290999 ], [ -6.991497, 53.28628 ], [ -7.003521, 53.28148 ], [ -7.034292, 53.278328 ], [ -7.019075, 53.253224 ], [ -7.054599, 53.242723 ], [ -7.054893, 53.240116 ], [ -7.04964, 53.237586 ], [ -7.052555, 53.235562 ], [ -7.072193, 53.234833 ], [ -7.071956, 53.230258 ], [ -7.058289, 53.228855 ], [ -7.049196, 53.224127 ], [ -7.040963, 53.224811 ], [ -7.036594, 53.228864 ], [ -7.012174, 53.218054 ], [ -7.014396, 53.21373 ], [ -7.041069, 53.208373 ], [ -7.035286, 53.204609 ], [ -7.036046, 53.190019 ], [ -7.069421, 53.191355 ], [ -7.100371, 53.186887 ], [ -7.157117, 53.191224 ], [ -7.168931, 53.184914 ], [ -7.159023, 53.181347 ], [ -7.124846, 53.180551 ], [ -7.106021, 53.168034 ], [ -7.11541, 53.158447 ], [ -7.171577, 53.157506 ], [ -7.176708, 53.160894 ], [ -7.175204, 53.166404 ], [ -7.18032, 53.174689 ], [ -7.192704, 53.167618 ], [ -7.192908, 53.161937 ], [ -7.199151, 53.155509 ], [ -7.216933, 53.149475 ], [ -7.225796, 53.150157 ], [ -7.2375, 53.139236 ], [ -7.245112, 53.139474 ], [ -7.248075, 53.143507 ], [ -7.259252, 53.14325 ], [ -7.262325, 53.137591 ], [ -7.269596, 53.140449 ], [ -7.272877, 53.135991 ], [ -7.285926, 53.137515 ], [ -7.300729, 53.134344 ], [ -7.31216, 53.139338 ], [ -7.322148, 53.148318 ], [ -7.321881, 53.15303 ], [ -7.33322, 53.169447 ], [ -7.317306, 53.169706 ], [ -7.333481, 53.186934 ], [ -7.353174, 53.197007 ], [ -7.359655, 53.202976 ], [ -7.360396, 53.208411 ], [ -7.374946, 53.210107 ], [ -7.379936, 53.215653 ], [ -7.391199, 53.207405 ], [ -7.405628, 53.212599 ], [ -7.415601, 53.208007 ], [ -7.420131, 53.210313 ], [ -7.429169, 53.20676 ], [ -7.430986, 53.204373 ], [ -7.427031, 53.193137 ], [ -7.432291, 53.186916 ], [ -7.453224, 53.186339 ], [ -7.487207, 53.196915 ], [ -7.493791, 53.190273 ], [ -7.532325, 53.184573 ], [ -7.547317, 53.17679 ], [ -7.578708, 53.175835 ], [ -7.632515, 53.168 ], [ -7.629471, 53.161862 ], [ -7.645949, 53.151768 ], [ -7.644854, 53.142966 ], [ -7.631923, 53.130811 ], [ -7.625185, 53.13008 ], [ -7.610774, 53.118641 ], [ -7.613372, 53.11126 ], [ -7.591418, 53.10601 ], [ -7.586516, 53.103682 ], [ -7.587723, 53.099838 ], [ -7.60363, 53.086545 ], [ -7.60016, 53.083915 ], [ -7.611304, 53.072994 ], [ -7.658373, 53.050743 ], [ -7.654402, 53.040681 ], [ -7.696869, 53.027112 ], [ -7.709203, 53.009318 ], [ -7.706735, 52.993623 ], [ -7.712274, 52.988614 ], [ -7.703298, 52.986105 ], [ -7.7175, 52.968851 ], [ -7.73035, 52.963228 ], [ -7.730445, 52.957657 ], [ -7.747355, 52.962546 ], [ -7.759557, 52.960914 ], [ -7.75965, 52.966227 ], [ -7.770343, 52.970659 ], [ -7.791185, 52.970318 ], [ -7.793116, 52.978125 ], [ -7.798603, 52.981862 ], [ -7.812529, 52.978446 ], [ -7.815418, 52.974818 ], [ -7.825419, 52.97473 ], [ -7.8241, 52.968346 ], [ -7.840477, 52.964634 ], [ -7.837449, 52.962819 ], [ -7.844663, 52.959078 ], [ -7.845113, 52.955327 ], [ -7.865392, 52.955503 ], [ -7.86268, 52.95184 ], [ -7.867204, 52.945768 ], [ -7.849963, 52.939893 ], [ -7.843423, 52.933831 ], [ -7.871363, 52.923767 ], [ -7.860692, 52.916158 ], [ -7.863738, 52.913718 ], [ -7.893795, 52.907755 ], [ -7.884511, 52.898916 ], [ -7.893745, 52.89686 ], [ -7.895794, 52.89302 ], [ -7.917359, 52.896978 ], [ -7.918928, 52.893152 ], [ -7.912349, 52.884266 ], [ -7.932458, 52.876263 ], [ -7.939424, 52.888322 ], [ -7.956432, 52.89414 ], [ -7.961165, 52.893051 ], [ -7.944986, 52.879818 ], [ -7.944977, 52.866663 ], [ -7.962465, 52.858824 ], [ -7.964018, 52.857116 ], [ -7.960214, 52.853809 ], [ -7.969065, 52.848288 ], [ -7.987032, 52.854007 ], [ -7.988367, 52.858596 ], [ -7.99845, 52.865158 ], [ -7.994572, 52.865051 ], [ -7.993723, 52.873496 ], [ -7.987317, 52.8792 ], [ -8.024277, 52.887053 ], [ -8.025636, 52.890493 ], [ -8.039629, 52.889152 ], [ -8.041737, 52.89782 ], [ -8.047493, 52.900106 ], [ -8.037915, 52.911792 ], [ -8.055109, 52.928107 ], [ -8.046221, 52.939847 ], [ -8.012962, 52.928468 ], [ -8.004542, 52.929111 ], [ -7.993033, 52.93104 ], [ -7.984248, 52.938652 ], [ -7.98592, 52.94626 ], [ -7.974833, 52.949155 ], [ -7.987973, 52.965553 ], [ -7.987466, 52.972576 ], [ -8.0082, 52.984197 ], [ -8.004534, 52.992317 ], [ -7.992778, 52.998819 ], [ -7.965856, 52.995811 ], [ -7.959696, 52.9925 ], [ -7.94995, 52.995428 ], [ -7.952772, 53.002191 ], [ -7.962765, 53.011511 ], [ -7.959882, 53.021411 ], [ -7.963659, 53.02508 ], [ -7.962164, 53.031005 ], [ -7.955418, 53.032747 ], [ -7.963532, 53.041887 ], [ -7.954596, 53.046586 ], [ -7.936325, 53.044831 ], [ -7.939187, 53.051603 ], [ -7.935231, 53.053984 ], [ -7.933995, 53.060872 ], [ -7.927036, 53.065812 ], [ -7.92842, 53.07802 ], [ -7.921928, 53.082757 ], [ -7.920336, 53.088845 ], [ -7.928244, 53.097054 ], [ -7.921062, 53.099936 ], [ -7.920809, 53.104669 ], [ -7.936208, 53.10982 ], [ -7.937977, 53.115432 ], [ -7.948037, 53.121834 ], [ -7.974285, 53.12912 ], [ -7.977418, 53.134175 ], [ -7.992646, 53.139058 ], [ -8.004518, 53.139058 ], [ -8.020074, 53.14812 ], [ -8.055315, 53.154053 ], [ -8.061817, 53.159661 ], [ -8.083341, 53.168513 ], [ -8.061681, 53.187965 ], [ -8.05025, 53.193491 ], [ -8.023307, 53.195805 ], [ -7.991945, 53.193836 ], [ -7.97034, 53.215072 ], [ -7.967334, 53.226464 ], [ -7.971846, 53.23312 ], [ -8.009115, 53.25136 ], [ -8.027284, 53.253164 ], [ -8.029342, 53.263145 ], [ -8.034945, 53.263945 ], [ -8.042807, 53.271524 ], [ -8.055683, 53.274079 ], [ -8.048892, 53.280956 ], [ -8.046241, 53.288802 ], [ -8.031798, 53.295021 ], [ -8.02412, 53.304106 ], [ -8.027922, 53.313029 ], [ -8.027095, 53.321221 ], [ -8.024361, 53.322888 ], [ -8.012314, 53.324464 ], [ -8.004123, 53.321957 ], [ -7.986188, 53.329144 ], [ -7.98965, 53.331027 ], [ -7.984144, 53.337163 ], [ -7.968077, 53.33548 ], [ -7.944199, 53.340988 ], [ -7.941581, 53.342718 ], [ -7.943407, 53.350564 ], [ -7.940073, 53.35506 ], [ -7.932762, 53.361081 ], [ -7.923448, 53.363189 ], [ -7.906064, 53.362434 ], [ -7.882737, 53.348989 ], [ -7.854571, 53.347076 ], [ -7.846628, 53.341147 ], [ -7.840332, 53.347855 ], [ -7.844882, 53.349703 ], [ -7.825376, 53.355765 ], [ -7.81835, 53.356338 ], [ -7.804517, 53.350412 ], [ -7.794348, 53.35317 ], [ -7.772144, 53.347005 ], [ -7.762817, 53.348082 ], [ -7.704208, 53.366053 ], [ -7.715132, 53.369837 ], [ -7.709328, 53.380269 ], [ -7.70225, 53.382951 ], [ -7.696204, 53.38124 ], [ -7.691459, 53.389645 ], [ -7.695658, 53.391087 ], [ -7.679895, 53.394113 ], [ -7.675547, 53.399028 ], [ -7.679613, 53.402436 ], [ -7.66563, 53.401183 ], [ -7.663584, 53.409767 ], [ -7.648613, 53.404885 ], [ -7.645356, 53.410979 ], [ -7.627813, 53.413443 ], [ -7.624692, 53.418075 ], [ -7.613081, 53.411311 ], [ -7.606745, 53.41147 ], [ -7.605038, 53.400561 ], [ -7.584749, 53.396081 ], [ -7.580162, 53.390276 ], [ -7.581896, 53.387069 ], [ -7.574986, 53.380982 ], [ -7.566233, 53.379512 ], [ -7.56816, 53.366114 ], [ -7.563475, 53.353764 ], [ -7.565916, 53.351867 ], [ -7.562612, 53.347358 ], [ -7.556894, 53.348432 ], [ -7.542295, 53.338441 ], [ -7.537021, 53.327085 ], [ -7.528033, 53.321663 ], [ -7.525929, 53.324964 ], [ -7.53458, 53.330889 ], [ -7.529223, 53.337634 ], [ -7.531287, 53.33963 ], [ -7.528798, 53.34724 ], [ -7.493848, 53.34082 ], [ -7.49631, 53.3343 ], [ -7.492553, 53.329406 ], [ -7.472259, 53.332714 ], [ -7.47073, 53.329335 ], [ -7.463167, 53.328249 ], [ -7.455825, 53.317963 ], [ -7.44306, 53.322647 ], [ -7.444161, 53.328777 ], [ -7.424761, 53.33469 ], [ -7.399121, 53.330242 ], [ -7.367898, 53.341015 ], [ -7.365394, 53.348686 ], [ -7.342523, 53.358718 ], [ -7.347398, 53.360187 ], [ -7.342948, 53.363374 ], [ -7.328699, 53.365759 ], [ -7.279048, 53.393457 ], [ -7.276116, 53.395998 ], [ -7.27718, 53.399479 ], [ -7.255104, 53.398378 ], [ -7.215679, 53.406987 ], [ -7.211085, 53.412202 ], [ -7.213671, 53.418119 ], [ -7.208484, 53.422396 ], [ -7.192242, 53.423288 ] ] ] } },
{ "type": "Feature", "properties": { "local_authority": "Roscommon" }, "geometry": { "type": "Polygon", "coordinates": [ [ [ -8.148062, 54.125239 ], [ -8.134738, 54.119816 ], [ -8.125583, 54.120062 ], [ -8.111045, 54.11429 ], [ -8.105524, 54.108928 ], [ -8.085544, 54.109696 ], [ -8.079087, 54.104577 ], [ -8.053148, 54.104687 ], [ -8.056971, 54.07828 ], [ -8.047567, 54.071589 ], [ -8.070458, 54.051258 ], [ -8.080469, 54.053004 ], [ -8.07889, 54.049134 ], [ -8.091507, 54.033794 ], [ -8.085375, 54.011108 ], [ -8.079905, 54.009185 ], [ -8.077471, 54.004476 ], [ -8.07885, 53.991574 ], [ -8.068548, 53.986974 ], [ -8.079081, 53.975723 ], [ -8.090489, 53.975912 ], [ -8.095122, 53.964949 ], [ -8.102782, 53.962993 ], [ -8.115509, 53.952822 ], [ -8.100803, 53.948967 ], [ -8.10012, 53.942783 ], [ -8.084399, 53.942715 ], [ -8.081576, 53.938868 ], [ -8.083081, 53.93589 ], [ -8.093548, 53.93028 ], [ -8.088972, 53.928137 ], [ -8.084652, 53.91988 ], [ -8.073086, 53.92373 ], [ -8.073982, 53.918604 ], [ -8.068404, 53.917398 ], [ -8.062646, 53.909924 ], [ -8.049018, 53.912538 ], [ -8.029784, 53.922368 ], [ -8.026391, 53.927347 ], [ -8.032679, 53.930769 ], [ -8.0249, 53.935904 ], [ -8.01022, 53.932888 ], [ -8.012861, 53.926789 ], [ -8.005159, 53.91974 ], [ -7.993896, 53.921442 ], [ -7.989354, 53.91573 ], [ -7.993727, 53.904145 ], [ -7.977299, 53.888065 ], [ -7.981583, 53.884449 ], [ -7.977537, 53.875591 ], [ -7.98121, 53.869847 ], [ -7.976554, 53.865688 ], [ -7.961616, 53.866968 ], [ -7.940375, 53.847543 ], [ -7.928581, 53.850471 ], [ -7.924417, 53.846451 ], [ -7.924093, 53.84108 ], [ -7.918746, 53.837515 ], [ -7.91797, 53.828537 ], [ -7.920863, 53.824648 ], [ -7.910749, 53.809786 ], [ -7.909985, 53.795161 ], [ -7.894087, 53.786287 ], [ -7.881199, 53.785633 ], [ -7.875845, 53.777396 ], [ -7.883448, 53.771502 ], [ -7.881969, 53.767252 ], [ -7.887124, 53.758694 ], [ -7.917548, 53.746979 ], [ -7.917, 53.735876 ], [ -7.928235, 53.733129 ], [ -7.939066, 53.738382 ], [ -7.947469, 53.737053 ], [ -7.944137, 53.728245 ], [ -7.95008, 53.712871 ], [ -7.954353, 53.710386 ], [ -7.965211, 53.71125 ], [ -7.97704, 53.701687 ], [ -7.987356, 53.699706 ], [ -7.982468, 53.690321 ], [ -7.98409, 53.680365 ], [ -7.999477, 53.669029 ], [ -8.003792, 53.66221 ], [ -8.014786, 53.662397 ], [ -8.021483, 53.657747 ], [ -8.034651, 53.643387 ], [ -8.035976, 53.607687 ], [ -8.015202, 53.581073 ], [ -7.98071, 53.551905 ], [ -7.955046, 53.48147 ], [ -7.966832, 53.449711 ], [ -7.959747, 53.442489 ], [ -7.958603, 53.435673 ], [ -7.952514, 53.431444 ], [ -7.972953, 53.422276 ], [ -7.940499, 53.412413 ], [ -7.943713, 53.410525 ], [ -7.940951, 53.404153 ], [ -7.923782, 53.394448 ], [ -7.923172, 53.388032 ], [ -7.910313, 53.371383 ], [ -7.911977, 53.368236 ], [ -7.937025, 53.358004 ], [ -7.943407, 53.350564 ], [ -7.942949, 53.341497 ], [ -7.968077, 53.33548 ], [ -7.982662, 53.337585 ], [ -7.988736, 53.333716 ], [ -7.98965, 53.331027 ], [ -7.986188, 53.329144 ], [ -7.995436, 53.324616 ], [ -8.004123, 53.321957 ], [ -8.021605, 53.323875 ], [ -8.027095, 53.321221 ], [ -8.027922, 53.313029 ], [ -8.02412, 53.304106 ], [ -8.031798, 53.295021 ], [ -8.046241, 53.288802 ], [ -8.056565, 53.271577 ], [ -8.13369, 53.281933 ], [ -8.139658, 53.278968 ], [ -8.148031, 53.279868 ], [ -8.153542, 53.287346 ], [ -8.177138, 53.288462 ], [ -8.183278, 53.299948 ], [ -8.187945, 53.301299 ], [ -8.187283, 53.304318 ], [ -8.195321, 53.30769 ], [ -8.190329, 53.313309 ], [ -8.192223, 53.31899 ], [ -8.186851, 53.322284 ], [ -8.190578, 53.328873 ], [ -8.187613, 53.336187 ], [ -8.19351, 53.335541 ], [ -8.199946, 53.347778 ], [ -8.213566, 53.344106 ], [ -8.232503, 53.349652 ], [ -8.227563, 53.356147 ], [ -8.237581, 53.358213 ], [ -8.237218, 53.364254 ], [ -8.242936, 53.366186 ], [ -8.246241, 53.37457 ], [ -8.234493, 53.3816 ], [ -8.224615, 53.395995 ], [ -8.238242, 53.406253 ], [ -8.239575, 53.412316 ], [ -8.257221, 53.413588 ], [ -8.256738, 53.420507 ], [ -8.263113, 53.432718 ], [ -8.248907, 53.438183 ], [ -8.244239, 53.436638 ], [ -8.23886, 53.440902 ], [ -8.238328, 53.445559 ], [ -8.262679, 53.45583 ], [ -8.262708, 53.461178 ], [ -8.266686, 53.463657 ], [ -8.287452, 53.471713 ], [ -8.270519, 53.479573 ], [ -8.281636, 53.488449 ], [ -8.275198, 53.495935 ], [ -8.292993, 53.509622 ], [ -8.291267, 53.51795 ], [ -8.277382, 53.519889 ], [ -8.276942, 53.523947 ], [ -8.293908, 53.530363 ], [ -8.284931, 53.537462 ], [ -8.296748, 53.542424 ], [ -8.291266, 53.545091 ], [ -8.298487, 53.548515 ], [ -8.295314, 53.553901 ], [ -8.308085, 53.560118 ], [ -8.297703, 53.566003 ], [ -8.288285, 53.561881 ], [ -8.283333, 53.565147 ], [ -8.301062, 53.572453 ], [ -8.30654, 53.578174 ], [ -8.342115, 53.578642 ], [ -8.342284, 53.583021 ], [ -8.337467, 53.588087 ], [ -8.349717, 53.591661 ], [ -8.354013, 53.598786 ], [ -8.367501, 53.601066 ], [ -8.378116, 53.598717 ], [ -8.382604, 53.60309 ], [ -8.383556, 53.607473 ], [ -8.379069, 53.61695 ], [ -8.393408, 53.62367 ], [ -8.389893, 53.626665 ], [ -8.410906, 53.624945 ], [ -8.396333, 53.631395 ], [ -8.394931, 53.639656 ], [ -8.383222, 53.639841 ], [ -8.377215, 53.643685 ], [ -8.366996, 53.640264 ], [ -8.361542, 53.64789 ], [ -8.363257, 53.651536 ], [ -8.371742, 53.654912 ], [ -8.377937, 53.653289 ], [ -8.398338, 53.665059 ], [ -8.415626, 53.666671 ], [ -8.433332, 53.673573 ], [ -8.437376, 53.677004 ], [ -8.433932, 53.681966 ], [ -8.446429, 53.686267 ], [ -8.444002, 53.691479 ], [ -8.457965, 53.69679 ], [ -8.459421, 53.700263 ], [ -8.448881, 53.697871 ], [ -8.441887, 53.703313 ], [ -8.452608, 53.705822 ], [ -8.467833, 53.715295 ], [ -8.51977, 53.712272 ], [ -8.534534, 53.718888 ], [ -8.533871, 53.716307 ], [ -8.550655, 53.718709 ], [ -8.559403, 53.715892 ], [ -8.573706, 53.718912 ], [ -8.582829, 53.713753 ], [ -8.581072, 53.708645 ], [ -8.604315, 53.710496 ], [ -8.608835, 53.705965 ], [ -8.63475, 53.704193 ], [ -8.635453, 53.698718 ], [ -8.645257, 53.693982 ], [ -8.640988, 53.685792 ], [ -8.650804, 53.683045 ], [ -8.659029, 53.675795 ], [ -8.723445, 53.665056 ], [ -8.724663, 53.669665 ], [ -8.729078, 53.671215 ], [ -8.733848, 53.665825 ], [ -8.745104, 53.661982 ], [ -8.755843, 53.665882 ], [ -8.769028, 53.664084 ], [ -8.773529, 53.666435 ], [ -8.794291, 53.65704 ], [ -8.823716, 53.66571 ], [ -8.806909, 53.674818 ], [ -8.806562, 53.679048 ], [ -8.791314, 53.696191 ], [ -8.775999, 53.688076 ], [ -8.759316, 53.690867 ], [ -8.756308, 53.692934 ], [ -8.760772, 53.696945 ], [ -8.756091, 53.700759 ], [ -8.712884, 53.712117 ], [ -8.714467, 53.724697 ], [ -8.693334, 53.723974 ], [ -8.700557, 53.733743 ], [ -8.694845, 53.739601 ], [ -8.689961, 53.739597 ], [ -8.691163, 53.742687 ], [ -8.684442, 53.745519 ], [ -8.684913, 53.748932 ], [ -8.680128, 53.753201 ], [ -8.680625, 53.764055 ], [ -8.684253, 53.766622 ], [ -8.669215, 53.772595 ], [ -8.666276, 53.776634 ], [ -8.68011, 53.779946 ], [ -8.689159, 53.788219 ], [ -8.686305, 53.792975 ], [ -8.693887, 53.798179 ], [ -8.705135, 53.797252 ], [ -8.709088, 53.802242 ], [ -8.739432, 53.80994 ], [ -8.71555, 53.817223 ], [ -8.722857, 53.824075 ], [ -8.721978, 53.82727 ], [ -8.711323, 53.831896 ], [ -8.718114, 53.835551 ], [ -8.714714, 53.83772 ], [ -8.723707, 53.847145 ], [ -8.710744, 53.846988 ], [ -8.708128, 53.850118 ], [ -8.695226, 53.852315 ], [ -8.697293, 53.854922 ], [ -8.694256, 53.86241 ], [ -8.699496, 53.863184 ], [ -8.704671, 53.874087 ], [ -8.682532, 53.87345 ], [ -8.676842, 53.877027 ], [ -8.647911, 53.86543 ], [ -8.635442, 53.868675 ], [ -8.637216, 53.877105 ], [ -8.62055, 53.881698 ], [ -8.636626, 53.889534 ], [ -8.633241, 53.899187 ], [ -8.661703, 53.905953 ], [ -8.667946, 53.911953 ], [ -8.685485, 53.91876 ], [ -8.680561, 53.923187 ], [ -8.686948, 53.924899 ], [ -8.678448, 53.942781 ], [ -8.681518, 53.947562 ], [ -8.666773, 53.948047 ], [ -8.685029, 53.954598 ], [ -8.685812, 53.958552 ], [ -8.691612, 53.961978 ], [ -8.680575, 53.970501 ], [ -8.666671, 53.974939 ], [ -8.66368, 53.970827 ], [ -8.65103, 53.96597 ], [ -8.607688, 53.955094 ], [ -8.59875, 53.95009 ], [ -8.597073, 53.955115 ], [ -8.600693, 53.958225 ], [ -8.567933, 53.95229 ], [ -8.551214, 53.953134 ], [ -8.536986, 53.958067 ], [ -8.521866, 53.944401 ], [ -8.519882, 53.938006 ], [ -8.523178, 53.933933 ], [ -8.518255, 53.925916 ], [ -8.501877, 53.926122 ], [ -8.477339, 53.920917 ], [ -8.469078, 53.91301 ], [ -8.450898, 53.913509 ], [ -8.447701, 53.915119 ], [ -8.450319, 53.919641 ], [ -8.448195, 53.925577 ], [ -8.434297, 53.928618 ], [ -8.391327, 53.925284 ], [ -8.336265, 53.926238 ], [ -8.332903, 53.927724 ], [ -8.335198, 53.932868 ], [ -8.33806, 53.932901 ], [ -8.336829, 53.935566 ], [ -8.342636, 53.941555 ], [ -8.349615, 53.942302 ], [ -8.346837, 53.950932 ], [ -8.360288, 53.951219 ], [ -8.360862, 53.947993 ], [ -8.376308, 53.949238 ], [ -8.377454, 53.951862 ], [ -8.406132, 53.956658 ], [ -8.4051, 53.960647 ], [ -8.422437, 53.961987 ], [ -8.425044, 53.96535 ], [ -8.410264, 53.967183 ], [ -8.39281, 53.964858 ], [ -8.382371, 53.971323 ], [ -8.390475, 53.978885 ], [ -8.384657, 53.985591 ], [ -8.38769, 53.989856 ], [ -8.400875, 53.996655 ], [ -8.39788, 54.001641 ], [ -8.382648, 53.998604 ], [ -8.375804, 53.999572 ], [ -8.37505, 54.004365 ], [ -8.366206, 54.004591 ], [ -8.346629, 53.999331 ], [ -8.315198, 54.004608 ], [ -8.317234, 54.009447 ], [ -8.31087, 54.01065 ], [ -8.30597, 54.016612 ], [ -8.312219, 54.018643 ], [ -8.304251, 54.027512 ], [ -8.30709, 54.031523 ], [ -8.294511, 54.04477 ], [ -8.289191, 54.0429 ], [ -8.286624, 54.037687 ], [ -8.280967, 54.038703 ], [ -8.279271, 54.042902 ], [ -8.275158, 54.042467 ], [ -8.276454, 54.046672 ], [ -8.265473, 54.049769 ], [ -8.263222, 54.053291 ], [ -8.254967, 54.050327 ], [ -8.246194, 54.041191 ], [ -8.238372, 54.03964 ], [ -8.232932, 54.042967 ], [ -8.23931, 54.048701 ], [ -8.236829, 54.051983 ], [ -8.239173, 54.058292 ], [ -8.218528, 54.061552 ], [ -8.214885, 54.068468 ], [ -8.2198, 54.076962 ], [ -8.21597, 54.078367 ], [ -8.219771, 54.083951 ], [ -8.194475, 54.087541 ], [ -8.179692, 54.086426 ], [ -8.166536, 54.101354 ], [ -8.153006, 54.101609 ], [ -8.162248, 54.106375 ], [ -8.16255, 54.111424 ], [ -8.153886, 54.115753 ], [ -8.148062, 54.125239 ] ] ] } },
{ "type": "Feature", "properties": { "local_authority": "Sligo" }, "geometry": { "type": "MultiPolygon", "coordinates": [ [ [ [ -8.688039, 54.334533 ], [ -8.687778, 54.333447 ], [ -8.688216, 54.334106 ], [ -8.688039, 54.334533 ] ] ], [ [ [ -8.681818, 54.340984 ], [ -8.682639, 54.341087 ], [ -8.682226, 54.341333 ], [ -8.681818, 54.340984 ] ] ], [ [ [ -8.677358, 54.341698 ], [ -8.676081, 54.34215 ], [ -8.676499, 54.341728 ], [ -8.677358, 54.341698 ] ] ], [ [ [ -8.67546, 54.342927 ], [ -8.677909, 54.343698 ], [ -8.673579, 54.343694 ], [ -8.67546, 54.342927 ] ] ], [ [ [ -8.693303, 54.344958 ], [ -8.692928, 54.347332 ], [ -8.690821, 54.347617 ], [ -8.693303, 54.344958 ] ] ], [ [ [ -8.66486, 54.42855 ], [ -8.664751, 54.428052 ], [ -8.664999, 54.428255 ], [ -8.66486, 54.42855 ] ] ], [ [ [ -8.652511, 54.435466 ], [ -8.645402, 54.432926 ], [ -8.662285, 54.430423 ], [ -8.665886, 54.42816 ], [ -8.672837, 54.432875 ], [ -8.652511, 54.435466 ] ] ], [ [ [ -8.455773, 54.472947 ], [ -8.445706, 54.465675 ], [ -8.45236, 54.461585 ], [ -8.440334, 54.45499 ], [ -8.441374, 54.452362 ], [ -8.383245, 54.465678 ], [ -8.378942, 54.457071 ], [ -8.372175, 54.455494 ], [ -8.373212, 54.450231 ], [ -8.378728, 54.451574 ], [ -8.40185, 54.445876 ], [ -8.409426, 54.440055 ], [ -8.408313, 54.430713 ], [ -8.427649, 54.421093 ], [ -8.419836, 54.414939 ], [ -8.394756, 54.418462 ], [ -8.392817, 54.420375 ], [ -8.398115, 54.427145 ], [ -8.395182, 54.427982 ], [ -8.379285, 54.426508 ], [ -8.371979, 54.422647 ], [ -8.353483, 54.424154 ], [ -8.344409, 54.421309 ], [ -8.349838, 54.415143 ], [ -8.346287, 54.412216 ], [ -8.348754, 54.404996 ], [ -8.359101, 54.396393 ], [ -8.366641, 54.374579 ], [ -8.365053, 54.372 ], [ -8.386936, 54.361503 ], [ -8.399445, 54.359996 ], [ -8.391776, 54.3501 ], [ -8.391005, 54.334403 ], [ -8.386136, 54.328843 ], [ -8.38978, 54.320307 ], [ -8.381634, 54.315608 ], [ -8.375056, 54.315972 ], [ -8.375911, 54.313867 ], [ -8.354854, 54.312641 ], [ -8.354338, 54.307589 ], [ -8.348707, 54.305002 ], [ -8.346288, 54.298811 ], [ -8.342936, 54.283559 ], [ -8.346729, 54.274403 ], [ -8.341564, 54.251523 ], [ -8.334389, 54.24848 ], [ -8.331576, 54.240108 ], [ -8.336057, 54.238762 ], [ -8.340798, 54.222919 ], [ -8.334376, 54.217394 ], [ -8.336411, 54.212592 ], [ -8.331939, 54.211967 ], [ -8.347668, 54.19928 ], [ -8.333615, 54.196868 ], [ -8.334055, 54.192589 ], [ -8.31637, 54.187763 ], [ -8.319076, 54.182652 ], [ -8.330586, 54.175036 ], [ -8.321, 54.174087 ], [ -8.31368, 54.167124 ], [ -8.303456, 54.167094 ], [ -8.28134, 54.152621 ], [ -8.260829, 54.153186 ], [ -8.260298, 54.156977 ], [ -8.251203, 54.15927 ], [ -8.227446, 54.154754 ], [ -8.215961, 54.140417 ], [ -8.195768, 54.133497 ], [ -8.175661, 54.113475 ], [ -8.16777, 54.112116 ], [ -8.153006, 54.101609 ], [ -8.166536, 54.101354 ], [ -8.179692, 54.086426 ], [ -8.194475, 54.087541 ], [ -8.219771, 54.083951 ], [ -8.21597, 54.078367 ], [ -8.2198, 54.076962 ], [ -8.214885, 54.068468 ], [ -8.218528, 54.061552 ], [ -8.239173, 54.058292 ], [ -8.236829, 54.051983 ], [ -8.23931, 54.048701 ], [ -8.232932, 54.042967 ], [ -8.238372, 54.03964 ], [ -8.246194, 54.041191 ], [ -8.254967, 54.050327 ], [ -8.263222, 54.053291 ], [ -8.265473, 54.049769 ], [ -8.276454, 54.046672 ], [ -8.275158, 54.042467 ], [ -8.279271, 54.042902 ], [ -8.280967, 54.038703 ], [ -8.286624, 54.037687 ], [ -8.289191, 54.0429 ], [ -8.294511, 54.04477 ], [ -8.30709, 54.031523 ], [ -8.304251, 54.027512 ], [ -8.312219, 54.018643 ], [ -8.30597, 54.016612 ], [ -8.31087, 54.01065 ], [ -8.317234, 54.009447 ], [ -8.315198, 54.004608 ], [ -8.346629, 53.999331 ], [ -8.366206, 54.004591 ], [ -8.37505, 54.004365 ], [ -8.375804, 53.999572 ], [ -8.382648, 53.998604 ], [ -8.39788, 54.001641 ], [ -8.400875, 53.996655 ], [ -8.38769, 53.989856 ], [ -8.384657, 53.985591 ], [ -8.390475, 53.978885 ], [ -8.382371, 53.971323 ], [ -8.39281, 53.964858 ], [ -8.410264, 53.967183 ], [ -8.425044, 53.96535 ], [ -8.422437, 53.961987 ], [ -8.4051, 53.960647 ], [ -8.406132, 53.956658 ], [ -8.377454, 53.951862 ], [ -8.376308, 53.949238 ], [ -8.360862, 53.947993 ], [ -8.360288, 53.951219 ], [ -8.346837, 53.950932 ], [ -8.349615, 53.942302 ], [ -8.342636, 53.941555 ], [ -8.332903, 53.927724 ], [ -8.373959, 53.925093 ], [ -8.434297, 53.928618 ], [ -8.448195, 53.925577 ], [ -8.450319, 53.919641 ], [ -8.447701, 53.915119 ], [ -8.450898, 53.913509 ], [ -8.469078, 53.91301 ], [ -8.477339, 53.920917 ], [ -8.501877, 53.926122 ], [ -8.518255, 53.925916 ], [ -8.523178, 53.933933 ], [ -8.519882, 53.938006 ], [ -8.521866, 53.944401 ], [ -8.536986, 53.958067 ], [ -8.551214, 53.953134 ], [ -8.585083, 53.953818 ], [ -8.589831, 53.965118 ], [ -8.594195, 53.966762 ], [ -8.589961, 53.979396 ], [ -8.593049, 53.98848 ], [ -8.589816, 54.005796 ], [ -8.583082, 54.012975 ], [ -8.607087, 54.021617 ], [ -8.618424, 54.020691 ], [ -8.631025, 54.025611 ], [ -8.647441, 54.033499 ], [ -8.64737, 54.039017 ], [ -8.661266, 54.036345 ], [ -8.664467, 54.031626 ], [ -8.682433, 54.029677 ], [ -8.675346, 54.018423 ], [ -8.679064, 54.010416 ], [ -8.701068, 54.005245 ], [ -8.713775, 53.987767 ], [ -8.725079, 53.987557 ], [ -8.738487, 53.994744 ], [ -8.751344, 53.982747 ], [ -8.75563, 53.98222 ], [ -8.754268, 53.976669 ], [ -8.781016, 53.974478 ], [ -8.782522, 53.966283 ], [ -8.811012, 53.965494 ], [ -8.849029, 53.970984 ], [ -8.862561, 53.980371 ], [ -8.863793, 53.989847 ], [ -8.876598, 53.988826 ], [ -8.880599, 53.991612 ], [ -8.878346, 53.997629 ], [ -8.88885, 54.007185 ], [ -8.88303, 54.022549 ], [ -8.895263, 54.022055 ], [ -8.923834, 54.008858 ], [ -8.943905, 54.00921 ], [ -8.946698, 54.016172 ], [ -8.964961, 54.025758 ], [ -8.967517, 54.031261 ], [ -8.974727, 54.024523 ], [ -8.983918, 54.026752 ], [ -8.995544, 54.023601 ], [ -9.018994, 54.025278 ], [ -9.019495, 54.027368 ], [ -9.010551, 54.030909 ], [ -9.016052, 54.03377 ], [ -9.014238, 54.052416 ], [ -8.983201, 54.068303 ], [ -8.965474, 54.073195 ], [ -8.970213, 54.085955 ], [ -8.955256, 54.089366 ], [ -8.953726, 54.093314 ], [ -8.959996, 54.102309 ], [ -8.935386, 54.106133 ], [ -8.916954, 54.118043 ], [ -8.923931, 54.125419 ], [ -8.93715, 54.127071 ], [ -8.935712, 54.131378 ], [ -8.945558, 54.132214 ], [ -8.947278, 54.138447 ], [ -8.939859, 54.138578 ], [ -8.936833, 54.143063 ], [ -8.997107, 54.150236 ], [ -9.019028, 54.157597 ], [ -9.022788, 54.162301 ], [ -9.030618, 54.157522 ], [ -9.028746, 54.154855 ], [ -9.031139, 54.15326 ], [ -9.041082, 54.157174 ], [ -9.052525, 54.156817 ], [ -9.056599, 54.142586 ], [ -9.084401, 54.145973 ], [ -9.09975, 54.142626 ], [ -9.105856, 54.144971 ], [ -9.10308, 54.14931 ], [ -9.121309, 54.155356 ], [ -9.134166, 54.163522 ], [ -9.133333, 54.167624 ], [ -9.129411, 54.167971 ], [ -9.133888, 54.170514 ], [ -9.131815, 54.171856 ], [ -9.136551, 54.177706 ], [ -9.133759, 54.180873 ], [ -9.124146, 54.181668 ], [ -9.127209, 54.196026 ], [ -9.114729, 54.198486 ], [ -9.104665, 54.203638 ], [ -9.109508, 54.204001 ], [ -9.112715, 54.200442 ], [ -9.136544, 54.204017 ], [ -9.131157, 54.208087 ], [ -9.106132, 54.210513 ], [ -9.095091, 54.214601 ], [ -9.098504, 54.220259 ], [ -9.096518, 54.225357 ], [ -9.083985, 54.235631 ], [ -9.06452, 54.261549 ], [ -9.063379, 54.266927 ], [ -9.053564, 54.273858 ], [ -9.059983, 54.28027 ], [ -9.053555, 54.2826 ], [ -9.051306, 54.286812 ], [ -9.055453, 54.293385 ], [ -9.051115, 54.294534 ], [ -9.038123, 54.293407 ], [ -9.020277, 54.296629 ], [ -9.009664, 54.292634 ], [ -8.999909, 54.291619 ], [ -8.989112, 54.294743 ], [ -8.972994, 54.291058 ], [ -8.961806, 54.294159 ], [ -8.959646, 54.289931 ], [ -8.946986, 54.295017 ], [ -8.939167, 54.291019 ], [ -8.932073, 54.293272 ], [ -8.93231, 54.290943 ], [ -8.905393, 54.28303 ], [ -8.894603, 54.272624 ], [ -8.878979, 54.267675 ], [ -8.874146, 54.269937 ], [ -8.865176, 54.262289 ], [ -8.85677, 54.263933 ], [ -8.856247, 54.266949 ], [ -8.85373, 54.261926 ], [ -8.845035, 54.257417 ], [ -8.826646, 54.252802 ], [ -8.793059, 54.261356 ], [ -8.785592, 54.266689 ], [ -8.783996, 54.272104 ], [ -8.762475, 54.279046 ], [ -8.753851, 54.277377 ], [ -8.756503, 54.269076 ], [ -8.72539, 54.262796 ], [ -8.686693, 54.272806 ], [ -8.662928, 54.272207 ], [ -8.65406, 54.26919 ], [ -8.639731, 54.253919 ], [ -8.632093, 54.250699 ], [ -8.627927, 54.247586 ], [ -8.641504, 54.250759 ], [ -8.638322, 54.252218 ], [ -8.642844, 54.254461 ], [ -8.641198, 54.251471 ], [ -8.649089, 54.251349 ], [ -8.646352, 54.248257 ], [ -8.627439, 54.245302 ], [ -8.634859, 54.243423 ], [ -8.636771, 54.238623 ], [ -8.631793, 54.242956 ], [ -8.625597, 54.2422 ], [ -8.628069, 54.237815 ], [ -8.614654, 54.235315 ], [ -8.611851, 54.230636 ], [ -8.604851, 54.229781 ], [ -8.60442, 54.222836 ], [ -8.590306, 54.223346 ], [ -8.587681, 54.209364 ], [ -8.584165, 54.207632 ], [ -8.574895, 54.208937 ], [ -8.573185, 54.211853 ], [ -8.577531, 54.216848 ], [ -8.547385, 54.218323 ], [ -8.537202, 54.215348 ], [ -8.516981, 54.218239 ], [ -8.511913, 54.214243 ], [ -8.507467, 54.218873 ], [ -8.530613, 54.222433 ], [ -8.533754, 54.226943 ], [ -8.531795, 54.229323 ], [ -8.537722, 54.228346 ], [ -8.535339, 54.22263 ], [ -8.54068, 54.221325 ], [ -8.545691, 54.223469 ], [ -8.541146, 54.224011 ], [ -8.546319, 54.225924 ], [ -8.542109, 54.227227 ], [ -8.544419, 54.230156 ], [ -8.564329, 54.229681 ], [ -8.573111, 54.232709 ], [ -8.573288, 54.241287 ], [ -8.580741, 54.24632 ], [ -8.585835, 54.246148 ], [ -8.590652, 54.253424 ], [ -8.600369, 54.25313 ], [ -8.598771, 54.255221 ], [ -8.603345, 54.261093 ], [ -8.618876, 54.259729 ], [ -8.617351, 54.257448 ], [ -8.62067, 54.253095 ], [ -8.62442, 54.257689 ], [ -8.607236, 54.273574 ], [ -8.606131, 54.276947 ], [ -8.611509, 54.284435 ], [ -8.600764, 54.281527 ], [ -8.591446, 54.283999 ], [ -8.585718, 54.276548 ], [ -8.57802, 54.278859 ], [ -8.57161, 54.277891 ], [ -8.571574, 54.276031 ], [ -8.57083, 54.27551 ], [ -8.570268, 54.275478 ], [ -8.543787, 54.280263 ], [ -8.517649, 54.276293 ], [ -8.506818, 54.283055 ], [ -8.491441, 54.285592 ], [ -8.492196, 54.286392 ], [ -8.491714, 54.291997 ], [ -8.526673, 54.303401 ], [ -8.577372, 54.306557 ], [ -8.571133, 54.311181 ], [ -8.571572, 54.317821 ], [ -8.576235, 54.320147 ], [ -8.566573, 54.32466 ], [ -8.569608, 54.333813 ], [ -8.565927, 54.337708 ], [ -8.556646, 54.321522 ], [ -8.529997, 54.315011 ], [ -8.507586, 54.315527 ], [ -8.500302, 54.321531 ], [ -8.509396, 54.328174 ], [ -8.507796, 54.328669 ], [ -8.503456, 54.327769 ], [ -8.500914, 54.328259 ], [ -8.508934, 54.329559 ], [ -8.515103, 54.328013 ], [ -8.535493, 54.33277 ], [ -8.544143, 54.328671 ], [ -8.550442, 54.332621 ], [ -8.535871, 54.335465 ], [ -8.537769, 54.337626 ], [ -8.577241, 54.344122 ], [ -8.593528, 54.343081 ], [ -8.620423, 54.334562 ], [ -8.644797, 54.33295 ], [ -8.64707, 54.331017 ], [ -8.641915, 54.321277 ], [ -8.658321, 54.325991 ], [ -8.655275, 54.330173 ], [ -8.648042, 54.331251 ], [ -8.652701, 54.340409 ], [ -8.68043, 54.348972 ], [ -8.669977, 54.350455 ], [ -8.671693, 54.355261 ], [ -8.681917, 54.354794 ], [ -8.678612, 54.357682 ], [ -8.672995, 54.356887 ], [ -8.673433, 54.361433 ], [ -8.679496, 54.360345 ], [ -8.670372, 54.364664 ], [ -8.663768, 54.362656 ], [ -8.64066, 54.371204 ], [ -8.625379, 54.368382 ], [ -8.618853, 54.379178 ], [ -8.591746, 54.384961 ], [ -8.581789, 54.390954 ], [ -8.571526, 54.391343 ], [ -8.568591, 54.398759 ], [ -8.574758, 54.398776 ], [ -8.568546, 54.409846 ], [ -8.558493, 54.404979 ], [ -8.540474, 54.407875 ], [ -8.527667, 54.413734 ], [ -8.529623, 54.420433 ], [ -8.526082, 54.418322 ], [ -8.521325, 54.423433 ], [ -8.508187, 54.424214 ], [ -8.519038, 54.419199 ], [ -8.513961, 54.417983 ], [ -8.525021, 54.414745 ], [ -8.53461, 54.407041 ], [ -8.550915, 54.403165 ], [ -8.559963, 54.404334 ], [ -8.56392, 54.401197 ], [ -8.551961, 54.395169 ], [ -8.554124, 54.394457 ], [ -8.544125, 54.392797 ], [ -8.550795, 54.397389 ], [ -8.532504, 54.401911 ], [ -8.532362, 54.40483 ], [ -8.528282, 54.403306 ], [ -8.514791, 54.412998 ], [ -8.496852, 54.414077 ], [ -8.498375, 54.415717 ], [ -8.485919, 54.421467 ], [ -8.488632, 54.42489 ], [ -8.48274, 54.431718 ], [ -8.467257, 54.44011 ], [ -8.469893, 54.448339 ], [ -8.486544, 54.453801 ], [ -8.476284, 54.453809 ], [ -8.473263, 54.460474 ], [ -8.465305, 54.461477 ], [ -8.469876, 54.466138 ], [ -8.469177, 54.469534 ], [ -8.455773, 54.472947 ] ], [ [ -9.093166, 54.21302 ], [ -9.093172, 54.213028 ], [ -9.093178, 54.213026 ], [ -9.093166, 54.21302 ] ], [ [ -8.488011, 54.287553 ], [ -8.491586, 54.286409 ], [ -8.484146, 54.287791 ], [ -8.490974, 54.290022 ], [ -8.488011, 54.287553 ] ] ], [ [ [ -8.55742, 54.228985 ], [ -8.557752, 54.228708 ], [ -8.558067, 54.228736 ], [ -8.55742, 54.228985 ] ] ], [ [ [ -8.603258, 54.286617 ], [ -8.607231, 54.285331 ], [ -8.613412, 54.287481 ], [ -8.60825, 54.288151 ], [ -8.603258, 54.286617 ] ] ], [ [ [ -8.593325, 54.305555 ], [ -8.576415, 54.300315 ], [ -8.582204, 54.298042 ], [ -8.585286, 54.288098 ], [ -8.589163, 54.28655 ], [ -8.595345, 54.2891 ], [ -8.593685, 54.298709 ], [ -8.599794, 54.299796 ], [ -8.593325, 54.305555 ] ] ], [ [ [ -8.557406, 54.302987 ], [ -8.570485, 54.300495 ], [ -8.574036, 54.301023 ], [ -8.557406, 54.302987 ] ] ], [ [ [ -8.490609, 54.420973 ], [ -8.49868, 54.417962 ], [ -8.50445, 54.426159 ], [ -8.497313, 54.4268 ], [ -8.490609, 54.420973 ] ] ] ] } },
{ "type": "Feature", "properties": { "local_authority": "South Dublin" }, "geometry": { "type": "Polygon", "coordinates": [ [ [ -6.412193, 53.367801 ], [ -6.407004, 53.362323 ], [ -6.367032, 53.361953 ], [ -6.359102, 53.356758 ], [ -6.362331, 53.354086 ], [ -6.355725, 53.353752 ], [ -6.359663, 53.353116 ], [ -6.362875, 53.345293 ], [ -6.38674, 53.34357 ], [ -6.385791, 53.337051 ], [ -6.377285, 53.328541 ], [ -6.350624, 53.331696 ], [ -6.345269, 53.327553 ], [ -6.342834, 53.319174 ], [ -6.299684, 53.312026 ], [ -6.302675, 53.310247 ], [ -6.301192, 53.307037 ], [ -6.29191, 53.298883 ], [ -6.28328, 53.305141 ], [ -6.269408, 53.303808 ], [ -6.282219, 53.300295 ], [ -6.277615, 53.29792 ], [ -6.280553, 53.29474 ], [ -6.275176, 53.293556 ], [ -6.275276, 53.289687 ], [ -6.271747, 53.288682 ], [ -6.27284, 53.274852 ], [ -6.278435, 53.27513 ], [ -6.276294, 53.267196 ], [ -6.293689, 53.262779 ], [ -6.29927, 53.255146 ], [ -6.297319, 53.245029 ], [ -6.287733, 53.237906 ], [ -6.293363, 53.232548 ], [ -6.294556, 53.22605 ], [ -6.310821, 53.222223 ], [ -6.307647, 53.214471 ], [ -6.31212, 53.194529 ], [ -6.331986, 53.17821 ], [ -6.347283, 53.180958 ], [ -6.374631, 53.19245 ], [ -6.368355, 53.213804 ], [ -6.375848, 53.216059 ], [ -6.39476, 53.213068 ], [ -6.402825, 53.208196 ], [ -6.402638, 53.2135 ], [ -6.405734, 53.217103 ], [ -6.412571, 53.217761 ], [ -6.419756, 53.23131 ], [ -6.455693, 53.231032 ], [ -6.460992, 53.225197 ], [ -6.475257, 53.23441 ], [ -6.471955, 53.237746 ], [ -6.516837, 53.248835 ], [ -6.532936, 53.248306 ], [ -6.532517, 53.25242 ], [ -6.535942, 53.253917 ], [ -6.526981, 53.259614 ], [ -6.524551, 53.256947 ], [ -6.506843, 53.264822 ], [ -6.518147, 53.264651 ], [ -6.539144, 53.275388 ], [ -6.546327, 53.275093 ], [ -6.543889, 53.282106 ], [ -6.530694, 53.287157 ], [ -6.526007, 53.299696 ], [ -6.542402, 53.306981 ], [ -6.528079, 53.313547 ], [ -6.53109, 53.317409 ], [ -6.52008, 53.324641 ], [ -6.505547, 53.324607 ], [ -6.50112, 53.320965 ], [ -6.493377, 53.330359 ], [ -6.49508, 53.332499 ], [ -6.48915, 53.337625 ], [ -6.496625, 53.341125 ], [ -6.498712, 53.346014 ], [ -6.493316, 53.350739 ], [ -6.494988, 53.353379 ], [ -6.489412, 53.362857 ], [ -6.466741, 53.362931 ], [ -6.464879, 53.357591 ], [ -6.457872, 53.355849 ], [ -6.443605, 53.361233 ], [ -6.436811, 53.367855 ], [ -6.424291, 53.365348 ], [ -6.412193, 53.367801 ] ] ] } },
{ "type": "Feature", "properties": { "local_authority": "Tipperary" }, "geometry": { "type": "Polygon", "coordinates": [ [ [ -7.626173, 52.733689 ], [ -7.605951, 52.71995 ], [ -7.594618, 52.720348 ], [ -7.591938, 52.715648 ], [ -7.576024, 52.712094 ], [ -7.56101, 52.705746 ], [ -7.560551, 52.702754 ], [ -7.547681, 52.700414 ], [ -7.547028, 52.694795 ], [ -7.536231, 52.689232 ], [ -7.533592, 52.683246 ], [ -7.538588, 52.680337 ], [ -7.527468, 52.672849 ], [ -7.519808, 52.66178 ], [ -7.52118, 52.654695 ], [ -7.510711, 52.64243 ], [ -7.475272, 52.616025 ], [ -7.4763, 52.607382 ], [ -7.481231, 52.602839 ], [ -7.475635, 52.590721 ], [ -7.45136, 52.581872 ], [ -7.458465, 52.574087 ], [ -7.455262, 52.573967 ], [ -7.455119, 52.570231 ], [ -7.459226, 52.557993 ], [ -7.453158, 52.55786 ], [ -7.451503, 52.554191 ], [ -7.45823, 52.537104 ], [ -7.458828, 52.521421 ], [ -7.451798, 52.519124 ], [ -7.45323, 52.51066 ], [ -7.449772, 52.509253 ], [ -7.443424, 52.510389 ], [ -7.43244, 52.51856 ], [ -7.420065, 52.510909 ], [ -7.429534, 52.503145 ], [ -7.432014, 52.495215 ], [ -7.459525, 52.482314 ], [ -7.460001, 52.476213 ], [ -7.467869, 52.472309 ], [ -7.460993, 52.46588 ], [ -7.441106, 52.465965 ], [ -7.44105, 52.459618 ], [ -7.422946, 52.452072 ], [ -7.418758, 52.44229 ], [ -7.403519, 52.434454 ], [ -7.399938, 52.42795 ], [ -7.390806, 52.428503 ], [ -7.384698, 52.424661 ], [ -7.383213, 52.416508 ], [ -7.394534, 52.394793 ], [ -7.388245, 52.383957 ], [ -7.392156, 52.380457 ], [ -7.38961, 52.377868 ], [ -7.397067, 52.36405 ], [ -7.372927, 52.347031 ], [ -7.372062, 52.341935 ], [ -7.378829, 52.336269 ], [ -7.374007, 52.333554 ], [ -7.39392, 52.334971 ], [ -7.41595, 52.341951 ], [ -7.420026, 52.338836 ], [ -7.431534, 52.338192 ], [ -7.437076, 52.339731 ], [ -7.437072, 52.347935 ], [ -7.446457, 52.349695 ], [ -7.48332, 52.351367 ], [ -7.530845, 52.360414 ], [ -7.553099, 52.361715 ], [ -7.572559, 52.358506 ], [ -7.597052, 52.363892 ], [ -7.646514, 52.35717 ], [ -7.662857, 52.359029 ], [ -7.6736, 52.356297 ], [ -7.672942, 52.353099 ], [ -7.708668, 52.344725 ], [ -7.709841, 52.346919 ], [ -7.715821, 52.345467 ], [ -7.7168, 52.349767 ], [ -7.723041, 52.349775 ], [ -7.752186, 52.340957 ], [ -7.78716, 52.342374 ], [ -7.789794, 52.340877 ], [ -7.787125, 52.33119 ], [ -7.793512, 52.328026 ], [ -7.790429, 52.319161 ], [ -7.796624, 52.29852 ], [ -7.783491, 52.281448 ], [ -7.784804, 52.277375 ], [ -7.781596, 52.27331 ], [ -7.762844, 52.271334 ], [ -7.761839, 52.26595 ], [ -7.747794, 52.251463 ], [ -7.745859, 52.243954 ], [ -7.752747, 52.233989 ], [ -7.745993, 52.216488 ], [ -7.758341, 52.215221 ], [ -7.785657, 52.221383 ], [ -7.797958, 52.220674 ], [ -7.811426, 52.210649 ], [ -7.820359, 52.221251 ], [ -7.850675, 52.22731 ], [ -7.857204, 52.223984 ], [ -7.872272, 52.225594 ], [ -7.875593, 52.229723 ], [ -7.892043, 52.22492 ], [ -7.915871, 52.227904 ], [ -7.921926, 52.233914 ], [ -7.936825, 52.239829 ], [ -7.942501, 52.246298 ], [ -7.952346, 52.242175 ], [ -7.972264, 52.242375 ], [ -7.97335, 52.237929 ], [ -7.990895, 52.242948 ], [ -7.990934, 52.233224 ], [ -7.996908, 52.225209 ], [ -7.990156, 52.209993 ], [ -8.002797, 52.202177 ], [ -8.022502, 52.208411 ], [ -8.06136, 52.208933 ], [ -8.099135, 52.205324 ], [ -8.10472, 52.206484 ], [ -8.107015, 52.214912 ], [ -8.103399, 52.231182 ], [ -8.135385, 52.234938 ], [ -8.160955, 52.241928 ], [ -8.161494, 52.253044 ], [ -8.165585, 52.259965 ], [ -8.162642, 52.265603 ], [ -8.169315, 52.266461 ], [ -8.164343, 52.27286 ], [ -8.165142, 52.277617 ], [ -8.176582, 52.27668 ], [ -8.183209, 52.287676 ], [ -8.168977, 52.291634 ], [ -8.156333, 52.300607 ], [ -8.165163, 52.305307 ], [ -8.16486, 52.318592 ], [ -8.177041, 52.321695 ], [ -8.183, 52.330047 ], [ -8.181331, 52.335018 ], [ -8.166747, 52.344969 ], [ -8.167822, 52.352437 ], [ -8.164266, 52.361072 ], [ -8.167976, 52.367855 ], [ -8.192709, 52.363862 ], [ -8.203194, 52.369757 ], [ -8.214787, 52.364498 ], [ -8.217333, 52.378334 ], [ -8.228499, 52.386058 ], [ -8.227207, 52.400971 ], [ -8.231381, 52.403058 ], [ -8.226353, 52.404131 ], [ -8.230843, 52.41032 ], [ -8.260028, 52.408178 ], [ -8.269422, 52.402672 ], [ -8.282323, 52.401042 ], [ -8.283988, 52.414368 ], [ -8.297111, 52.421079 ], [ -8.309592, 52.419968 ], [ -8.316315, 52.432463 ], [ -8.313281, 52.435141 ], [ -8.319934, 52.439592 ], [ -8.326925, 52.435302 ], [ -8.33013, 52.440418 ], [ -8.350659, 52.433688 ], [ -8.366826, 52.445516 ], [ -8.377969, 52.441831 ], [ -8.38069, 52.435668 ], [ -8.386383, 52.432814 ], [ -8.3938, 52.440445 ], [ -8.405916, 52.466561 ], [ -8.389392, 52.472461 ], [ -8.391096, 52.479908 ], [ -8.396039, 52.484254 ], [ -8.391222, 52.490685 ], [ -8.366284, 52.497833 ], [ -8.368191, 52.503228 ], [ -8.35974, 52.505144 ], [ -8.359921, 52.510803 ], [ -8.335347, 52.512782 ], [ -8.334907, 52.504299 ], [ -8.339327, 52.502894 ], [ -8.338819, 52.499646 ], [ -8.330643, 52.497042 ], [ -8.340005, 52.487746 ], [ -8.329934, 52.480334 ], [ -8.324042, 52.481159 ], [ -8.319457, 52.489111 ], [ -8.313621, 52.491149 ], [ -8.319778, 52.494743 ], [ -8.319769, 52.499466 ], [ -8.326173, 52.505298 ], [ -8.317759, 52.505994 ], [ -8.31126, 52.510705 ], [ -8.303942, 52.508789 ], [ -8.294234, 52.511856 ], [ -8.285765, 52.521553 ], [ -8.27177, 52.517074 ], [ -8.268953, 52.520671 ], [ -8.258857, 52.519965 ], [ -8.254219, 52.509805 ], [ -8.231746, 52.51514 ], [ -8.226088, 52.525906 ], [ -8.232619, 52.535738 ], [ -8.231353, 52.545036 ], [ -8.225798, 52.555057 ], [ -8.235531, 52.56238 ], [ -8.226662, 52.566607 ], [ -8.224353, 52.571885 ], [ -8.237476, 52.581751 ], [ -8.214265, 52.595058 ], [ -8.209175, 52.602084 ], [ -8.210764, 52.607813 ], [ -8.219325, 52.610446 ], [ -8.218959, 52.618107 ], [ -8.211167, 52.621322 ], [ -8.215349, 52.632825 ], [ -8.195138, 52.644647 ], [ -8.197629, 52.655245 ], [ -8.187862, 52.668148 ], [ -8.188884, 52.670408 ], [ -8.215541, 52.670903 ], [ -8.224393, 52.668292 ], [ -8.228482, 52.66519 ], [ -8.227209, 52.662493 ], [ -8.228829, 52.662005 ], [ -8.236969, 52.668924 ], [ -8.254343, 52.670091 ], [ -8.253072, 52.682418 ], [ -8.296576, 52.696316 ], [ -8.321697, 52.689547 ], [ -8.33754, 52.689213 ], [ -8.33932, 52.685906 ], [ -8.359215, 52.679313 ], [ -8.370055, 52.683765 ], [ -8.384737, 52.681354 ], [ -8.386819, 52.686948 ], [ -8.402239, 52.692483 ], [ -8.415755, 52.687671 ], [ -8.427741, 52.677902 ], [ -8.440503, 52.686013 ], [ -8.451645, 52.684654 ], [ -8.44957, 52.68657 ], [ -8.455249, 52.691737 ], [ -8.457202, 52.698559 ], [ -8.46608, 52.69771 ], [ -8.461842, 52.704975 ], [ -8.465033, 52.703763 ], [ -8.468393, 52.706995 ], [ -8.466917, 52.71772 ], [ -8.470168, 52.718139 ], [ -8.470125, 52.732488 ], [ -8.472937, 52.737618 ], [ -8.469597, 52.739053 ], [ -8.480079, 52.7574 ], [ -8.461784, 52.777288 ], [ -8.454609, 52.77831 ], [ -8.455189, 52.780578 ], [ -8.442654, 52.786689 ], [ -8.439325, 52.792287 ], [ -8.436993, 52.806812 ], [ -8.448844, 52.811975 ], [ -8.455224, 52.846957 ], [ -8.424715, 52.867777 ], [ -8.41846, 52.875405 ], [ -8.407521, 52.912584 ], [ -8.367515, 52.916545 ], [ -8.338498, 52.915203 ], [ -8.313906, 52.935523 ], [ -8.307979, 52.948979 ], [ -8.290098, 52.960749 ], [ -8.282424, 52.970463 ], [ -8.30983, 52.976932 ], [ -8.316738, 52.985144 ], [ -8.301826, 53.007454 ], [ -8.278474, 53.018682 ], [ -8.268703, 53.036633 ], [ -8.267759, 53.056364 ], [ -8.249338, 53.063275 ], [ -8.218741, 53.067614 ], [ -8.213552, 53.078401 ], [ -8.198723, 53.083986 ], [ -8.197025, 53.090081 ], [ -8.168679, 53.114489 ], [ -8.172024, 53.121592 ], [ -8.165367, 53.125907 ], [ -8.161175, 53.134573 ], [ -8.150162, 53.139797 ], [ -8.146491, 53.14251 ], [ -8.148088, 53.145116 ], [ -8.130921, 53.156461 ], [ -8.118093, 53.16071 ], [ -8.084343, 53.16301 ], [ -8.078586, 53.167583 ], [ -8.055315, 53.154053 ], [ -8.020074, 53.14812 ], [ -8.004518, 53.139058 ], [ -7.992646, 53.139058 ], [ -7.977418, 53.134175 ], [ -7.974285, 53.12912 ], [ -7.955509, 53.125472 ], [ -7.940652, 53.118045 ], [ -7.936208, 53.10982 ], [ -7.929991, 53.109437 ], [ -7.919856, 53.103078 ], [ -7.928244, 53.097054 ], [ -7.920336, 53.088845 ], [ -7.920677, 53.085168 ], [ -7.928198, 53.078738 ], [ -7.927036, 53.065812 ], [ -7.933995, 53.060872 ], [ -7.935231, 53.053984 ], [ -7.939187, 53.051603 ], [ -7.936325, 53.044831 ], [ -7.954596, 53.046586 ], [ -7.963532, 53.041887 ], [ -7.955418, 53.032747 ], [ -7.962164, 53.031005 ], [ -7.963659, 53.02508 ], [ -7.959882, 53.021411 ], [ -7.962765, 53.011511 ], [ -7.952772, 53.002191 ], [ -7.94995, 52.995428 ], [ -7.959696, 52.9925 ], [ -7.965856, 52.995811 ], [ -7.992778, 52.998819 ], [ -8.004534, 52.992317 ], [ -8.0082, 52.984197 ], [ -7.987466, 52.972576 ], [ -7.987973, 52.965553 ], [ -7.974833, 52.949155 ], [ -7.98592, 52.94626 ], [ -7.984248, 52.938652 ], [ -7.993899, 52.930741 ], [ -8.012962, 52.928468 ], [ -8.046221, 52.939847 ], [ -8.055109, 52.928107 ], [ -8.037915, 52.911792 ], [ -8.047493, 52.900106 ], [ -8.041737, 52.89782 ], [ -8.039629, 52.889152 ], [ -8.025636, 52.890493 ], [ -8.024277, 52.887053 ], [ -7.987317, 52.8792 ], [ -7.993723, 52.873496 ], [ -7.994572, 52.865051 ], [ -7.99845, 52.865158 ], [ -7.978695, 52.84945 ], [ -7.96566, 52.849367 ], [ -7.960214, 52.853809 ], [ -7.963676, 52.857827 ], [ -7.944998, 52.866545 ], [ -7.944375, 52.870576 ], [ -7.944986, 52.879818 ], [ -7.961165, 52.893051 ], [ -7.956432, 52.89414 ], [ -7.939424, 52.888322 ], [ -7.932458, 52.876263 ], [ -7.914137, 52.882123 ], [ -7.914933, 52.890326 ], [ -7.918928, 52.893152 ], [ -7.917359, 52.896978 ], [ -7.894495, 52.893326 ], [ -7.893745, 52.89686 ], [ -7.884511, 52.898916 ], [ -7.893795, 52.907755 ], [ -7.863738, 52.913718 ], [ -7.860692, 52.916158 ], [ -7.871363, 52.923767 ], [ -7.843423, 52.933831 ], [ -7.849963, 52.939893 ], [ -7.867204, 52.945768 ], [ -7.86268, 52.95184 ], [ -7.864562, 52.956321 ], [ -7.845113, 52.955327 ], [ -7.844663, 52.959078 ], [ -7.837449, 52.962819 ], [ -7.840477, 52.964634 ], [ -7.8241, 52.968346 ], [ -7.825419, 52.97473 ], [ -7.815418, 52.974818 ], [ -7.802037, 52.981857 ], [ -7.793116, 52.978125 ], [ -7.791185, 52.970318 ], [ -7.770343, 52.970659 ], [ -7.75965, 52.966227 ], [ -7.759557, 52.960914 ], [ -7.747355, 52.962546 ], [ -7.730445, 52.957657 ], [ -7.725311, 52.945378 ], [ -7.711248, 52.942181 ], [ -7.702183, 52.934069 ], [ -7.66103, 52.935324 ], [ -7.665233, 52.921703 ], [ -7.675959, 52.915411 ], [ -7.692132, 52.91137 ], [ -7.705817, 52.902275 ], [ -7.708732, 52.891474 ], [ -7.725242, 52.887961 ], [ -7.7174, 52.865191 ], [ -7.73465, 52.858362 ], [ -7.732172, 52.851975 ], [ -7.716425, 52.837475 ], [ -7.694322, 52.829322 ], [ -7.694762, 52.824765 ], [ -7.68857, 52.815825 ], [ -7.689623, 52.808089 ], [ -7.680461, 52.805522 ], [ -7.667367, 52.760946 ], [ -7.669873, 52.755659 ], [ -7.654125, 52.746733 ], [ -7.646182, 52.735074 ], [ -7.647825, 52.732131 ], [ -7.626173, 52.733689 ] ] ] } },
{ "type": "Feature", "properties": { "local_authority": "Waterford" }, "geometry": { "type": "MultiPolygon", "coordinates": [ [ [ [ -7.761531, 51.944953 ], [ -7.761453, 51.945302 ], [ -7.761044, 51.944917 ], [ -7.761531, 51.944953 ] ] ], [ [ [ -7.607385, 51.98111 ], [ -7.60737, 51.98097 ], [ -7.607496, 51.981035 ], [ -7.607385, 51.98111 ] ] ], [ [ [ -7.577451, 51.994973 ], [ -7.577346, 51.994854 ], [ -7.577719, 51.994959 ], [ -7.577451, 51.994973 ] ] ], [ [ [ -7.578163, 52.002427 ], [ -7.578855, 52.002281 ], [ -7.578522, 52.002754 ], [ -7.578163, 52.002427 ] ] ], [ [ [ -7.534752, 52.054414 ], [ -7.53475, 52.054262 ], [ -7.535059, 52.054419 ], [ -7.534752, 52.054414 ] ] ], [ [ [ -7.535339, 52.054661 ], [ -7.535246, 52.054198 ], [ -7.537039, 52.054422 ], [ -7.535339, 52.054661 ] ] ], [ [ [ -7.538956, 52.079056 ], [ -7.539778, 52.0791 ], [ -7.539333, 52.079472 ], [ -7.538956, 52.079056 ] ] ], [ [ [ -7.387205, 52.128931 ], [ -7.386503, 52.128405 ], [ -7.387331, 52.12871 ], [ -7.387205, 52.128931 ] ] ], [ [ [ -7.380522, 52.132484 ], [ -7.380302, 52.131797 ], [ -7.380703, 52.132174 ], [ -7.380522, 52.132484 ] ] ], [ [ [ -7.379913, 52.132534 ], [ -7.379587, 52.132781 ], [ -7.3796, 52.132042 ], [ -7.379913, 52.132534 ] ] ], [ [ [ -7.332921, 52.136025 ], [ -7.33295, 52.135936 ], [ -7.333124, 52.13603 ], [ -7.332921, 52.136025 ] ] ], [ [ [ -7.354632, 52.137203 ], [ -7.355321, 52.136954 ], [ -7.355039, 52.137233 ], [ -7.354632, 52.137203 ] ] ], [ [ [ -7.338874, 52.137267 ], [ -7.338658, 52.136979 ], [ -7.338736, 52.136966 ], [ -7.338874, 52.137267 ] ] ], [ [ [ -7.354243, 52.137351 ], [ -7.354415, 52.137189 ], [ -7.354706, 52.137412 ], [ -7.354243, 52.137351 ] ] ], [ [ [ -7.346734, 52.137866 ], [ -7.346712, 52.137732 ], [ -7.346847, 52.137734 ], [ -7.346734, 52.137866 ] ] ], [ [ [ -7.340674, 52.13802 ], [ -7.340603, 52.138173 ], [ -7.34051, 52.137884 ], [ -7.340674, 52.13802 ] ] ], [ [ [ -7.609098, 52.064649 ], [ -7.606934, 52.06252 ], [ -7.605248, 52.063476 ], [ -7.61061, 52.085219 ], [ -7.604277, 52.063428 ], [ -7.589628, 52.051968 ], [ -7.566286, 52.05055 ], [ -7.544928, 52.05532 ], [ -7.536247, 52.05309 ], [ -7.546893, 52.044705 ], [ -7.566309, 52.041047 ], [ -7.57581, 52.034123 ], [ -7.576409, 52.024267 ], [ -7.581678, 52.023648 ], [ -7.585811, 52.018977 ], [ -7.577673, 52.008411 ], [ -7.586527, 51.991386 ], [ -7.604546, 51.987846 ], [ -7.613126, 51.981411 ], [ -7.632943, 51.981195 ], [ -7.639446, 51.976926 ], [ -7.648734, 51.97866 ], [ -7.701853, 51.97222 ], [ -7.709927, 51.966292 ], [ -7.710034, 51.960659 ], [ -7.717667, 51.959639 ], [ -7.721839, 51.953533 ], [ -7.719487, 51.949899 ], [ -7.707654, 51.947943 ], [ -7.708728, 51.941318 ], [ -7.74623, 51.938727 ], [ -7.757129, 51.941291 ], [ -7.758756, 51.945421 ], [ -7.764387, 51.945191 ], [ -7.765436, 51.949557 ], [ -7.774665, 51.95174 ], [ -7.793855, 51.948336 ], [ -7.795459, 51.941763 ], [ -7.819889, 51.938975 ], [ -7.832641, 51.943109 ], [ -7.831958, 51.953175 ], [ -7.842156, 51.954218 ], [ -7.847387, 51.972464 ], [ -7.855212, 51.980137 ], [ -7.861001, 51.97562 ], [ -7.875469, 51.97234 ], [ -7.884373, 51.977186 ], [ -7.909876, 51.974086 ], [ -7.919804, 51.976284 ], [ -7.930233, 52.000166 ], [ -7.927989, 52.008043 ], [ -7.937897, 52.013806 ], [ -7.958264, 52.019101 ], [ -7.957288, 52.022524 ], [ -7.960903, 52.023051 ], [ -7.957103, 52.036201 ], [ -7.973325, 52.032456 ], [ -7.986735, 52.034541 ], [ -8.002852, 52.048826 ], [ -8.022247, 52.055625 ], [ -8.018031, 52.062256 ], [ -8.021457, 52.066382 ], [ -8.013785, 52.074211 ], [ -8.016983, 52.076836 ], [ -8.016414, 52.082177 ], [ -8.022659, 52.084448 ], [ -8.02083, 52.087166 ], [ -8.028831, 52.097547 ], [ -8.028181, 52.103283 ], [ -8.037688, 52.10348 ], [ -8.045856, 52.115028 ], [ -8.070738, 52.117148 ], [ -8.071291, 52.125501 ], [ -8.080535, 52.125392 ], [ -8.082846, 52.128594 ], [ -8.082086, 52.136754 ], [ -8.078485, 52.13708 ], [ -8.071269, 52.125592 ], [ -8.062276, 52.126177 ], [ -8.060663, 52.132538 ], [ -8.062406, 52.136775 ], [ -8.067555, 52.137816 ], [ -8.066203, 52.140352 ], [ -8.073713, 52.143919 ], [ -8.084895, 52.138987 ], [ -8.094838, 52.138518 ], [ -8.097336, 52.142833 ], [ -8.109656, 52.140954 ], [ -8.111025, 52.145165 ], [ -8.142623, 52.140889 ], [ -8.162699, 52.141657 ], [ -8.152548, 52.148808 ], [ -8.15733, 52.154964 ], [ -8.154319, 52.164916 ], [ -8.137959, 52.1638 ], [ -8.128694, 52.174511 ], [ -8.119862, 52.195415 ], [ -8.123799, 52.20216 ], [ -8.109682, 52.206037 ], [ -8.06136, 52.208933 ], [ -8.022502, 52.208411 ], [ -8.002797, 52.202177 ], [ -7.990156, 52.209993 ], [ -7.996908, 52.225209 ], [ -7.990934, 52.233224 ], [ -7.990895, 52.242948 ], [ -7.97335, 52.237929 ], [ -7.972264, 52.242375 ], [ -7.952346, 52.242175 ], [ -7.942501, 52.246298 ], [ -7.936825, 52.239829 ], [ -7.921926, 52.233914 ], [ -7.915871, 52.227904 ], [ -7.892043, 52.22492 ], [ -7.875593, 52.229723 ], [ -7.872272, 52.225594 ], [ -7.857204, 52.223984 ], [ -7.850675, 52.22731 ], [ -7.820359, 52.221251 ], [ -7.811426, 52.210649 ], [ -7.797958, 52.220674 ], [ -7.785657, 52.221383 ], [ -7.758341, 52.215221 ], [ -7.745993, 52.216488 ], [ -7.752747, 52.233989 ], [ -7.745859, 52.243954 ], [ -7.747794, 52.251463 ], [ -7.761839, 52.26595 ], [ -7.762844, 52.271334 ], [ -7.781596, 52.27331 ], [ -7.784804, 52.277375 ], [ -7.783491, 52.281448 ], [ -7.796624, 52.29852 ], [ -7.790429, 52.319161 ], [ -7.793512, 52.328026 ], [ -7.786656, 52.333489 ], [ -7.789794, 52.340877 ], [ -7.746362, 52.341693 ], [ -7.738281, 52.344065 ], [ -7.737047, 52.347421 ], [ -7.723041, 52.349775 ], [ -7.7168, 52.349767 ], [ -7.715821, 52.345467 ], [ -7.709841, 52.346919 ], [ -7.708668, 52.344725 ], [ -7.672942, 52.353099 ], [ -7.6736, 52.356297 ], [ -7.662857, 52.359029 ], [ -7.646514, 52.35717 ], [ -7.597052, 52.363892 ], [ -7.572559, 52.358506 ], [ -7.553099, 52.361715 ], [ -7.530845, 52.360414 ], [ -7.48332, 52.351367 ], [ -7.446457, 52.349695 ], [ -7.437072, 52.347935 ], [ -7.437076, 52.339731 ], [ -7.431534, 52.338192 ], [ -7.420026, 52.338836 ], [ -7.41595, 52.341951 ], [ -7.39392, 52.334971 ], [ -7.374007, 52.333554 ], [ -7.378829, 52.336269 ], [ -7.374835, 52.337257 ], [ -7.375949, 52.34095 ], [ -7.359588, 52.342498 ], [ -7.355953, 52.33607 ], [ -7.323931, 52.33086 ], [ -7.302563, 52.315575 ], [ -7.29984, 52.311069 ], [ -7.301166, 52.304142 ], [ -7.285014, 52.297509 ], [ -7.283206, 52.28894 ], [ -7.265002, 52.267402 ], [ -7.239772, 52.261455 ], [ -7.231581, 52.249759 ], [ -7.21932, 52.243157 ], [ -7.212457, 52.243103 ], [ -7.198592, 52.249902 ], [ -7.170716, 52.27345 ], [ -7.158453, 52.279475 ], [ -7.150757, 52.279162 ], [ -7.132889, 52.268963 ], [ -7.104784, 52.266823 ], [ -7.100301, 52.270385 ], [ -7.096009, 52.266672 ], [ -7.100614, 52.266349 ], [ -7.096853, 52.257516 ], [ -7.087313, 52.251628 ], [ -7.06835, 52.25685 ], [ -7.037942, 52.256346 ], [ -7.028935, 52.267227 ], [ -7.021176, 52.271276 ], [ -7.000173, 52.275698 ], [ -6.988674, 52.274678 ], [ -6.983659, 52.267029 ], [ -6.991052, 52.260193 ], [ -6.990473, 52.253229 ], [ -6.965715, 52.240506 ], [ -6.971324, 52.23738 ], [ -6.968678, 52.226609 ], [ -6.976594, 52.213532 ], [ -6.971133, 52.207058 ], [ -6.980479, 52.197915 ], [ -6.982741, 52.186879 ], [ -6.973006, 52.184657 ], [ -6.974616, 52.181669 ], [ -6.96979, 52.177512 ], [ -6.950021, 52.179632 ], [ -6.971867, 52.172055 ], [ -6.976745, 52.161848 ], [ -6.987409, 52.154949 ], [ -6.994482, 52.154941 ], [ -6.992303, 52.147131 ], [ -6.988967, 52.148846 ], [ -6.990023, 52.145417 ], [ -7.008922, 52.138432 ], [ -7.016472, 52.139705 ], [ -7.023995, 52.133221 ], [ -7.02718, 52.13483 ], [ -7.035264, 52.132908 ], [ -7.04109, 52.13757 ], [ -7.05591, 52.139711 ], [ -7.057132, 52.137068 ], [ -7.082108, 52.135008 ], [ -7.097015, 52.127317 ], [ -7.107859, 52.127616 ], [ -7.105783, 52.133325 ], [ -7.107175, 52.133109 ], [ -7.107981, 52.133785 ], [ -7.091985, 52.14299 ], [ -7.0933, 52.146827 ], [ -7.077523, 52.158521 ], [ -7.07409, 52.157862 ], [ -7.070871, 52.159353 ], [ -7.066397, 52.159578 ], [ -7.063948, 52.159965 ], [ -7.062487, 52.160666 ], [ -7.07774, 52.160281 ], [ -7.070011, 52.170103 ], [ -7.070508, 52.171584 ], [ -7.083035, 52.161712 ], [ -7.098733, 52.168954 ], [ -7.122924, 52.169378 ], [ -7.120124, 52.161568 ], [ -7.123907, 52.166845 ], [ -7.127066, 52.166675 ], [ -7.12428, 52.168224 ], [ -7.136288, 52.173918 ], [ -7.135531, 52.171379 ], [ -7.130693, 52.169058 ], [ -7.135667, 52.161805 ], [ -7.129183, 52.161382 ], [ -7.135123, 52.159741 ], [ -7.117376, 52.15721 ], [ -7.119449, 52.160727 ], [ -7.113459, 52.154194 ], [ -7.098266, 52.154718 ], [ -7.088717, 52.150971 ], [ -7.096668, 52.149105 ], [ -7.146511, 52.159401 ], [ -7.15686, 52.155861 ], [ -7.17032, 52.139379 ], [ -7.17067, 52.13644 ], [ -7.175173, 52.138202 ], [ -7.18046, 52.134262 ], [ -7.182893, 52.135189 ], [ -7.185427, 52.133429 ], [ -7.191132, 52.135816 ], [ -7.200927, 52.133764 ], [ -7.207329, 52.136152 ], [ -7.218389, 52.131468 ], [ -7.236871, 52.134835 ], [ -7.244534, 52.132532 ], [ -7.274279, 52.140124 ], [ -7.291965, 52.141094 ], [ -7.303532, 52.138662 ], [ -7.302234, 52.136696 ], [ -7.305304, 52.135504 ], [ -7.307415, 52.132612 ], [ -7.308773, 52.135974 ], [ -7.31824, 52.136684 ], [ -7.31948, 52.139407 ], [ -7.322348, 52.138813 ], [ -7.323701, 52.135524 ], [ -7.328857, 52.137566 ], [ -7.342695, 52.138398 ], [ -7.361347, 52.137278 ], [ -7.36105, 52.138945 ], [ -7.370348, 52.138465 ], [ -7.374372, 52.133885 ], [ -7.392675, 52.130097 ], [ -7.393392, 52.12774 ], [ -7.402286, 52.131732 ], [ -7.418677, 52.128656 ], [ -7.425823, 52.13049 ], [ -7.443066, 52.127219 ], [ -7.458508, 52.119587 ], [ -7.459603, 52.119794 ], [ -7.458638, 52.122822 ], [ -7.458986, 52.124721 ], [ -7.460163, 52.125275 ], [ -7.462651, 52.119884 ], [ -7.46875, 52.117563 ], [ -7.469215, 52.113713 ], [ -7.475857, 52.11087 ], [ -7.480433, 52.112329 ], [ -7.493568, 52.103007 ], [ -7.519142, 52.105998 ], [ -7.538609, 52.098943 ], [ -7.547147, 52.09134 ], [ -7.547626, 52.084469 ], [ -7.553605, 52.077784 ], [ -7.570256, 52.082572 ], [ -7.570299, 52.088331 ], [ -7.574522, 52.092692 ], [ -7.587607, 52.098218 ], [ -7.583932, 52.098781 ], [ -7.585675, 52.10482 ], [ -7.581487, 52.107606 ], [ -7.589179, 52.103134 ], [ -7.595041, 52.10808 ], [ -7.592533, 52.102896 ], [ -7.58507, 52.100929 ], [ -7.594617, 52.096931 ], [ -7.58791, 52.098237 ], [ -7.59336, 52.097016 ], [ -7.59712, 52.091809 ], [ -7.621025, 52.086128 ], [ -7.622664, 52.082181 ], [ -7.632121, 52.084645 ], [ -7.63572, 52.081448 ], [ -7.630826, 52.077011 ], [ -7.634753, 52.076751 ], [ -7.632128, 52.073046 ], [ -7.633969, 52.070383 ], [ -7.627608, 52.066625 ], [ -7.640632, 52.06343 ], [ -7.648506, 52.064485 ], [ -7.647896, 52.066517 ], [ -7.650356, 52.066664 ], [ -7.648526, 52.068209 ], [ -7.648705, 52.068836 ], [ -7.656311, 52.069581 ], [ -7.660679, 52.067077 ], [ -7.665429, 52.068468 ], [ -7.660614, 52.066974 ], [ -7.649347, 52.068311 ], [ -7.65086, 52.066478 ], [ -7.649939, 52.062675 ], [ -7.64322, 52.06359 ], [ -7.645237, 52.062664 ], [ -7.640125, 52.059754 ], [ -7.63156, 52.060098 ], [ -7.632691, 52.063854 ], [ -7.623748, 52.061919 ], [ -7.620544, 52.06468 ], [ -7.619491, 52.060371 ], [ -7.617693, 52.062819 ], [ -7.609098, 52.064649 ] ], [ [ -7.609976, 52.064205 ], [ -7.609902, 52.064194 ], [ -7.610019, 52.064291 ], [ -7.609976, 52.064205 ] ], [ [ -7.14525, 52.222419 ], [ -7.144915, 52.222028 ], [ -7.147342, 52.222762 ], [ -7.14525, 52.222419 ] ], [ [ -7.60976, 52.06402 ], [ -7.609854, 52.064123 ], [ -7.60979, 52.063959 ], [ -7.60976, 52.06402 ] ] ], [ [ [ -7.309047, 52.134207 ], [ -7.309092, 52.133875 ], [ -7.309384, 52.134177 ], [ -7.309047, 52.134207 ] ] ], [ [ [ -7.303977, 52.135519 ], [ -7.303616, 52.135403 ], [ -7.304119, 52.134963 ], [ -7.303977, 52.135519 ] ] ], [ [ [ -7.272069, 52.135448 ], [ -7.272915, 52.135278 ], [ -7.272392, 52.135785 ], [ -7.272069, 52.135448 ] ] ], [ [ [ -7.331513, 52.136121 ], [ -7.331607, 52.135879 ], [ -7.331845, 52.136065 ], [ -7.331513, 52.136121 ] ] ], [ [ [ -7.332573, 52.136202 ], [ -7.332476, 52.136035 ], [ -7.332816, 52.136087 ], [ -7.332573, 52.136202 ] ] ], [ [ [ -7.332875, 52.136188 ], [ -7.332781, 52.136127 ], [ -7.33298, 52.136187 ], [ -7.332875, 52.136188 ] ] ], [ [ [ -7.271947, 52.136574 ], [ -7.270936, 52.136584 ], [ -7.272661, 52.136173 ], [ -7.271947, 52.136574 ] ] ], [ [ [ -7.326898, 52.136374 ], [ -7.327074, 52.136224 ], [ -7.327052, 52.136536 ], [ -7.326898, 52.136374 ] ] ], [ [ [ -7.33148, 52.136526 ], [ -7.331265, 52.136502 ], [ -7.331131, 52.136365 ], [ -7.33148, 52.136526 ] ] ], [ [ [ -7.27175, 52.136923 ], [ -7.272248, 52.136659 ], [ -7.271807, 52.137119 ], [ -7.27175, 52.136923 ] ] ], [ [ [ -7.322792, 52.136919 ], [ -7.32283, 52.136867 ], [ -7.322848, 52.136993 ], [ -7.322792, 52.136919 ] ] ], [ [ [ -7.322875, 52.137042 ], [ -7.322601, 52.137181 ], [ -7.322714, 52.137037 ], [ -7.322875, 52.137042 ] ] ], [ [ [ -7.322259, 52.13723 ], [ -7.322381, 52.137126 ], [ -7.322453, 52.137125 ], [ -7.322259, 52.13723 ] ] ], [ [ [ -7.282899, 52.138437 ], [ -7.282893, 52.138215 ], [ -7.283082, 52.13825 ], [ -7.282899, 52.138437 ] ] ], [ [ [ -7.276618, 52.138848 ], [ -7.276655, 52.138623 ], [ -7.277045, 52.138275 ], [ -7.276618, 52.138848 ] ] ], [ [ [ -7.28244, 52.139146 ], [ -7.282325, 52.138929 ], [ -7.282535, 52.138951 ], [ -7.28244, 52.139146 ] ] ], [ [ [ -7.291811, 52.140725 ], [ -7.292048, 52.140563 ], [ -7.291827, 52.140974 ], [ -7.291811, 52.140725 ] ] ], [ [ [ -7.233865, 52.129105 ], [ -7.234401, 52.128624 ], [ -7.235004, 52.129152 ], [ -7.233865, 52.129105 ] ] ], [ [ [ -7.22088, 52.130894 ], [ -7.220821, 52.130632 ], [ -7.221098, 52.130718 ], [ -7.22088, 52.130894 ] ] ], [ [ [ -7.218353, 52.130226 ], [ -7.21822, 52.131423 ], [ -7.216796, 52.131044 ], [ -7.218353, 52.130226 ] ] ], [ [ [ -7.216576, 52.131678 ], [ -7.216232, 52.131862 ], [ -7.216082, 52.131374 ], [ -7.216576, 52.131678 ] ] ], [ [ [ -7.033296, 52.13207 ], [ -7.033584, 52.131845 ], [ -7.033534, 52.132059 ], [ -7.033296, 52.13207 ] ] ], [ [ [ -7.200153, 52.132228 ], [ -7.200566, 52.13222 ], [ -7.200391, 52.132533 ], [ -7.200153, 52.132228 ] ] ], [ [ [ -7.240237, 52.133244 ], [ -7.2402, 52.133017 ], [ -7.240551, 52.13283 ], [ -7.240237, 52.133244 ] ] ], [ [ [ -7.188861, 52.133516 ], [ -7.188177, 52.133507 ], [ -7.188404, 52.132972 ], [ -7.188861, 52.133516 ] ] ], [ [ [ -7.18496, 52.132815 ], [ -7.18393, 52.133994 ], [ -7.184038, 52.132829 ], [ -7.18496, 52.132815 ] ] ], [ [ [ -7.027412, 52.133928 ], [ -7.027346, 52.133784 ], [ -7.027964, 52.133719 ], [ -7.027412, 52.133928 ] ] ], [ [ [ -7.18903, 52.13424 ], [ -7.189314, 52.133534 ], [ -7.189477, 52.134089 ], [ -7.18903, 52.13424 ] ] ], [ [ [ -7.183034, 52.134161 ], [ -7.183407, 52.134153 ], [ -7.183242, 52.134624 ], [ -7.183034, 52.134161 ] ] ], [ [ [ -7.271796, 52.136759 ], [ -7.271127, 52.137563 ], [ -7.270863, 52.137007 ], [ -7.271796, 52.136759 ] ] ], [ [ [ -7.166531, 52.142323 ], [ -7.166384, 52.142193 ], [ -7.16652, 52.142227 ], [ -7.166531, 52.142323 ] ] ], [ [ [ -7.13555, 52.17235 ], [ -7.134782, 52.172278 ], [ -7.13508, 52.172101 ], [ -7.13555, 52.17235 ] ] ] ] } },
{ "type": "Feature", "properties": { "local_authority": "Westmeath" }, "geometry": { "type": "Polygon", "coordinates": [ [ [ -7.341869, 53.7925 ], [ -7.336104, 53.787956 ], [ -7.316646, 53.788574 ], [ -7.316423, 53.784164 ], [ -7.292399, 53.778486 ], [ -7.275217, 53.763433 ], [ -7.269028, 53.751608 ], [ -7.260651, 53.746331 ], [ -7.243878, 53.742559 ], [ -7.238128, 53.735816 ], [ -7.231925, 53.735632 ], [ -7.22991, 53.733902 ], [ -7.235117, 53.730263 ], [ -7.232204, 53.727632 ], [ -7.239367, 53.717748 ], [ -7.230364, 53.711424 ], [ -7.225776, 53.703323 ], [ -7.216277, 53.704804 ], [ -7.210235, 53.69641 ], [ -7.202518, 53.699729 ], [ -7.191878, 53.689862 ], [ -7.186241, 53.691988 ], [ -7.147361, 53.684526 ], [ -7.135073, 53.673567 ], [ -7.130007, 53.673882 ], [ -7.120465, 53.682866 ], [ -7.109074, 53.668813 ], [ -7.096884, 53.664601 ], [ -7.08761, 53.655725 ], [ -7.07553, 53.652383 ], [ -7.068068, 53.645046 ], [ -7.05998, 53.648568 ], [ -7.050027, 53.659382 ], [ -7.040533, 53.660512 ], [ -7.036605, 53.657273 ], [ -7.028876, 53.660593 ], [ -7.023339, 53.671757 ], [ -7.005307, 53.667881 ], [ -7.003664, 53.676655 ], [ -7.000694, 53.67724 ], [ -6.980789, 53.671289 ], [ -6.972765, 53.65805 ], [ -6.955755, 53.656162 ], [ -6.965196, 53.631296 ], [ -6.978204, 53.627731 ], [ -6.988595, 53.618677 ], [ -6.987968, 53.612918 ], [ -6.979824, 53.605202 ], [ -6.985601, 53.591365 ], [ -6.995624, 53.589159 ], [ -6.995529, 53.584477 ], [ -6.98965, 53.578002 ], [ -7.014024, 53.578221 ], [ -7.023463, 53.575055 ], [ -7.031317, 53.567258 ], [ -7.035487, 53.557 ], [ -7.018051, 53.544755 ], [ -7.021902, 53.53673 ], [ -7.022963, 53.52232 ], [ -7.037397, 53.513018 ], [ -7.03881, 53.508609 ], [ -7.035348, 53.503687 ], [ -7.06885, 53.495169 ], [ -7.061853, 53.486413 ], [ -7.061838, 53.483192 ], [ -7.066279, 53.483567 ], [ -7.067071, 53.478334 ], [ -7.063012, 53.468878 ], [ -7.081836, 53.463724 ], [ -7.098985, 53.451819 ], [ -7.123862, 53.445997 ], [ -7.151335, 53.450125 ], [ -7.158687, 53.439155 ], [ -7.194891, 53.434818 ], [ -7.192242, 53.423288 ], [ -7.208484, 53.422396 ], [ -7.213671, 53.418119 ], [ -7.211085, 53.412202 ], [ -7.215679, 53.406987 ], [ -7.255104, 53.398378 ], [ -7.27718, 53.399479 ], [ -7.276116, 53.395998 ], [ -7.279048, 53.393457 ], [ -7.328699, 53.365759 ], [ -7.342948, 53.363374 ], [ -7.347398, 53.360187 ], [ -7.342523, 53.358718 ], [ -7.365394, 53.348686 ], [ -7.367898, 53.341015 ], [ -7.399121, 53.330242 ], [ -7.424761, 53.33469 ], [ -7.444161, 53.328777 ], [ -7.44306, 53.322647 ], [ -7.455825, 53.317963 ], [ -7.463167, 53.328249 ], [ -7.47073, 53.329335 ], [ -7.472259, 53.332714 ], [ -7.492553, 53.329406 ], [ -7.49631, 53.3343 ], [ -7.493848, 53.34082 ], [ -7.528798, 53.34724 ], [ -7.531287, 53.33963 ], [ -7.529223, 53.337634 ], [ -7.53458, 53.330889 ], [ -7.525929, 53.324964 ], [ -7.528033, 53.321663 ], [ -7.537021, 53.327085 ], [ -7.542295, 53.338441 ], [ -7.556894, 53.348432 ], [ -7.562612, 53.347358 ], [ -7.565916, 53.351867 ], [ -7.563475, 53.353764 ], [ -7.56816, 53.366114 ], [ -7.566233, 53.379512 ], [ -7.574986, 53.380982 ], [ -7.581896, 53.387069 ], [ -7.580162, 53.390276 ], [ -7.584749, 53.396081 ], [ -7.605038, 53.400561 ], [ -7.606745, 53.41147 ], [ -7.613081, 53.411311 ], [ -7.624692, 53.418075 ], [ -7.627813, 53.413443 ], [ -7.645356, 53.410979 ], [ -7.648613, 53.404885 ], [ -7.663584, 53.409767 ], [ -7.66563, 53.401183 ], [ -7.679613, 53.402436 ], [ -7.675547, 53.399028 ], [ -7.679895, 53.394113 ], [ -7.695658, 53.391087 ], [ -7.691459, 53.389645 ], [ -7.696204, 53.38124 ], [ -7.70225, 53.382951 ], [ -7.709328, 53.380269 ], [ -7.715132, 53.369837 ], [ -7.703813, 53.366375 ], [ -7.717286, 53.360057 ], [ -7.772144, 53.347005 ], [ -7.794348, 53.35317 ], [ -7.804517, 53.350412 ], [ -7.81835, 53.356338 ], [ -7.825376, 53.355765 ], [ -7.844882, 53.349703 ], [ -7.840332, 53.347855 ], [ -7.846628, 53.341147 ], [ -7.854571, 53.347076 ], [ -7.882737, 53.348989 ], [ -7.906064, 53.362434 ], [ -7.923448, 53.363189 ], [ -7.910313, 53.371383 ], [ -7.923172, 53.388032 ], [ -7.923782, 53.394448 ], [ -7.940951, 53.404153 ], [ -7.943713, 53.410525 ], [ -7.940499, 53.412413 ], [ -7.972953, 53.422276 ], [ -7.952514, 53.431444 ], [ -7.958603, 53.435673 ], [ -7.959747, 53.442489 ], [ -7.966832, 53.449711 ], [ -7.955046, 53.48147 ], [ -7.96979, 53.521731 ], [ -7.939137, 53.527771 ], [ -7.921726, 53.542534 ], [ -7.914721, 53.5446 ], [ -7.893897, 53.542979 ], [ -7.857757, 53.549161 ], [ -7.836296, 53.538925 ], [ -7.820568, 53.544875 ], [ -7.795703, 53.536492 ], [ -7.785148, 53.538624 ], [ -7.759851, 53.535308 ], [ -7.745879, 53.526906 ], [ -7.735613, 53.529478 ], [ -7.722172, 53.527647 ], [ -7.719972, 53.535271 ], [ -7.705394, 53.538507 ], [ -7.682888, 53.534646 ], [ -7.674472, 53.529192 ], [ -7.662547, 53.533073 ], [ -7.657131, 53.541153 ], [ -7.656604, 53.551576 ], [ -7.660962, 53.558575 ], [ -7.649768, 53.562678 ], [ -7.630464, 53.579121 ], [ -7.631079, 53.587085 ], [ -7.627954, 53.591003 ], [ -7.619187, 53.589271 ], [ -7.603838, 53.595489 ], [ -7.601118, 53.59856 ], [ -7.608575, 53.605991 ], [ -7.605037, 53.609908 ], [ -7.589091, 53.614469 ], [ -7.576868, 53.610822 ], [ -7.559893, 53.613548 ], [ -7.569767, 53.622302 ], [ -7.569058, 53.627315 ], [ -7.564892, 53.629345 ], [ -7.570484, 53.635668 ], [ -7.606108, 53.648475 ], [ -7.615, 53.648817 ], [ -7.611524, 53.659685 ], [ -7.592483, 53.65705 ], [ -7.569109, 53.646456 ], [ -7.564689, 53.651873 ], [ -7.573798, 53.656252 ], [ -7.575317, 53.660098 ], [ -7.571204, 53.661614 ], [ -7.568323, 53.671301 ], [ -7.548603, 53.669352 ], [ -7.541938, 53.672035 ], [ -7.546292, 53.675622 ], [ -7.528599, 53.67439 ], [ -7.534947, 53.68507 ], [ -7.526398, 53.68988 ], [ -7.528264, 53.700052 ], [ -7.517622, 53.695489 ], [ -7.509487, 53.698883 ], [ -7.516992, 53.704973 ], [ -7.515869, 53.708509 ], [ -7.492686, 53.699452 ], [ -7.485535, 53.702187 ], [ -7.483232, 53.709523 ], [ -7.477081, 53.707723 ], [ -7.47342, 53.714783 ], [ -7.466381, 53.711895 ], [ -7.458737, 53.720409 ], [ -7.458698, 53.729754 ], [ -7.447503, 53.729035 ], [ -7.445001, 53.732139 ], [ -7.437981, 53.730876 ], [ -7.429609, 53.734932 ], [ -7.416394, 53.723959 ], [ -7.406434, 53.725904 ], [ -7.404366, 53.733613 ], [ -7.393634, 53.732328 ], [ -7.38575, 53.735141 ], [ -7.383779, 53.750898 ], [ -7.374921, 53.755561 ], [ -7.37574, 53.758327 ], [ -7.380233, 53.758375 ], [ -7.37721, 53.763478 ], [ -7.383218, 53.764223 ], [ -7.3847, 53.771248 ], [ -7.400527, 53.770461 ], [ -7.409969, 53.77905 ], [ -7.397834, 53.778816 ], [ -7.38279, 53.785296 ], [ -7.378302, 53.784427 ], [ -7.343664, 53.799053 ], [ -7.341869, 53.7925 ] ] ] } },
{ "type": "Feature", "properties": { "local_authority": "Wexford" }, "geometry": { "type": "MultiPolygon", "coordinates": [ [ [ [ -6.606088, 52.118783 ], [ -6.618267, 52.11361 ], [ -6.619876, 52.10984 ], [ -6.625164, 52.110541 ], [ -6.62152, 52.118308 ], [ -6.604293, 52.122339 ], [ -6.606088, 52.118783 ] ] ], [ [ [ -6.585057, 52.132552 ], [ -6.591215, 52.135374 ], [ -6.581605, 52.142052 ], [ -6.585057, 52.132552 ] ] ], [ [ [ -6.74094, 52.196219 ], [ -6.739885, 52.195837 ], [ -6.74083, 52.19583 ], [ -6.74094, 52.196219 ] ] ], [ [ [ -6.736246, 52.19795 ], [ -6.735012, 52.198793 ], [ -6.734763, 52.197598 ], [ -6.736246, 52.19795 ] ] ], [ [ [ -6.639609, 52.205573 ], [ -6.640978, 52.207138 ], [ -6.639256, 52.206502 ], [ -6.639609, 52.205573 ] ] ], [ [ [ -6.406733, 52.29618 ], [ -6.403226, 52.296087 ], [ -6.406882, 52.29614 ], [ -6.406733, 52.29618 ] ] ], [ [ [ -6.451449, 52.33748 ], [ -6.454308, 52.3387 ], [ -6.446973, 52.336536 ], [ -6.451449, 52.33748 ] ] ], [ [ [ -6.832345, 52.191956 ], [ -6.83261, 52.191334 ], [ -6.837528, 52.19181 ], [ -6.833034, 52.190804 ], [ -6.836409, 52.190283 ], [ -6.838421, 52.189263 ], [ -6.830018, 52.189531 ], [ -6.822679, 52.193037 ], [ -6.819687, 52.191767 ], [ -6.831656, 52.183345 ], [ -6.830184, 52.176051 ], [ -6.824375, 52.175372 ], [ -6.83079, 52.172125 ], [ -6.834767, 52.175097 ], [ -6.843255, 52.174802 ], [ -6.855504, 52.167225 ], [ -6.882048, 52.161521 ], [ -6.889249, 52.155183 ], [ -6.88858, 52.152027 ], [ -6.903278, 52.146156 ], [ -6.901828, 52.143586 ], [ -6.910743, 52.134428 ], [ -6.908214, 52.13091 ], [ -6.931409, 52.12337 ], [ -6.930143, 52.129969 ], [ -6.934699, 52.1304 ], [ -6.930831, 52.135143 ], [ -6.899351, 52.158246 ], [ -6.900422, 52.169857 ], [ -6.897651, 52.173817 ], [ -6.913016, 52.191213 ], [ -6.902501, 52.195871 ], [ -6.903667, 52.200616 ], [ -6.919161, 52.211794 ], [ -6.920247, 52.218801 ], [ -6.938067, 52.220345 ], [ -6.934877, 52.222652 ], [ -6.936311, 52.226959 ], [ -6.953952, 52.240022 ], [ -6.952455, 52.242257 ], [ -6.965715, 52.240506 ], [ -6.987691, 52.25003 ], [ -6.992134, 52.257011 ], [ -6.984263, 52.265144 ], [ -6.984867, 52.271638 ], [ -7.000173, 52.275698 ], [ -7.018212, 52.296145 ], [ -7.006248, 52.306164 ], [ -7.003661, 52.312745 ], [ -6.986517, 52.321363 ], [ -6.993577, 52.330622 ], [ -6.997103, 52.348439 ], [ -6.991534, 52.364359 ], [ -6.984405, 52.368372 ], [ -6.965038, 52.368397 ], [ -6.965233, 52.378159 ], [ -6.953722, 52.390313 ], [ -6.956872, 52.391885 ], [ -6.955667, 52.398914 ], [ -6.941297, 52.402489 ], [ -6.941833, 52.412213 ], [ -6.956716, 52.416077 ], [ -6.961284, 52.421714 ], [ -6.950161, 52.425662 ], [ -6.926151, 52.420335 ], [ -6.925396, 52.424783 ], [ -6.915028, 52.429826 ], [ -6.927288, 52.442592 ], [ -6.92339, 52.451199 ], [ -6.925149, 52.455984 ], [ -6.914668, 52.46092 ], [ -6.917164, 52.463602 ], [ -6.903134, 52.4671 ], [ -6.883655, 52.466224 ], [ -6.865452, 52.476085 ], [ -6.853816, 52.497946 ], [ -6.832832, 52.516709 ], [ -6.836799, 52.530301 ], [ -6.806821, 52.547772 ], [ -6.806334, 52.561434 ], [ -6.800998, 52.565516 ], [ -6.7901, 52.562514 ], [ -6.778415, 52.578288 ], [ -6.782514, 52.597457 ], [ -6.775669, 52.616134 ], [ -6.780324, 52.618145 ], [ -6.770872, 52.625778 ], [ -6.75135, 52.637171 ], [ -6.729879, 52.642775 ], [ -6.691458, 52.635912 ], [ -6.676284, 52.637867 ], [ -6.665086, 52.646596 ], [ -6.664116, 52.652789 ], [ -6.650778, 52.656221 ], [ -6.654439, 52.658621 ], [ -6.652692, 52.663691 ], [ -6.656871, 52.667093 ], [ -6.670774, 52.663797 ], [ -6.679726, 52.668477 ], [ -6.675034, 52.677885 ], [ -6.664243, 52.68645 ], [ -6.646055, 52.68841 ], [ -6.640742, 52.696739 ], [ -6.633644, 52.69852 ], [ -6.633104, 52.704629 ], [ -6.617552, 52.709734 ], [ -6.61456, 52.713926 ], [ -6.598985, 52.710334 ], [ -6.597376, 52.701788 ], [ -6.587162, 52.700702 ], [ -6.574298, 52.704734 ], [ -6.574664, 52.701673 ], [ -6.570443, 52.700952 ], [ -6.5708, 52.685459 ], [ -6.565642, 52.681961 ], [ -6.558592, 52.685072 ], [ -6.520024, 52.684792 ], [ -6.505672, 52.689512 ], [ -6.503935, 52.694394 ], [ -6.497419, 52.690341 ], [ -6.488757, 52.697604 ], [ -6.48864, 52.701606 ], [ -6.482644, 52.70193 ], [ -6.471725, 52.709969 ], [ -6.473121, 52.714734 ], [ -6.448024, 52.726218 ], [ -6.43852, 52.732749 ], [ -6.438358, 52.73591 ], [ -6.432693, 52.735109 ], [ -6.43236, 52.754687 ], [ -6.417003, 52.755427 ], [ -6.41751, 52.761825 ], [ -6.413716, 52.767937 ], [ -6.415853, 52.776161 ], [ -6.395727, 52.788607 ], [ -6.388029, 52.784753 ], [ -6.368556, 52.795296 ], [ -6.352853, 52.79613 ], [ -6.349064, 52.790758 ], [ -6.339624, 52.790202 ], [ -6.334306, 52.796196 ], [ -6.317559, 52.797471 ], [ -6.302463, 52.783859 ], [ -6.291861, 52.781903 ], [ -6.274388, 52.791558 ], [ -6.25577, 52.794435 ], [ -6.252948, 52.793625 ], [ -6.252264, 52.786594 ], [ -6.242861, 52.778365 ], [ -6.229413, 52.779468 ], [ -6.21973, 52.772266 ], [ -6.213443, 52.777478 ], [ -6.197767, 52.767995 ], [ -6.184013, 52.76926 ], [ -6.167982, 52.766249 ], [ -6.175896, 52.755493 ], [ -6.168312, 52.749146 ], [ -6.176979, 52.750664 ], [ -6.183593, 52.748077 ], [ -6.165231, 52.745175 ], [ -6.163473, 52.740589 ], [ -6.155953, 52.737965 ], [ -6.141431, 52.736601 ], [ -6.14147, 52.732882 ], [ -6.157235, 52.724488 ], [ -6.159432, 52.715278 ], [ -6.18786, 52.698385 ], [ -6.226428, 52.646054 ], [ -6.223772, 52.642869 ], [ -6.229068, 52.62423 ], [ -6.209284, 52.601993 ], [ -6.212943, 52.590172 ], [ -6.203077, 52.581391 ], [ -6.202992, 52.569425 ], [ -6.193373, 52.563353 ], [ -6.21439, 52.531533 ], [ -6.236328, 52.515678 ], [ -6.252552, 52.497097 ], [ -6.293833, 52.464792 ], [ -6.321587, 52.43485 ], [ -6.34947, 52.413093 ], [ -6.35946, 52.395627 ], [ -6.363229, 52.382215 ], [ -6.363205, 52.364312 ], [ -6.357425, 52.344883 ], [ -6.369652, 52.343536 ], [ -6.377404, 52.35215 ], [ -6.385309, 52.355456 ], [ -6.43552, 52.356146 ], [ -6.443397, 52.353554 ], [ -6.453528, 52.34402 ], [ -6.454308, 52.3387 ], [ -6.456501, 52.348173 ], [ -6.468489, 52.348914 ], [ -6.470241, 52.353826 ], [ -6.467789, 52.358086 ], [ -6.471582, 52.366717 ], [ -6.466791, 52.371234 ], [ -6.459573, 52.373046 ], [ -6.456056, 52.376711 ], [ -6.461018, 52.377823 ], [ -6.45873, 52.37933 ], [ -6.460104, 52.380443 ], [ -6.461805, 52.380017 ], [ -6.460385, 52.381406 ], [ -6.462355, 52.38212 ], [ -6.459951, 52.382559 ], [ -6.459571, 52.383089 ], [ -6.461176, 52.383211 ], [ -6.460049, 52.383683 ], [ -6.460225, 52.384898 ], [ -6.461657, 52.385258 ], [ -6.461314, 52.383201 ], [ -6.459769, 52.382947 ], [ -6.462534, 52.382134 ], [ -6.46202, 52.379987 ], [ -6.45952, 52.379499 ], [ -6.461629, 52.377646 ], [ -6.459364, 52.376282 ], [ -6.461455, 52.373926 ], [ -6.466942, 52.378706 ], [ -6.477822, 52.373076 ], [ -6.485182, 52.373466 ], [ -6.483852, 52.365406 ], [ -6.499722, 52.359883 ], [ -6.511406, 52.350844 ], [ -6.493911, 52.354381 ], [ -6.476259, 52.352257 ], [ -6.478054, 52.348571 ], [ -6.463156, 52.343432 ], [ -6.4474, 52.330243 ], [ -6.44702, 52.307809 ], [ -6.428045, 52.306334 ], [ -6.412689, 52.299432 ], [ -6.407399, 52.296163 ], [ -6.413187, 52.297111 ], [ -6.415784, 52.292833 ], [ -6.412959, 52.297635 ], [ -6.414862, 52.299094 ], [ -6.416897, 52.292698 ], [ -6.409437, 52.288328 ], [ -6.399943, 52.28824 ], [ -6.397695, 52.302817 ], [ -6.387566, 52.309594 ], [ -6.390605, 52.296124 ], [ -6.389028, 52.281143 ], [ -6.373134, 52.256741 ], [ -6.363677, 52.251407 ], [ -6.338762, 52.252737 ], [ -6.338649, 52.255343 ], [ -6.334712, 52.254871 ], [ -6.337957, 52.257231 ], [ -6.334703, 52.255531 ], [ -6.328688, 52.247513 ], [ -6.313622, 52.240944 ], [ -6.323103, 52.234035 ], [ -6.325721, 52.22493 ], [ -6.343505, 52.2127 ], [ -6.351055, 52.200336 ], [ -6.347123, 52.198676 ], [ -6.348401, 52.192538 ], [ -6.344962, 52.189849 ], [ -6.357965, 52.183447 ], [ -6.360124, 52.174448 ], [ -6.387575, 52.177511 ], [ -6.423004, 52.188031 ], [ -6.476557, 52.191119 ], [ -6.542013, 52.184845 ], [ -6.595775, 52.170251 ], [ -6.593851, 52.173629 ], [ -6.598675, 52.179319 ], [ -6.625605, 52.194267 ], [ -6.680848, 52.212178 ], [ -6.714618, 52.216417 ], [ -6.684325, 52.21665 ], [ -6.657095, 52.21077 ], [ -6.645661, 52.204768 ], [ -6.630707, 52.203066 ], [ -6.62932, 52.205897 ], [ -6.647912, 52.209043 ], [ -6.650582, 52.217179 ], [ -6.648092, 52.218941 ], [ -6.652306, 52.225058 ], [ -6.65685, 52.227919 ], [ -6.6516, 52.222513 ], [ -6.656664, 52.215509 ], [ -6.651133, 52.213663 ], [ -6.67729, 52.215683 ], [ -6.681618, 52.21885 ], [ -6.706547, 52.218996 ], [ -6.740575, 52.211803 ], [ -6.755155, 52.21377 ], [ -6.76725, 52.206871 ], [ -6.785362, 52.204301 ], [ -6.804714, 52.211693 ], [ -6.808216, 52.218252 ], [ -6.805791, 52.220297 ], [ -6.796933, 52.224099 ], [ -6.798675, 52.216414 ], [ -6.788823, 52.214738 ], [ -6.786804, 52.229028 ], [ -6.753587, 52.247597 ], [ -6.761487, 52.26395 ], [ -6.757996, 52.26625 ], [ -6.755955, 52.265864 ], [ -6.755116, 52.264434 ], [ -6.753836, 52.264306 ], [ -6.751547, 52.267787 ], [ -6.754043, 52.264523 ], [ -6.755678, 52.266176 ], [ -6.75788, 52.266997 ], [ -6.773038, 52.267456 ], [ -6.760779, 52.266008 ], [ -6.764038, 52.264371 ], [ -6.761889, 52.261863 ], [ -6.765701, 52.259036 ], [ -6.762083, 52.256207 ], [ -6.765829, 52.251872 ], [ -6.776768, 52.244854 ], [ -6.78831, 52.2422 ], [ -6.802058, 52.24509 ], [ -6.796579, 52.240771 ], [ -6.795044, 52.242905 ], [ -6.796673, 52.240162 ], [ -6.812105, 52.230943 ], [ -6.830814, 52.226894 ], [ -6.82888, 52.222962 ], [ -6.83967, 52.212139 ], [ -6.852182, 52.206678 ], [ -6.829758, 52.21427 ], [ -6.823508, 52.214837 ], [ -6.819221, 52.210289 ], [ -6.815339, 52.213244 ], [ -6.817089, 52.215033 ], [ -6.812227, 52.214655 ], [ -6.827198, 52.201446 ], [ -6.830692, 52.193664 ], [ -6.828781, 52.190916 ], [ -6.832345, 52.191956 ] ], [ [ -6.830386, 52.191455 ], [ -6.830986, 52.191933 ], [ -6.831087, 52.191932 ], [ -6.830386, 52.191455 ] ] ] ] } },
{ "type": "Feature", "properties": { "local_authority": "Wicklow" }, "geometry": { "type": "Polygon", "coordinates": [ [ [ -6.461579, 53.225499 ], [ -6.451129, 53.231695 ], [ -6.419756, 53.23131 ], [ -6.412571, 53.217761 ], [ -6.405734, 53.217103 ], [ -6.402638, 53.2135 ], [ -6.402825, 53.208196 ], [ -6.39476, 53.213068 ], [ -6.375848, 53.216059 ], [ -6.368355, 53.213804 ], [ -6.374631, 53.19245 ], [ -6.347283, 53.180958 ], [ -6.331986, 53.17821 ], [ -6.31212, 53.194529 ], [ -6.307647, 53.214471 ], [ -6.310821, 53.222223 ], [ -6.304664, 53.22456 ], [ -6.29214, 53.222818 ], [ -6.27599, 53.211119 ], [ -6.259337, 53.205116 ], [ -6.239546, 53.202174 ], [ -6.227262, 53.205271 ], [ -6.222844, 53.211515 ], [ -6.211014, 53.210298 ], [ -6.20737, 53.216083 ], [ -6.182315, 53.220867 ], [ -6.173265, 53.209247 ], [ -6.162149, 53.202807 ], [ -6.147399, 53.203442 ], [ -6.136942, 53.199135 ], [ -6.131362, 53.198885 ], [ -6.128609, 53.203936 ], [ -6.125176, 53.204057 ], [ -6.126228, 53.207501 ], [ -6.119683, 53.207994 ], [ -6.119156, 53.210508 ], [ -6.114243, 53.20798 ], [ -6.102773, 53.210773 ], [ -6.099213, 53.20943 ], [ -6.103387, 53.208836 ], [ -6.109609, 53.205495 ], [ -6.098722, 53.209367 ], [ -6.100543, 53.207566 ], [ -6.094081, 53.198175 ], [ -6.07601, 53.188399 ], [ -6.071894, 53.17548 ], [ -6.076258, 53.171249 ], [ -6.076296, 53.164302 ], [ -6.07031, 53.154415 ], [ -6.059942, 53.147991 ], [ -6.042058, 53.120189 ], [ -6.037387, 53.092694 ], [ -6.034465, 53.069045 ], [ -6.047535, 53.033319 ], [ -6.049507, 53.018982 ], [ -6.046826, 52.991249 ], [ -6.040562, 52.983124 ], [ -6.034582, 52.981372 ], [ -6.041547, 52.98099 ], [ -6.033453, 52.98061 ], [ -6.034341, 52.983362 ], [ -6.022063, 52.976753 ], [ -6.02121, 52.973044 ], [ -6.007486, 52.972648 ], [ -5.998061, 52.96542 ], [ -6.008872, 52.95334 ], [ -6.015281, 52.95208 ], [ -6.014107, 52.947597 ], [ -6.017075, 52.944924 ], [ -6.014418, 52.941587 ], [ -6.016994, 52.934733 ], [ -6.022837, 52.93042 ], [ -6.020918, 52.925371 ], [ -6.037444, 52.915933 ], [ -6.040683, 52.906452 ], [ -6.036441, 52.902879 ], [ -6.03891, 52.897816 ], [ -6.043929, 52.898751 ], [ -6.047751, 52.897865 ], [ -6.047928, 52.896787 ], [ -6.047189, 52.89626 ], [ -6.049955, 52.895971 ], [ -6.046958, 52.896257 ], [ -6.047559, 52.897887 ], [ -6.043159, 52.898423 ], [ -6.060505, 52.877866 ], [ -6.064515, 52.865433 ], [ -6.056946, 52.8586 ], [ -6.09687, 52.842045 ], [ -6.102, 52.842562 ], [ -6.099778, 52.841059 ], [ -6.109974, 52.834195 ], [ -6.120298, 52.815688 ], [ -6.140684, 52.801168 ], [ -6.142406, 52.795924 ], [ -6.136732, 52.793518 ], [ -6.146064, 52.781796 ], [ -6.140809, 52.778606 ], [ -6.141711, 52.77604 ], [ -6.136355, 52.777359 ], [ -6.144878, 52.772176 ], [ -6.146951, 52.76559 ], [ -6.144155, 52.759645 ], [ -6.137764, 52.757968 ], [ -6.147168, 52.74359 ], [ -6.144516, 52.737696 ], [ -6.155953, 52.737965 ], [ -6.163473, 52.740589 ], [ -6.165231, 52.745175 ], [ -6.183593, 52.748077 ], [ -6.176979, 52.750664 ], [ -6.168312, 52.749146 ], [ -6.175896, 52.755493 ], [ -6.167982, 52.766249 ], [ -6.184013, 52.76926 ], [ -6.197767, 52.767995 ], [ -6.213443, 52.777478 ], [ -6.21973, 52.772266 ], [ -6.229413, 52.779468 ], [ -6.242861, 52.778365 ], [ -6.252264, 52.786594 ], [ -6.252948, 52.793625 ], [ -6.25577, 52.794435 ], [ -6.274388, 52.791558 ], [ -6.291861, 52.781903 ], [ -6.302463, 52.783859 ], [ -6.317559, 52.797471 ], [ -6.334306, 52.796196 ], [ -6.339624, 52.790202 ], [ -6.349064, 52.790758 ], [ -6.352853, 52.79613 ], [ -6.368556, 52.795296 ], [ -6.388029, 52.784753 ], [ -6.395727, 52.788607 ], [ -6.415853, 52.776161 ], [ -6.413716, 52.767937 ], [ -6.41751, 52.761825 ], [ -6.417003, 52.755427 ], [ -6.43236, 52.754687 ], [ -6.432693, 52.735109 ], [ -6.438358, 52.73591 ], [ -6.43852, 52.732749 ], [ -6.448024, 52.726218 ], [ -6.473121, 52.714734 ], [ -6.471725, 52.709969 ], [ -6.482644, 52.70193 ], [ -6.48864, 52.701606 ], [ -6.488757, 52.697604 ], [ -6.497419, 52.690341 ], [ -6.503935, 52.694394 ], [ -6.505672, 52.689512 ], [ -6.520024, 52.684792 ], [ -6.558592, 52.685072 ], [ -6.565642, 52.681961 ], [ -6.5708, 52.685459 ], [ -6.570443, 52.700952 ], [ -6.574664, 52.701673 ], [ -6.574298, 52.704734 ], [ -6.587162, 52.700702 ], [ -6.597376, 52.701788 ], [ -6.598985, 52.710334 ], [ -6.61456, 52.713926 ], [ -6.62008, 52.708596 ], [ -6.618695, 52.713292 ], [ -6.631286, 52.729414 ], [ -6.654303, 52.746148 ], [ -6.645765, 52.751759 ], [ -6.65661, 52.768871 ], [ -6.667677, 52.770506 ], [ -6.677373, 52.779533 ], [ -6.69735, 52.772749 ], [ -6.70082, 52.777039 ], [ -6.712273, 52.778395 ], [ -6.702218, 52.787178 ], [ -6.704831, 52.794594 ], [ -6.696364, 52.796211 ], [ -6.697243, 52.802704 ], [ -6.702508, 52.805256 ], [ -6.695606, 52.811475 ], [ -6.672882, 52.816113 ], [ -6.667949, 52.821394 ], [ -6.673894, 52.828453 ], [ -6.673013, 52.83149 ], [ -6.663871, 52.831771 ], [ -6.664675, 52.836252 ], [ -6.654111, 52.834446 ], [ -6.646434, 52.828307 ], [ -6.63741, 52.829312 ], [ -6.624838, 52.822665 ], [ -6.627433, 52.81813 ], [ -6.614525, 52.807367 ], [ -6.606614, 52.81001 ], [ -6.587309, 52.803474 ], [ -6.584015, 52.80668 ], [ -6.572302, 52.801938 ], [ -6.560475, 52.811349 ], [ -6.564967, 52.814968 ], [ -6.548383, 52.820599 ], [ -6.51857, 52.819503 ], [ -6.528589, 52.826551 ], [ -6.52864, 52.831593 ], [ -6.522678, 52.837378 ], [ -6.525433, 52.849742 ], [ -6.52381, 52.859997 ], [ -6.529041, 52.864925 ], [ -6.509102, 52.867154 ], [ -6.504994, 52.877592 ], [ -6.527547, 52.890027 ], [ -6.537708, 52.889678 ], [ -6.543103, 52.882417 ], [ -6.543131, 52.877288 ], [ -6.549157, 52.874745 ], [ -6.564943, 52.881002 ], [ -6.586823, 52.879601 ], [ -6.587909, 52.894877 ], [ -6.59154, 52.897498 ], [ -6.607758, 52.900576 ], [ -6.610306, 52.897414 ], [ -6.635724, 52.903599 ], [ -6.642886, 52.901923 ], [ -6.646001, 52.896214 ], [ -6.656367, 52.907259 ], [ -6.672206, 52.910191 ], [ -6.676873, 52.905285 ], [ -6.685262, 52.903932 ], [ -6.693236, 52.905455 ], [ -6.692743, 52.909216 ], [ -6.711836, 52.917909 ], [ -6.721097, 52.914224 ], [ -6.737237, 52.915776 ], [ -6.730453, 52.926851 ], [ -6.73474, 52.929509 ], [ -6.733647, 52.932729 ], [ -6.740026, 52.935186 ], [ -6.736175, 52.938663 ], [ -6.739903, 52.945272 ], [ -6.770508, 52.966324 ], [ -6.779007, 52.978169 ], [ -6.787066, 52.976866 ], [ -6.791976, 52.986417 ], [ -6.788528, 52.988886 ], [ -6.792047, 52.992495 ], [ -6.787103, 52.999532 ], [ -6.76611, 53.008741 ], [ -6.776291, 53.013543 ], [ -6.773097, 53.017651 ], [ -6.777772, 53.018567 ], [ -6.764585, 53.026405 ], [ -6.755131, 53.02595 ], [ -6.737272, 53.040224 ], [ -6.731124, 53.047893 ], [ -6.729642, 53.059344 ], [ -6.733253, 53.065059 ], [ -6.707837, 53.07413 ], [ -6.69471, 53.073755 ], [ -6.683508, 53.07757 ], [ -6.681007, 53.081523 ], [ -6.666505, 53.082011 ], [ -6.662259, 53.088896 ], [ -6.629278, 53.092087 ], [ -6.624308, 53.104469 ], [ -6.610988, 53.101952 ], [ -6.610813, 53.105098 ], [ -6.595331, 53.108028 ], [ -6.599295, 53.112519 ], [ -6.59278, 53.113292 ], [ -6.594645, 53.117189 ], [ -6.590605, 53.119659 ], [ -6.583943, 53.119501 ], [ -6.579816, 53.124195 ], [ -6.571879, 53.123078 ], [ -6.575469, 53.127867 ], [ -6.565403, 53.132005 ], [ -6.576598, 53.135352 ], [ -6.574522, 53.140586 ], [ -6.578858, 53.146178 ], [ -6.562894, 53.156192 ], [ -6.549595, 53.153573 ], [ -6.552763, 53.160009 ], [ -6.540006, 53.167172 ], [ -6.561279, 53.177988 ], [ -6.556098, 53.185355 ], [ -6.538577, 53.190696 ], [ -6.51981, 53.186401 ], [ -6.500074, 53.202434 ], [ -6.49967, 53.204988 ], [ -6.51028, 53.210224 ], [ -6.508716, 53.214405 ], [ -6.497157, 53.222376 ], [ -6.492854, 53.221289 ], [ -6.475257, 53.23441 ], [ -6.461579, 53.225499 ] ] ] } }
]
}
